ts_utc,ts_ms,date_cn,symbol,venue,base,bid,ask,mid,spread_bp,bid_sz,ask_sz,last,usdt_vol_24h
2026-09-24T16:00:22.994Z,1790265622994,2026-09-25,RTSLAUSDT,spot,TSLA,376.46,376.49,376.475,0.7969,40.0,41.0,376.49,1552426.9067
2026-09-24T16:00:22.994Z,1790265622994,2026-09-25,TSLAUSDT,perp,TSLA,376.82,376.83,376.825,0.2654,37.9,13.64,376.8,19588194.4925
2026-09-24T16:00:22.994Z,1790265622994,2026-09-25,RNVDAUSDT,spot,NVDA,222.35,222.36,222.35500000000002,0.4497,163.0,140.0,222.34,13455361.1714
2026-09-24T16:00:22.994Z,1790265622994,2026-09-25,NVDAUSDT,perp,NVDA,222.5,222.51,222.505,0.4494,135.31,61.67,222.55,10125287.7991
2026-09-24T16:00:22.994Z,1790265622994,2026-09-25,RAAPLUSDT,spot,AAPL,336.53,336.57,336.54999999999995,1.1885,30.0,46.0,336.55,4448578.982
2026-09-24T16:00:22.994Z,1790265622994,2026-09-25,AAPLUSDT,perp,AAPL,336.8,336.81,336.805,0.2969,29.37,1.64,336.81,6310445.8042
2026-09-24T16:00:22.994Z,1790265622994,2026-09-25,RMETAUSDT,spot,META,766.38,766.96,766.6700000000001,7.5652,2.0,52.0,767.12,45973390.946
2026-09-24T16:00:22.994Z,1790265622994,2026-09-25,METAUSDT,perp,META,766.63,766.7,766.665,0.913,1.88,2.6,766.74,13870041.2349
2026-09-24T16:00:22.994Z,1790265622994,2026-09-25,RGOOGLUSDT,spot,GOOGL,339.08,339.14,339.11,1.7693,35.0,112.0,339.14,6598571.172
2026-09-24T16:00:22.994Z,1790265622994,2026-09-25,GOOGLUSDT,perp,GOOGL,339.49,339.55,339.52,1.7672,9.17,0.46,339.54,6778250.4335
2026-09-24T16:00:22.994Z,1790265622994,2026-09-25,RSPYUSDT,spot,SPY,763.96,763.98,763.97,0.2618,300.0,140.0,764.06,16500706.6172
2026-09-24T16:00:22.994Z,1790265622994,2026-09-25,SPYUSDT,perp,SPY,764.7,764.71,764.705,0.1308,381.66,0.38,764.8,3656242.8877
2026-09-24T16:00:22.994Z,1790265622994,2026-09-25,RQQQUSDT,spot,QQQ,735.6,735.64,735.62,0.5438,297.0,1035.0,735.72,7791802.8788
2026-09-24T16:00:22.994Z,1790265622994,2026-09-25,QQQUSDT,perp,QQQ,736.41,736.42,736.415,0.1358,78.53,1.97,736.47,5093869.8259
2026-09-24T16:00:22.994Z,1790265622994,2026-09-25,RSOXLUSDT,spot,SOXL,139.12,139.16,139.14,2.8748,150.0,54.0,139.12,10999314.0509
2026-09-24T16:00:22.994Z,1790265622994,2026-09-25,SOXLUSDT,perp,SOXL,139.28,139.29,139.285,0.718,84.43,10.33,139.29,136315560.0985
2026-09-24T16:00:22.994Z,1790265622994,2026-09-25,RHOODUSDT,spot,HOOD,120.27,120.3,120.285,2.4941,66.0,20.0,120.27,3145398.689
2026-09-24T16:00:22.994Z,1790265622994,2026-09-25,HOODUSDT,perp,HOOD,120.35,120.39,120.37,3.3231,299.21,5.89,120.4,7408585.5389
2026-09-24T16:00:22.994Z,1790265622994,2026-09-25,RMRVLUSDT,spot,MRVL,256.45,256.53,256.49,3.119,89.0,16.0,256.62,1015489.571
2026-09-24T16:00:22.994Z,1790265622994,2026-09-25,MRVLUSDT,perp,MRVL,256.69,256.71,256.7,0.7791,10.75,1.16,256.69,8955919.5676
2026-09-24T16:01:22.995Z,1790265682995,2026-09-25,RTSLAUSDT,spot,TSLA,376.18,376.24,376.21000000000004,1.5949,6.0,50.0,376.22,36577205.3837
2026-09-24T16:01:22.995Z,1790265682995,2026-09-25,TSLAUSDT,perp,TSLA,376.48,376.49,376.485,0.2656,32.37,0.28,376.51,19547938.8718
2026-09-24T16:01:22.995Z,1790265682995,2026-09-25,RNVDAUSDT,spot,NVDA,222.25,222.27,222.26,0.8998,125.0,140.0,222.29,55745236.1528
2026-09-24T16:01:22.995Z,1790265682995,2026-09-25,NVDAUSDT,perp,NVDA,222.52,222.53,222.525,0.4494,5.83,94.87,222.51,10129901.249
2026-09-24T16:01:22.995Z,1790265682995,2026-09-25,RAAPLUSDT,spot,AAPL,336.68,336.69,336.685,0.297,1000.0,100.0,336.75,13421997.7932
2026-09-24T16:01:22.995Z,1790265682995,2026-09-25,AAPLUSDT,perp,AAPL,337.01,337.02,337.015,0.2967,146.36,3.72,337.01,6310632.6756
2026-09-24T16:01:22.995Z,1790265682995,2026-09-25,RMETAUSDT,spot,META,766.45,766.68,766.565,3.0004,460.0,43.0,766.57,102709561.4923
2026-09-24T16:01:22.995Z,1790265682995,2026-09-25,METAUSDT,perp,META,766.62,766.82,766.72,2.6085,13.7,8.24,766.74,13869477.0892
2026-09-24T16:01:22.995Z,1790265682995,2026-09-25,RGOOGLUSDT,spot,GOOGL,339.16,339.21,339.185,1.4741,35.0,20.0,339.27,18171647.6911
2026-09-24T16:01:22.995Z,1790265682995,2026-09-25,GOOGLUSDT,perp,GOOGL,339.62,339.66,339.64,1.1777,29.23,6.65,339.7,6778601.2519
2026-09-24T16:01:22.995Z,1790265682995,2026-09-25,RSPYUSDT,spot,SPY,763.91,763.93,763.92,0.2618,290.0,40.0,763.88,68246832.877
2026-09-24T16:01:22.995Z,1790265682995,2026-09-25,SPYUSDT,perp,SPY,764.72,764.73,764.725,0.1308,116.84,0.4,764.65,3657779.7233
2026-09-24T16:01:22.995Z,1790265682995,2026-09-25,RQQQUSDT,spot,QQQ,735.63,735.65,735.64,0.2719,300.0,25.0,735.6,28597263.7183
2026-09-24T16:01:22.995Z,1790265682995,2026-09-25,QQQUSDT,perp,QQQ,736.31,736.32,736.315,0.1358,58.59,1.01,736.26,5096858.6631
2026-09-24T16:01:22.995Z,1790265682995,2026-09-25,RSOXLUSDT,spot,SOXL,138.9,138.93,138.91500000000002,2.1596,14.0,100.0,138.84,28299951.9212
2026-09-24T16:01:22.995Z,1790265682995,2026-09-25,SOXLUSDT,perp,SOXL,139.12,139.13,139.125,0.7188,7.31,1.87,139.12,136304099.5343
2026-09-24T16:01:22.995Z,1790265682995,2026-09-25,RHOODUSDT,spot,HOOD,120.22,120.3,120.25999999999999,6.6523,224.0,600.0,120.27,5314202.3533
2026-09-24T16:01:22.995Z,1790265682995,2026-09-25,HOODUSDT,perp,HOOD,120.42,120.44,120.43,1.6607,30.4,77.72,120.4,7372688.0494
2026-09-24T16:01:22.995Z,1790265682995,2026-09-25,RMRVLUSDT,spot,MRVL,256.16,256.4,256.28,9.3648,50.0,4.0,256.27,8907781.1439
2026-09-24T16:01:22.995Z,1790265682995,2026-09-25,MRVLUSDT,perp,MRVL,256.49,256.5,256.495,0.3899,16.66,93.58,256.52,8924507.5583
2026-09-24T16:02:23.010Z,1790265743010,2026-09-25,RTSLAUSDT,spot,TSLA,376.14,376.18,376.15999999999997,1.0634,80.0,141.0,376.16,47929192.8257
2026-09-24T16:02:23.010Z,1790265743010,2026-09-25,TSLAUSDT,perp,TSLA,376.53,376.54,376.53499999999997,0.2656,16.16,0.5,376.49,19499415.6992
2026-09-24T16:02:23.010Z,1790265743010,2026-09-25,RNVDAUSDT,spot,NVDA,222.27,222.3,222.28500000000003,1.3496,139.0,490.0,222.29,77221427.6562
2026-09-24T16:02:23.010Z,1790265743010,2026-09-25,NVDAUSDT,perp,NVDA,222.51,222.52,222.515,0.4494,6.2,4.64,222.52,10139334.5547
2026-09-24T16:02:23.010Z,1790265743010,2026-09-25,RAAPLUSDT,spot,AAPL,336.72,336.74,336.73,0.5939,29.0,162.0,336.74,34473154.6722
2026-09-24T16:02:23.010Z,1790265743010,2026-09-25,AAPLUSDT,perp,AAPL,337.02,337.03,337.025,0.2967,12.72,4.54,337.01,6312486.4679
2026-09-24T16:02:23.010Z,1790265743010,2026-09-25,RMETAUSDT,spot,META,766.76,767.15,766.9549999999999,5.085,53.0,2.0,766.79,159453781.679
2026-09-24T16:02:23.010Z,1790265743010,2026-09-25,METAUSDT,perp,META,767.21,767.33,767.27,1.564,0.15,4.05,767.21,13887043.2594
2026-09-24T16:02:23.010Z,1790265743010,2026-09-25,RGOOGLUSDT,spot,GOOGL,339.23,339.26,339.245,0.8843,40.0,45.0,339.25,25470108.8296
2026-09-24T16:02:23.010Z,1790265743010,2026-09-25,GOOGLUSDT,perp,GOOGL,339.7,339.73,339.71500000000003,0.8831,0.69,67.06,339.68,6764277.2877
2026-09-24T16:02:23.010Z,1790265743010,2026-09-25,RSPYUSDT,spot,SPY,763.91,763.93,763.92,0.2618,160.0,132.0,763.93,79561194.0959
2026-09-24T16:02:23.010Z,1790265743010,2026-09-25,SPYUSDT,perp,SPY,764.75,764.76,764.755,0.1308,99.1,32.81,764.76,3656756.6902
2026-09-24T16:02:23.010Z,1790265743010,2026-09-25,RQQQUSDT,spot,QQQ,735.55,735.57,735.56,0.2719,1.0,1299.0,735.54,45279184.515
2026-09-24T16:02:23.010Z,1790265743010,2026-09-25,QQQUSDT,perp,QQQ,736.31,736.32,736.315,0.1358,5.18,0.19,736.26,5099867.6826
2026-09-24T16:02:23.010Z,1790265743010,2026-09-25,RSOXLUSDT,spot,SOXL,138.97,139.0,138.985,2.1585,64.0,50.0,138.93,32946831.182
2026-09-24T16:02:23.010Z,1790265743010,2026-09-25,SOXLUSDT,perp,SOXL,139.15,139.17,139.16,1.4372,307.36,90.14,139.18,136611025.0881
2026-09-24T16:02:23.010Z,1790265743010,2026-09-25,RHOODUSDT,spot,HOOD,120.26,120.32,120.28999999999999,4.9879,80.0,307.0,120.29,7457421.5683
2026-09-24T16:02:23.010Z,1790265743010,2026-09-25,HOODUSDT,perp,HOOD,120.41,120.44,120.425,2.4912,30.4,30.4,120.42,7361323.496
2026-09-24T16:02:23.010Z,1790265743010,2026-09-25,RMRVLUSDT,spot,MRVL,256.25,256.38,256.315,5.0719,55.0,50.0,256.34,10735519.3939
2026-09-24T16:02:23.010Z,1790265743010,2026-09-25,MRVLUSDT,perp,MRVL,256.56,256.58,256.57,0.7795,1.04,47.03,256.61,8931168.0842
2026-09-24T16:03:23.024Z,1790265803024,2026-09-25,RTSLAUSDT,spot,TSLA,376.45,376.5,376.475,1.3281,17.0,80.0,376.46,67405851.5289
2026-09-24T16:03:23.024Z,1790265803024,2026-09-25,TSLAUSDT,perp,TSLA,376.7,376.72,376.71000000000004,0.5309,0.34,16.06,376.73,19581366.5101
2026-09-24T16:03:23.024Z,1790265803024,2026-09-25,RNVDAUSDT,spot,NVDA,222.31,222.32,222.315,0.4498,245.0,198.0,222.31,87819577.213
2026-09-24T16:03:23.024Z,1790265803024,2026-09-25,NVDAUSDT,perp,NVDA,222.57,222.58,222.575,0.4493,5.16,58.98,222.59,10144885.0469
2026-09-24T16:03:23.024Z,1790265803024,2026-09-25,RAAPLUSDT,spot,AAPL,336.68,336.69,336.685,0.297,2.0,2.0,336.64,57721376.3911
2026-09-24T16:03:23.024Z,1790265803024,2026-09-25,AAPLUSDT,perp,AAPL,336.95,336.96,336.955,0.2968,12.71,5.34,336.95,6323617.8552
2026-09-24T16:03:23.024Z,1790265803024,2026-09-25,RMETAUSDT,spot,META,766.04,766.31,766.175,3.524,3.0,1.0,766.17,192552271.9264
2026-09-24T16:03:23.024Z,1790265803024,2026-09-25,METAUSDT,perp,META,766.71,766.81,766.76,1.3042,2.0,2.0,766.71,13893139.8516
2026-09-24T16:03:23.024Z,1790265803024,2026-09-25,GOOGLUSDT,perp,GOOGL,339.76,339.77,339.765,0.2943,36.23,70.59,339.74,6756368.8044
2026-09-24T16:03:23.024Z,1790265803024,2026-09-25,RSPYUSDT,spot,SPY,763.88,763.9,763.89,0.2618,140.0,90.0,763.88,88444215.0628
2026-09-24T16:03:23.024Z,1790265803024,2026-09-25,SPYUSDT,perp,SPY,764.7,764.71,764.705,0.1308,54.83,71.12,764.69,3657330.0301
2026-09-24T16:03:23.024Z,1790265803024,2026-09-25,RQQQUSDT,spot,QQQ,735.56,735.58,735.5699999999999,0.2719,180.0,359.0,735.52,60120445.4159
2026-09-24T16:03:23.024Z,1790265803024,2026-09-25,QQQUSDT,perp,QQQ,736.34,736.35,736.345,0.1358,5.34,3.65,736.23,5104108.8919
2026-09-24T16:03:23.024Z,1790265803024,2026-09-25,RSOXLUSDT,spot,SOXL,138.93,138.98,138.95499999999998,3.5983,210.0,14.0,138.96,43948359.483
2026-09-24T16:03:23.024Z,1790265803024,2026-09-25,SOXLUSDT,perp,SOXL,139.06,139.07,139.065,0.7191,0.05,6.52,139.07,136564678.4353
2026-09-24T16:03:23.024Z,1790265803024,2026-09-25,RHOODUSDT,spot,HOOD,120.13,120.19,120.16,4.9933,120.0,200.0,120.2,9067366.0083
2026-09-24T16:03:23.024Z,1790265803024,2026-09-25,HOODUSDT,perp,HOOD,120.29,120.33,120.31,3.3247,462.97,30.4,120.33,7364425.8943
2026-09-24T16:03:23.024Z,1790265803024,2026-09-25,RMRVLUSDT,spot,MRVL,256.16,256.29,256.225,5.0737,205.0,22.0,256.21,14712739.4211
2026-09-24T16:03:23.024Z,1790265803024,2026-09-25,MRVLUSDT,perp,MRVL,256.38,256.4,256.39,0.7801,0.84,17.18,256.4,8958226.2025
2026-09-24T16:04:23.039Z,1790265863039,2026-09-25,RTSLAUSDT,spot,TSLA,376.52,376.6,376.56,2.1245,74.0,20.0,376.58,92899408.9615
2026-09-24T16:04:23.039Z,1790265863039,2026-09-25,TSLAUSDT,perp,TSLA,376.8,376.81,376.805,0.2654,0.21,20.9,376.8,19594750.7906
2026-09-24T16:04:23.039Z,1790265863039,2026-09-25,RNVDAUSDT,spot,NVDA,222.31,222.32,222.315,0.4498,100.0,25.0,222.35,92998787.5738
2026-09-24T16:04:23.039Z,1790265863039,2026-09-25,NVDAUSDT,perp,NVDA,222.54,222.55,222.54500000000002,0.4493,6.1,62.69,222.55,10141268.5097
2026-09-24T16:04:23.039Z,1790265863039,2026-09-25,RAAPLUSDT,spot,AAPL,336.85,336.9,336.875,1.4842,45.0,91.0,336.7,64310030.0304
2026-09-24T16:04:23.039Z,1790265863039,2026-09-25,AAPLUSDT,perp,AAPL,337.32,337.33,337.325,0.2965,39.04,7.14,337.35,6327165.0525
2026-09-24T16:04:23.039Z,1790265863039,2026-09-25,RMETAUSDT,spot,META,766.2,766.5,766.35,3.9147,1.0,107.0,766.29,206144856.7637
2026-09-24T16:04:23.039Z,1790265863039,2026-09-25,METAUSDT,perp,META,766.55,766.67,766.6099999999999,1.5653,0.62,1.76,766.47,13900922.9623
2026-09-24T16:04:23.039Z,1790265863039,2026-09-25,RGOOGLUSDT,spot,GOOGL,339.41,339.46,339.435,1.473,35.0,83.0,339.44,41687037.9692
2026-09-24T16:04:23.039Z,1790265863039,2026-09-25,GOOGLUSDT,perp,GOOGL,339.95,339.98,339.96500000000003,0.8824,10.63,18.03,339.95,6757597.813
2026-09-24T16:04:23.039Z,1790265863039,2026-09-25,RSPYUSDT,spot,SPY,764.0,764.02,764.01,0.2618,350.0,140.0,763.95,97955920.7222
2026-09-24T16:04:23.039Z,1790265863039,2026-09-25,SPYUSDT,perp,SPY,764.84,764.85,764.845,0.1307,0.18,36.94,764.8,3657788.8051
2026-09-24T16:04:23.039Z,1790265863039,2026-09-25,RQQQUSDT,spot,QQQ,735.61,735.64,735.625,0.4078,315.0,615.0,735.6,71472480.0307
2026-09-24T16:04:23.039Z,1790265863039,2026-09-25,QQQUSDT,perp,QQQ,736.37,736.38,736.375,0.1358,71.97,10.37,736.23,5104086.6574
2026-09-24T16:04:23.039Z,1790265863039,2026-09-25,RSOXLUSDT,spot,SOXL,138.98,139.01,138.995,2.1584,114.0,100.0,139.02,45891855.6963
2026-09-24T16:04:23.039Z,1790265863039,2026-09-25,SOXLUSDT,perp,SOXL,139.17,139.18,139.175,0.7185,127.04,86.25,139.2,136493035.7669
2026-09-24T16:04:23.039Z,1790265863039,2026-09-25,RHOODUSDT,spot,HOOD,119.93,119.99,119.96000000000001,5.0017,100.0,100.0,119.97,15972113.1588
2026-09-24T16:04:23.039Z,1790265863039,2026-09-25,HOODUSDT,perp,HOOD,120.12,120.13,120.125,0.8325,44.04,30.4,120.16,7355591.9473
2026-09-24T16:04:23.039Z,1790265863039,2026-09-25,RMRVLUSDT,spot,MRVL,256.37,256.47,256.42,3.8999,7.0,5.0,256.44,16421884.2261
2026-09-24T16:04:23.039Z,1790265863039,2026-09-25,MRVLUSDT,perp,MRVL,256.61,256.62,256.615,0.3897,0.84,17.18,256.57,8957152.1372
2026-09-24T16:05:23.051Z,1790265923051,2026-09-25,RTSLAUSDT,spot,TSLA,376.41,376.5,376.45500000000004,2.3907,551.0,74.0,376.48,115863708.8559
2026-09-24T16:05:23.051Z,1790265923051,2026-09-25,TSLAUSDT,perp,TSLA,376.71,376.72,376.71500000000003,0.2655,31.86,15.78,376.69,19566824.7035
2026-09-24T16:05:23.051Z,1790265923051,2026-09-25,RNVDAUSDT,spot,NVDA,222.31,222.33,222.32,0.8996,76.0,346.0,222.29,101470474.8313
2026-09-24T16:05:23.051Z,1790265923051,2026-09-25,NVDAUSDT,perp,NVDA,222.58,222.59,222.585,0.4493,2.73,126.1,222.57,10136871.9724
2026-09-24T16:05:23.051Z,1790265923051,2026-09-25,RAAPLUSDT,spot,AAPL,336.95,336.99,336.97,1.187,90.0,100.0,337.0,113922693.89087744
2026-09-24T16:05:23.051Z,1790265923051,2026-09-25,AAPLUSDT,perp,AAPL,337.26,337.27,337.265,0.2965,94.34,1.41,337.25,6333615.7857
2026-09-24T16:05:23.051Z,1790265923051,2026-09-25,RMETAUSDT,spot,META,765.09,765.32,765.205,3.0057,10.0,64.0,765.32,238184514.575
2026-09-24T16:05:23.051Z,1790265923051,2026-09-25,METAUSDT,perp,META,765.02,765.09,765.0550000000001,0.915,2.38,1.76,764.92,13873280.2247
2026-09-24T16:05:23.051Z,1790265923051,2026-09-25,RGOOGLUSDT,spot,GOOGL,339.63,339.65,339.64,0.5889,2.0,42.0,339.69,60400907.274869494
2026-09-24T16:05:23.051Z,1790265923051,2026-09-25,GOOGLUSDT,perp,GOOGL,339.93,339.98,339.95500000000004,1.4708,8.83,0.18,340.04,6727988.1916
2026-09-24T16:05:23.051Z,1790265923051,2026-09-25,RSPYUSDT,spot,SPY,764.05,764.07,764.06,0.2618,332.0,169.0,764.12,137886462.02164942
2026-09-24T16:05:23.051Z,1790265923051,2026-09-25,SPYUSDT,perp,SPY,764.86,764.87,764.865,0.1307,4.38,32.97,764.94,3660006.7127
2026-09-24T16:05:23.051Z,1790265923051,2026-09-25,RQQQUSDT,spot,QQQ,735.65,735.68,735.665,0.4078,1055.0,419.0,735.69,81085778.512532
2026-09-24T16:05:23.051Z,1790265923051,2026-09-25,QQQUSDT,perp,QQQ,736.39,736.4,736.395,0.1358,192.53,2.69,736.23,5104064.4241
2026-09-24T16:05:23.051Z,1790265923051,2026-09-25,RSOXLUSDT,spot,SOXL,139.06,139.09,139.075,2.1571,14.0,40.0,139.08,48859157.8532
2026-09-24T16:05:23.051Z,1790265923051,2026-09-25,SOXLUSDT,perp,SOXL,139.29,139.3,139.29500000000002,0.7179,16.99,21.84,139.3,136482433.3566
2026-09-24T16:05:23.051Z,1790265923051,2026-09-25,RHOODUSDT,spot,HOOD,119.94,119.97,119.955,2.5009,184.0,210.0,119.95,21642929.191846162
2026-09-24T16:05:23.051Z,1790265923051,2026-09-25,HOODUSDT,perp,HOOD,120.13,120.15,120.14,1.6647,22.02,30.4,120.13,7355231.5112
2026-09-24T16:05:23.051Z,1790265923051,2026-09-25,RMRVLUSDT,spot,MRVL,256.15,256.43,256.28999999999996,10.9251,1047.0,40.0,256.29,17658892.9011
2026-09-24T16:05:23.051Z,1790265923051,2026-09-25,MRVLUSDT,perp,MRVL,256.44,256.46,256.45,0.7799,0.42,110.78,256.4,8955520.0229
2026-09-24T16:06:23.061Z,1790265983061,2026-09-25,RTSLAUSDT,spot,TSLA,376.52,376.6,376.56,2.1245,2.0,130.0,376.49,125646323.8065
2026-09-24T16:06:23.061Z,1790265983061,2026-09-25,TSLAUSDT,perp,TSLA,376.78,376.79,376.78499999999997,0.2654,0.37,172.45,376.74,19573664.1023
2026-09-24T16:06:23.061Z,1790265983061,2026-09-25,RNVDAUSDT,spot,NVDA,222.28,222.29,222.285,0.4499,121.0,40.0,222.31,107280789.6792
2026-09-24T16:06:23.061Z,1790265983061,2026-09-25,NVDAUSDT,perp,NVDA,222.54,222.55,222.54500000000002,0.4493,7.38,92.78,222.54,10141462.5365
2026-09-24T16:06:23.061Z,1790265983061,2026-09-25,RAAPLUSDT,spot,AAPL,336.98,337.03,337.005,1.4837,30.0,42.0,337.04,121712001.20957744
2026-09-24T16:06:23.061Z,1790265983061,2026-09-25,AAPLUSDT,perp,AAPL,337.29,337.3,337.295,0.2965,42.0,0.58,337.29,6330028.1946
2026-09-24T16:06:23.061Z,1790265983061,2026-09-25,RMETAUSDT,spot,META,764.93,765.1,765.015,2.2222,424.0,64.0,764.8,273869857.0614
2026-09-24T16:06:23.061Z,1790265983061,2026-09-25,METAUSDT,perp,META,765.88,766.03,765.9549999999999,1.9583,1.8,0.72,765.72,13863343.7301
2026-09-24T16:06:23.061Z,1790265983061,2026-09-25,RGOOGLUSDT,spot,GOOGL,339.39,339.42,339.405,0.8839,80.0,20.0,339.42,70431775.20376949
2026-09-24T16:06:23.061Z,1790265983061,2026-09-25,GOOGLUSDT,perp,GOOGL,339.86,339.91,339.885,1.4711,64.35,0.13,339.88,6727922.3695
2026-09-24T16:06:23.061Z,1790265983061,2026-09-25,RSPYUSDT,spot,SPY,763.97,763.98,763.975,0.1309,20.0,126.0,764.04,149976956.57124943
2026-09-24T16:06:23.061Z,1790265983061,2026-09-25,SPYUSDT,perp,SPY,764.78,764.79,764.785,0.1308,175.55,0.39,764.81,3662301.2716
2026-09-24T16:06:23.061Z,1790265983061,2026-09-25,RQQQUSDT,spot,QQQ,735.57,735.59,735.58,0.2719,275.0,195.0,735.55,99997068.328932
2026-09-24T16:06:23.061Z,1790265983061,2026-09-25,QQQUSDT,perp,QQQ,736.37,736.38,736.375,0.1358,5.06,1.47,736.23,5104042.1908
2026-09-24T16:06:23.061Z,1790265983061,2026-09-25,RSOXLUSDT,spot,SOXL,138.9,138.94,138.92000000000002,2.8794,13.0,44.0,138.92,52047079.1801
2026-09-24T16:06:23.061Z,1790265983061,2026-09-25,SOXLUSDT,perp,SOXL,138.98,138.99,138.985,0.7195,131.02,86.41,138.97,136487925.4881
2026-09-24T16:06:23.061Z,1790265983061,2026-09-25,RHOODUSDT,spot,HOOD,120.01,120.04,120.025,2.4995,8.0,556.0,120.03,24132308.429546162
2026-09-24T16:06:23.061Z,1790265983061,2026-09-25,HOODUSDT,perp,HOOD,120.18,120.19,120.185,0.8321,44.01,30.4,120.22,7354191.2394
2026-09-24T16:06:23.061Z,1790265983061,2026-09-25,RMRVLUSDT,spot,MRVL,256.0,256.16,256.08000000000004,6.248,452.0,68.0,256.01,21383570.411436997
2026-09-24T16:06:23.061Z,1790265983061,2026-09-25,MRVLUSDT,perp,MRVL,256.17,256.18,256.175,0.3904,0.21,17.18,256.17,8952214.7901
2026-09-24T16:07:23.061Z,1790266043061,2026-09-25,RTSLAUSDT,spot,TSLA,376.33,376.39,376.36,1.5942,131.0,57.0,376.4,138106507.8214
2026-09-24T16:07:23.061Z,1790266043061,2026-09-25,TSLAUSDT,perp,TSLA,376.55,376.58,376.565,0.7967,32.55,0.21,376.61,19554682.7414
2026-09-24T16:07:23.061Z,1790266043061,2026-09-25,RNVDAUSDT,spot,NVDA,222.27,222.29,222.28,0.8998,256.0,227.0,222.29,113928133.8942
2026-09-24T16:07:23.061Z,1790266043061,2026-09-25,NVDAUSDT,perp,NVDA,222.5,222.51,222.505,0.4494,31.4,65.13,222.52,10141739.5041
2026-09-24T16:07:23.061Z,1790266043061,2026-09-25,RAAPLUSDT,spot,AAPL,336.95,336.99,336.97,1.187,1.0,98.0,336.97,128666061.04947744
2026-09-24T16:07:23.061Z,1790266043061,2026-09-25,AAPLUSDT,perp,AAPL,337.21,337.22,337.21500000000003,0.2965,26.59,0.45,337.21,6326647.6859
2026-09-24T16:07:23.061Z,1790266043061,2026-09-25,RMETAUSDT,spot,META,765.07,765.45,765.26,4.9656,100.0,80.0,765.26,295417667.8376
2026-09-24T16:07:23.061Z,1790266043061,2026-09-25,METAUSDT,perp,META,765.56,765.66,765.6099999999999,1.3061,2.21,0.08,765.55,13870289.0345
2026-09-24T16:07:23.061Z,1790266043061,2026-09-25,RGOOGLUSDT,spot,GOOGL,339.28,339.34,339.30999999999995,1.7683,25.0,30.0,339.27,79336039.74956949
2026-09-24T16:07:23.061Z,1790266043061,2026-09-25,GOOGLUSDT,perp,GOOGL,339.78,339.83,339.80499999999995,1.4714,10.63,0.43,339.84,6718607.7467
2026-09-24T16:07:23.061Z,1790266043061,2026-09-25,RSPYUSDT,spot,SPY,763.78,763.8,763.79,0.2619,260.0,150.0,763.79,233668681.48894942
2026-09-24T16:07:23.061Z,1790266043061,2026-09-25,SPYUSDT,perp,SPY,764.58,764.59,764.585,0.1308,160.38,0.39,764.68,3662308.8745
2026-09-24T16:07:23.061Z,1790266043061,2026-09-25,RQQQUSDT,spot,QQQ,735.32,735.36,735.34,0.544,140.0,235.0,735.37,161303604.930232
2026-09-24T16:07:23.061Z,1790266043061,2026-09-25,QQQUSDT,perp,QQQ,736.09,736.1,736.095,0.1359,45.72,5.65,736.13,5101514.5977
2026-09-24T16:07:23.061Z,1790266043061,2026-09-25,RSOXLUSDT,spot,SOXL,138.74,138.78,138.76,2.8827,114.0,250.0,138.79,57935235.3469
2026-09-24T16:07:23.061Z,1790266043061,2026-09-25,SOXLUSDT,perp,SOXL,138.88,138.9,138.89,1.44,7.5,81.53,138.88,136511540.4028
2026-09-24T16:07:23.061Z,1790266043061,2026-09-25,RHOODUSDT,spot,HOOD,120.01,120.04,120.025,2.4995,308.0,562.0,120.02,25476545.251146164
2026-09-24T16:07:23.061Z,1790266043061,2026-09-25,HOODUSDT,perp,HOOD,120.12,120.14,120.13,1.6649,36.34,7.36,120.17,7354319.1265
2026-09-24T16:07:23.061Z,1790266043061,2026-09-25,RMRVLUSDT,spot,MRVL,255.91,256.07,255.99,6.2502,100.0,40.0,256.02,23300722.066437
2026-09-24T16:07:23.061Z,1790266043061,2026-09-25,MRVLUSDT,perp,MRVL,256.12,256.16,256.14,1.5616,26.49,18.65,256.09,8952590.5302
2026-09-24T16:08:23.067Z,1790266103067,2026-09-25,RTSLAUSDT,spot,TSLA,376.44,376.52,376.48,2.1249,22.0,120.0,376.5,148608299.9195
2026-09-24T16:08:23.067Z,1790266103067,2026-09-25,TSLAUSDT,perp,TSLA,376.68,376.69,376.685,0.2655,2.49,162.44,376.68,19559998.9111
2026-09-24T16:08:23.067Z,1790266103067,2026-09-25,RNVDAUSDT,spot,NVDA,222.29,222.3,222.29500000000002,0.4499,100.0,40.0,222.3,129175820.9597
2026-09-24T16:08:23.067Z,1790266103067,2026-09-25,NVDAUSDT,perp,NVDA,222.51,222.52,222.515,0.4494,6.44,93.71,222.53,10144437.6661
2026-09-24T16:08:23.067Z,1790266103067,2026-09-25,RAAPLUSDT,spot,AAPL,337.0,337.02,337.01,0.5935,105.0,45.0,337.03,136689371.32987744
2026-09-24T16:08:23.067Z,1790266103067,2026-09-25,AAPLUSDT,perp,AAPL,337.27,337.28,337.275,0.2965,62.96,0.3,337.39,6334233.5596
2026-09-24T16:08:23.067Z,1790266103067,2026-09-25,RMETAUSDT,spot,META,764.88,765.25,765.065,4.8362,13.0,81.0,765.11,324904642.4629
2026-09-24T16:08:23.067Z,1790266103067,2026-09-25,METAUSDT,perp,META,765.33,765.47,765.4000000000001,1.8291,1.87,1.87,765.18,13860960.8381
2026-09-24T16:08:23.067Z,1790266103067,2026-09-25,RGOOGLUSDT,spot,GOOGL,339.28,339.32,339.29999999999995,1.1789,19.0,65.0,339.31,90884965.2422695
2026-09-24T16:08:23.067Z,1790266103067,2026-09-25,GOOGLUSDT,perp,GOOGL,339.74,339.81,339.775,2.0602,49.2,0.28,339.82,6713351.1927
2026-09-24T16:08:23.067Z,1790266103067,2026-09-25,RSPYUSDT,spot,SPY,763.75,763.77,763.76,0.2619,340.0,2.0,763.76,289555688.7727494
2026-09-24T16:08:23.067Z,1790266103067,2026-09-25,SPYUSDT,perp,SPY,764.56,764.57,764.565,0.1308,155.86,0.01,764.68,3652858.3284
2026-09-24T16:08:23.067Z,1790266103067,2026-09-25,RQQQUSDT,spot,QQQ,735.31,735.35,735.3299999999999,0.544,355.0,295.0,735.31,169833379.79013202
2026-09-24T16:08:23.067Z,1790266103067,2026-09-25,QQQUSDT,perp,QQQ,736.11,736.12,736.115,0.1358,70.41,2.72,736.13,5101336.6847
2026-09-24T16:08:23.067Z,1790266103067,2026-09-25,RSOXLUSDT,spot,SOXL,138.75,138.81,138.78,4.3234,140.0,94.0,138.8,63979870.1179
2026-09-24T16:08:23.067Z,1790266103067,2026-09-25,SOXLUSDT,perp,SOXL,138.95,138.96,138.95499999999998,0.7197,15.51,11.49,138.99,136410229.2058
2026-09-24T16:08:23.067Z,1790266103067,2026-09-25,RHOODUSDT,spot,HOOD,119.99,120.04,120.015,4.1661,34.0,822.0,120.04,28095312.336146165
2026-09-24T16:08:23.067Z,1790266103067,2026-09-25,HOODUSDT,perp,HOOD,120.19,120.23,120.21000000000001,3.3275,89.24,31.7,120.2,7355024.2122
2026-09-24T16:08:23.067Z,1790266103067,2026-09-25,RMRVLUSDT,spot,MRVL,255.82,255.94,255.88,4.6897,5.0,1.0,255.95,25585310.453836996
2026-09-24T16:08:23.067Z,1790266103067,2026-09-25,MRVLUSDT,perp,MRVL,256.03,256.05,256.03999999999996,0.7811,26.84,1.47,256.0,8944473.1985
2026-09-24T16:09:23.071Z,1790266163071,2026-09-25,RTSLAUSDT,spot,TSLA,376.4,376.46,376.42999999999995,1.5939,24.0,88.0,376.47,152441984.4293
2026-09-24T16:09:23.071Z,1790266163071,2026-09-25,TSLAUSDT,perp,TSLA,376.59,376.61,376.6,0.5311,32.0,16.91,376.61,19572847.2815
2026-09-24T16:09:23.071Z,1790266163071,2026-09-25,RNVDAUSDT,spot,NVDA,222.25,222.26,222.255,0.4499,675.0,295.0,222.26,141196190.8164
2026-09-24T16:09:23.071Z,1790266163071,2026-09-25,NVDAUSDT,perp,NVDA,222.5,222.51,222.505,0.4494,0.5,62.92,222.5,10145214.6751
2026-09-24T16:09:23.071Z,1790266163071,2026-09-25,RAAPLUSDT,spot,AAPL,337.05,337.08,337.065,0.89,178.0,140.0,337.07,140494239.46157745
2026-09-24T16:09:23.071Z,1790266163071,2026-09-25,AAPLUSDT,perp,AAPL,337.35,337.36,337.355,0.2964,9.83,7.23,337.34,6316601.056
2026-09-24T16:09:23.071Z,1790266163071,2026-09-25,RMETAUSDT,spot,META,763.66,763.88,763.77,2.8804,4.0,80.0,764.0,376974649.9137
2026-09-24T16:09:23.071Z,1790266163071,2026-09-25,METAUSDT,perp,META,764.06,764.11,764.085,0.6544,2.26,0.48,764.07,13861953.1305
2026-09-24T16:09:23.071Z,1790266163071,2026-09-25,RGOOGLUSDT,spot,GOOGL,339.24,339.27,339.255,0.8843,13.0,65.0,339.27,98676529.23206949
2026-09-24T16:09:23.071Z,1790266163071,2026-09-25,GOOGLUSDT,perp,GOOGL,339.83,339.86,339.845,0.8828,8.83,6.89,339.86,6711978.8981
2026-09-24T16:09:23.071Z,1790266163071,2026-09-25,RSPYUSDT,spot,SPY,763.88,763.89,763.885,0.1309,190.0,90.0,763.85,297827426.2228494
2026-09-24T16:09:23.071Z,1790266163071,2026-09-25,SPYUSDT,perp,SPY,764.66,764.67,764.665,0.1308,153.64,0.39,764.59,3652604.4892
2026-09-24T16:09:23.071Z,1790266163071,2026-09-25,RQQQUSDT,spot,QQQ,735.33,735.35,735.34,0.272,902.0,3.0,735.37,177768549.020832
2026-09-24T16:09:23.071Z,1790266163071,2026-09-25,QQQUSDT,perp,QQQ,736.15,736.16,736.155,0.1358,33.83,0.05,736.17,5099574.1208
2026-09-24T16:09:23.071Z,1790266163071,2026-09-25,RSOXLUSDT,spot,SOXL,138.85,138.89,138.87,2.8804,24.0,50.0,138.89,66829756.7697
2026-09-24T16:09:23.071Z,1790266163071,2026-09-25,SOXLUSDT,perp,SOXL,139.06,139.07,139.065,0.7191,28.54,88.54,139.06,136339162.5497
2026-09-24T16:09:23.071Z,1790266163071,2026-09-25,RHOODUSDT,spot,HOOD,120.18,120.21,120.195,2.4959,1.0,100.0,120.2,30327638.89734616
2026-09-24T16:09:23.071Z,1790266163071,2026-09-25,HOODUSDT,perp,HOOD,120.28,120.31,120.295,2.4939,54.01,30.4,120.23,7352722.0013
2026-09-24T16:09:23.071Z,1790266163071,2026-09-25,RMRVLUSDT,spot,MRVL,255.58,255.66,255.62,3.1296,106.0,201.0,255.59,28207178.219536997
2026-09-24T16:09:23.071Z,1790266163071,2026-09-25,MRVLUSDT,perp,MRVL,255.79,255.84,255.815,1.9545,21.06,25.14,255.81,8942008.4845
2026-09-24T16:10:23.085Z,1790266223085,2026-09-25,RTSLAUSDT,spot,TSLA,376.32,376.36,376.34000000000003,1.0629,2.0,5.0,376.32,162722450.3246
2026-09-24T16:10:23.085Z,1790266223085,2026-09-25,TSLAUSDT,perp,TSLA,376.43,376.44,376.435,0.2657,15.05,16.26,376.47,19585650.0689
2026-09-24T16:10:23.085Z,1790266223085,2026-09-25,RNVDAUSDT,spot,NVDA,222.25,222.26,222.255,0.4499,181.0,215.0,222.26,149732742.192
2026-09-24T16:10:23.085Z,1790266223085,2026-09-25,NVDAUSDT,perp,NVDA,222.49,222.5,222.495,0.4494,6.88,61.9,222.5,10150003.7021
2026-09-24T16:10:23.085Z,1790266223085,2026-09-25,RAAPLUSDT,spot,AAPL,337.2,337.22,337.21000000000004,0.5931,10.0,24.0,337.21,146143165.16987744
2026-09-24T16:10:23.085Z,1790266223085,2026-09-25,AAPLUSDT,perp,AAPL,337.5,337.51,337.505,0.2963,18.69,1.55,337.5,6315010.8606
2026-09-24T16:10:23.085Z,1790266223085,2026-09-25,RMETAUSDT,spot,META,763.67,763.91,763.79,3.1422,41.0,153.0,763.73,403235912.6352
2026-09-24T16:10:23.085Z,1790266223085,2026-09-25,METAUSDT,perp,META,764.18,764.31,764.2449999999999,1.701,0.4,5.18,764.5,13857906.6025
2026-09-24T16:10:23.085Z,1790266223085,2026-09-25,RGOOGLUSDT,spot,GOOGL,339.55,339.61,339.58000000000004,1.7669,23.0,60.0,339.58,106907111.23466949
2026-09-24T16:10:23.085Z,1790266223085,2026-09-25,GOOGLUSDT,perp,GOOGL,340.04,340.1,340.07000000000005,1.7643,10.81,7.22,340.04,6707966.6099
2026-09-24T16:10:23.085Z,1790266223085,2026-09-25,RSPYUSDT,spot,SPY,763.99,764.0,763.995,0.1309,100.0,110.0,763.99,308756309.5133494
2026-09-24T16:10:23.085Z,1790266223085,2026-09-25,SPYUSDT,perp,SPY,764.82,764.83,764.825,0.1307,0.01,14.83,764.71,3652619.2088
2026-09-24T16:10:23.085Z,1790266223085,2026-09-25,RQQQUSDT,spot,QQQ,735.42,735.43,735.425,0.136,80.0,955.0,735.4,187334512.299432
2026-09-24T16:10:23.085Z,1790266223085,2026-09-25,QQQUSDT,perp,QQQ,736.15,736.16,736.155,0.1358,146.27,0.15,736.1,5100898.6498
2026-09-24T16:10:23.085Z,1790266223085,2026-09-25,RSOXLUSDT,spot,SOXL,138.9,138.93,138.91500000000002,2.1596,140.0,50.0,138.91,70036270.8965
2026-09-24T16:10:23.085Z,1790266223085,2026-09-25,SOXLUSDT,perp,SOXL,139.11,139.12,139.115,0.7188,64.88,8.68,139.12,136246752.2199
2026-09-24T16:10:23.085Z,1790266223085,2026-09-25,RHOODUSDT,spot,HOOD,120.08,120.13,120.10499999999999,4.163,248.0,210.0,120.13,32892350.799146164
2026-09-24T16:10:23.085Z,1790266223085,2026-09-25,HOODUSDT,perp,HOOD,120.21,120.24,120.225,2.4953,399.58,37.8,120.2,7355256.0239
2026-09-24T16:10:23.085Z,1790266223085,2026-09-25,RMRVLUSDT,spot,MRVL,255.51,255.62,255.565,4.3042,7.0,153.0,255.54,29686876.619536996
2026-09-24T16:10:23.085Z,1790266223085,2026-09-25,MRVLUSDT,perp,MRVL,255.66,255.67,255.665,0.3911,29.72,1.26,255.7,8945427.5488
2026-09-24T16:11:23.096Z,1790266283096,2026-09-25,RTSLAUSDT,spot,TSLA,376.1,376.12,376.11,0.5318,1623.0,80.0,376.16,172160978.1578
2026-09-24T16:11:23.096Z,1790266283096,2026-09-25,TSLAUSDT,perp,TSLA,376.31,376.33,376.32,0.5315,74.8,47.88,376.32,19586506.3338
2026-09-24T16:11:23.096Z,1790266283096,2026-09-25,RNVDAUSDT,spot,NVDA,222.09,222.11,222.10000000000002,0.9005,70.0,233.0,222.08,160403244.1304
2026-09-24T16:11:23.096Z,1790266283096,2026-09-25,NVDAUSDT,perp,NVDA,222.33,222.34,222.335,0.4498,29.55,0.26,222.32,10153444.474
2026-09-24T16:11:23.096Z,1790266283096,2026-09-25,RAAPLUSDT,spot,AAPL,337.27,337.3,337.28499999999997,0.8895,243.0,237.0,337.29,163533285.43627745
2026-09-24T16:11:23.096Z,1790266283096,2026-09-25,AAPLUSDT,perp,AAPL,337.58,337.59,337.585,0.2962,0.94,0.93,337.56,6306874.3104
2026-09-24T16:11:23.096Z,1790266283096,2026-09-25,RMETAUSDT,spot,META,761.85,762.05,761.95,2.6248,1117.0,40.0,762.16,451460142.8721
2026-09-24T16:11:23.096Z,1790266283096,2026-09-25,METAUSDT,perp,META,762.55,762.65,762.5999999999999,1.3113,2.23,2.25,762.73,13888657.2259
2026-09-24T16:11:23.096Z,1790266283096,2026-09-25,RGOOGLUSDT,spot,GOOGL,339.65,339.69,339.66999999999996,1.1776,25.0,40.0,339.69,114153035.08066949
2026-09-24T16:11:23.096Z,1790266283096,2026-09-25,GOOGLUSDT,perp,GOOGL,340.1,340.14,340.12,1.1761,8.83,17.52,340.14,6699854.7851
2026-09-24T16:11:23.096Z,1790266283096,2026-09-25,RSPYUSDT,spot,SPY,763.71,763.73,763.72,0.2619,110.0,470.0,763.72,317186895.68054944
2026-09-24T16:11:23.096Z,1790266283096,2026-09-25,SPYUSDT,perp,SPY,764.56,764.57,764.565,0.1308,152.48,0.4,764.71,3652619.2088
2026-09-24T16:11:23.096Z,1790266283096,2026-09-25,RQQQUSDT,spot,QQQ,735.05,735.08,735.065,0.4081,276.0,195.0,735.14,205519918.699132
2026-09-24T16:11:23.096Z,1790266283096,2026-09-25,QQQUSDT,perp,QQQ,735.84,735.85,735.845,0.1359,142.04,8.49,736.16,5100986.839
2026-09-24T16:11:23.096Z,1790266283096,2026-09-25,RSOXLUSDT,spot,SOXL,138.54,138.59,138.565,3.6084,220.0,194.0,138.58,81115094.0067
2026-09-24T16:11:23.096Z,1790266283096,2026-09-25,SOXLUSDT,perp,SOXL,138.81,138.82,138.815,0.7204,119.5,86.46,138.82,136201233.0351
2026-09-24T16:11:23.096Z,1790266283096,2026-09-25,RHOODUSDT,spot,HOOD,119.95,119.98,119.965,2.5007,678.0,210.0,119.95,34636587.654646166
2026-09-24T16:11:23.096Z,1790266283096,2026-09-25,HOODUSDT,perp,HOOD,120.06,120.07,120.065,0.8329,22.03,60.8,120.18,7356607.4255
2026-09-24T16:11:23.096Z,1790266283096,2026-09-25,RMRVLUSDT,spot,MRVL,255.21,255.42,255.315,8.2251,25.0,17.0,255.3,31940186.563337
2026-09-24T16:11:23.096Z,1790266283096,2026-09-25,MRVLUSDT,perp,MRVL,255.41,255.43,255.42000000000002,0.783,57.55,1.47,255.41,8924299.9818
2026-09-24T16:12:23.099Z,1790266343099,2026-09-25,RTSLAUSDT,spot,TSLA,375.85,375.9,375.875,1.3302,45.0,150.0,375.88,208991364.9653
2026-09-24T16:12:23.099Z,1790266343099,2026-09-25,TSLAUSDT,perp,TSLA,376.06,376.07,376.065,0.2659,14.52,16.07,376.08,19559024.3552
2026-09-24T16:12:23.099Z,1790266343099,2026-09-25,RNVDAUSDT,spot,NVDA,222.19,222.2,222.195,0.4501,40.0,163.0,222.2,170662038.678
2026-09-24T16:12:23.099Z,1790266343099,2026-09-25,NVDAUSDT,perp,NVDA,222.43,222.44,222.435,0.4496,15.58,89.2,222.41,10158480.8324
2026-09-24T16:12:23.099Z,1790266343099,2026-09-25,RAAPLUSDT,spot,AAPL,337.35,337.38,337.365,0.8892,1.0,36.0,337.38,188221872.16557744
2026-09-24T16:12:23.099Z,1790266343099,2026-09-25,AAPLUSDT,perp,AAPL,337.61,337.62,337.615,0.2962,69.54,1.08,337.67,6279428.4283
2026-09-24T16:12:23.099Z,1790266343099,2026-09-25,RMETAUSDT,spot,META,761.64,761.8,761.72,2.1005,80.0,20.0,761.76,486631717.8743
2026-09-24T16:12:23.099Z,1790266343099,2026-09-25,METAUSDT,perp,META,762.0,762.11,762.0550000000001,1.4435,2.22,0.02,762.05,13935643.1959
2026-09-24T16:12:23.099Z,1790266343099,2026-09-25,RGOOGLUSDT,spot,GOOGL,339.8,339.85,339.82500000000005,1.4713,35.0,25.0,339.85,123960172.69226949
2026-09-24T16:12:23.099Z,1790266343099,2026-09-25,GOOGLUSDT,perp,GOOGL,340.21,340.22,340.21500000000003,0.2939,8.82,0.09,340.14,6699390.9358
2026-09-24T16:12:23.099Z,1790266343099,2026-09-25,RSPYUSDT,spot,SPY,763.79,763.8,763.795,0.1309,1.0,230.0,763.8,324753915.45884943
2026-09-24T16:12:23.099Z,1790266343099,2026-09-25,SPYUSDT,perp,SPY,764.63,764.64,764.635,0.1308,95.27,46.7,764.61,3652671.1894
2026-09-24T16:12:23.099Z,1790266343099,2026-09-25,RQQQUSDT,spot,QQQ,735.18,735.21,735.1949999999999,0.4081,180.0,195.0,735.22,229384009.811532
2026-09-24T16:12:23.099Z,1790266343099,2026-09-25,QQQUSDT,perp,QQQ,735.9,735.91,735.905,0.1359,84.1,6.02,735.83,5121045.6322
2026-09-24T16:12:23.099Z,1790266343099,2026-09-25,RSOXLUSDT,spot,SOXL,138.84,138.88,138.86,2.8806,11.0,150.0,138.82,92399642.9262
2026-09-24T16:12:23.099Z,1790266343099,2026-09-25,SOXLUSDT,perp,SOXL,139.0,139.02,139.01,1.4387,1.69,189.79,139.0,136410582.1554
2026-09-24T16:12:23.099Z,1790266343099,2026-09-25,RHOODUSDT,spot,HOOD,120.03,120.06,120.045,2.4991,13.0,500.0,120.03,38213703.359646164
2026-09-24T16:12:23.099Z,1790266343099,2026-09-25,HOODUSDT,perp,HOOD,120.16,120.2,120.18,3.3283,5.45,30.4,120.13,7356302.5508
2026-09-24T16:12:23.099Z,1790266343099,2026-09-25,RMRVLUSDT,spot,MRVL,255.24,255.35,255.29500000000002,4.3087,350.0,1.0,255.42,38141829.210837
2026-09-24T16:12:23.099Z,1790266343099,2026-09-25,MRVLUSDT,perp,MRVL,255.5,255.51,255.505,0.3914,34.07,1.26,255.53,8962773.6065
2026-09-24T16:13:23.114Z,1790266403114,2026-09-25,RTSLAUSDT,spot,TSLA,375.75,375.83,375.78999999999996,2.1288,40.0,53.0,375.8,232045895.2875
2026-09-24T16:13:23.114Z,1790266403114,2026-09-25,TSLAUSDT,perp,TSLA,376.0,376.02,376.01,0.5319,14.71,16.12,376.0,19552420.2628
2026-09-24T16:13:23.114Z,1790266403114,2026-09-25,RNVDAUSDT,spot,NVDA,222.15,222.17,222.16,0.9003,176.0,485.0,222.17,187440911.6642
2026-09-24T16:13:23.114Z,1790266403114,2026-09-25,NVDAUSDT,perp,NVDA,222.4,222.41,222.405,0.4496,2.34,69.86,222.41,10159108.3885
2026-09-24T16:13:23.114Z,1790266403114,2026-09-25,RAAPLUSDT,spot,AAPL,337.44,337.48,337.46000000000004,1.1853,100.0,73.0,337.48,205980934.00107744
2026-09-24T16:13:23.114Z,1790266403114,2026-09-25,AAPLUSDT,perp,AAPL,337.74,337.76,337.75,0.5922,36.57,4.3,337.74,6294662.5924
2026-09-24T16:13:23.114Z,1790266403114,2026-09-25,RMETAUSDT,spot,META,760.87,760.99,760.9300000000001,1.577,21.0,85.0,760.85,541275910.8337
2026-09-24T16:13:23.114Z,1790266403114,2026-09-25,METAUSDT,perp,META,761.3,761.34,761.3199999999999,0.5254,6.67,3.95,761.25,14043979.6033
2026-09-24T16:13:23.114Z,1790266403114,2026-09-25,RGOOGLUSDT,spot,GOOGL,339.72,339.76,339.74,1.1774,25.0,40.0,339.71,133555806.4506695
2026-09-24T16:13:23.114Z,1790266403114,2026-09-25,GOOGLUSDT,perp,GOOGL,340.14,340.2,340.16999999999996,1.7638,8.82,17.85,340.14,6696950.7509
2026-09-24T16:13:23.114Z,1790266403114,2026-09-25,RSPYUSDT,spot,SPY,763.81,763.83,763.8199999999999,0.2618,270.0,140.0,763.83,333404908.3718494
2026-09-24T16:13:23.114Z,1790266403114,2026-09-25,SPYUSDT,perp,SPY,764.63,764.64,764.635,0.1308,95.38,46.4,764.61,3652663.4968
2026-09-24T16:13:23.114Z,1790266403114,2026-09-25,RQQQUSDT,spot,QQQ,735.2,735.22,735.21,0.272,1.0,155.0,735.16,240738835.715332
2026-09-24T16:13:23.114Z,1790266403114,2026-09-25,QQQUSDT,perp,QQQ,735.89,735.9,735.895,0.1359,22.29,3.96,735.83,5121751.9157
2026-09-24T16:13:23.114Z,1790266403114,2026-09-25,RSOXLUSDT,spot,SOXL,138.89,138.92,138.90499999999997,2.1597,40.0,114.0,138.87,94959607.7528
2026-09-24T16:13:23.114Z,1790266403114,2026-09-25,SOXLUSDT,perp,SOXL,139.04,139.05,139.04500000000002,0.7192,123.58,5.94,139.05,136411062.7639
2026-09-24T16:13:23.114Z,1790266403114,2026-09-25,RHOODUSDT,spot,HOOD,120.11,120.15,120.13,3.3297,20.0,555.0,120.1,40437966.59094616
2026-09-24T16:13:23.114Z,1790266403114,2026-09-25,HOODUSDT,perp,HOOD,120.27,120.3,120.285,2.4941,25.98,30.4,120.13,7356302.5508
2026-09-24T16:13:23.114Z,1790266403114,2026-09-25,RMRVLUSDT,spot,MRVL,255.02,255.24,255.13,8.6231,100.0,20.0,255.13,41704875.989837
2026-09-24T16:13:23.114Z,1790266403114,2026-09-25,MRVLUSDT,perp,MRVL,255.35,255.37,255.36,0.7832,23.51,94.0,255.23,8971116.9238
2026-09-24T16:14:23.126Z,1790266463126,2026-09-25,RTSLAUSDT,spot,TSLA,375.9,375.95,375.92499999999995,1.3301,2.0,41.0,375.92,257378263.1839
2026-09-24T16:14:23.126Z,1790266463126,2026-09-25,TSLAUSDT,perp,TSLA,376.12,376.15,376.135,0.7976,15.78,15.78,376.14,19555086.7146
2026-09-24T16:14:23.126Z,1790266463126,2026-09-25,RNVDAUSDT,spot,NVDA,222.3,222.31,222.305,0.4498,100.0,134.0,222.31,214039498.6953
2026-09-24T16:14:23.126Z,1790266463126,2026-09-25,NVDAUSDT,perp,NVDA,222.54,222.55,222.54500000000002,0.4493,7.44,59.87,222.53,10161409.5902
2026-09-24T16:14:23.126Z,1790266463126,2026-09-25,RAAPLUSDT,spot,AAPL,337.68,337.7,337.69,0.5923,20.0,5.0,337.69,214667616.68337744
2026-09-24T16:14:23.126Z,1790266463126,2026-09-25,AAPLUSDT,perp,AAPL,337.97,337.98,337.975,0.2959,0.96,10.73,337.91,6294105.0506
2026-09-24T16:14:23.126Z,1790266463126,2026-09-25,RMETAUSDT,spot,META,761.27,761.48,761.375,2.7582,50.0,64.0,761.39,595825678.6923
2026-09-24T16:14:23.126Z,1790266463126,2026-09-25,METAUSDT,perp,META,761.78,761.8,761.79,0.2625,2.64,0.06,761.76,14044144.269
2026-09-24T16:14:23.126Z,1790266463126,2026-09-25,RGOOGLUSDT,spot,GOOGL,340.11,340.15,340.13,1.176,63.0,105.0,340.13,157469889.5578695
2026-09-24T16:14:23.126Z,1790266463126,2026-09-25,GOOGLUSDT,perp,GOOGL,340.53,340.56,340.54499999999996,0.8809,8.81,6.83,340.52,6698101.1455
2026-09-24T16:14:23.126Z,1790266463126,2026-09-25,RSPYUSDT,spot,SPY,764.12,764.14,764.13,0.2617,50.0,120.0,764.14,341118784.1035494
2026-09-24T16:14:23.126Z,1790266463126,2026-09-25,SPYUSDT,perp,SPY,764.87,764.88,764.875,0.1307,126.83,0.38,764.94,3652923.2959
2026-09-24T16:14:23.126Z,1790266463126,2026-09-25,RQQQUSDT,spot,QQQ,735.54,735.57,735.5550000000001,0.4079,140.0,275.0,735.6,259478999.692232
2026-09-24T16:14:23.126Z,1790266463126,2026-09-25,QQQUSDT,perp,QQQ,736.27,736.28,736.275,0.1358,33.98,6.42,736.04,5122090.1422
2026-09-24T16:14:23.126Z,1790266463126,2026-09-25,RSOXLUSDT,spot,SOXL,139.1,139.14,139.12,2.8752,46.0,24.0,139.12,102814886.8723
2026-09-24T16:14:23.126Z,1790266463126,2026-09-25,SOXLUSDT,perp,SOXL,139.27,139.28,139.275,0.718,101.37,37.07,139.26,136329397.933
2026-09-24T16:14:23.126Z,1790266463126,2026-09-25,RHOODUSDT,spot,HOOD,120.18,120.2,120.19,1.664,160.0,300.0,120.2,41935576.69124616
2026-09-24T16:14:23.126Z,1790266463126,2026-09-25,HOODUSDT,perp,HOOD,120.33,120.34,120.33500000000001,0.831,30.56,30.4,120.35,7356474.8419
2026-09-24T16:14:23.126Z,1790266463126,2026-09-25,RMRVLUSDT,spot,MRVL,255.2,255.35,255.27499999999998,5.876,6.0,161.0,255.25,45414117.131037
2026-09-24T16:14:23.126Z,1790266463126,2026-09-25,MRVLUSDT,perp,MRVL,255.45,255.46,255.45499999999998,0.3915,31.91,1.47,255.43,8974223.7488
2026-09-24T16:15:23.127Z,1790266523127,2026-09-25,RTSLAUSDT,spot,TSLA,376.45,376.53,376.49,2.1249,1.0,80.0,376.5,299221079.6527
2026-09-24T16:15:23.127Z,1790266523127,2026-09-25,TSLAUSDT,perp,TSLA,376.61,376.65,376.63,1.0621,74.77,0.38,376.71,19629878.2017
2026-09-24T16:15:23.127Z,1790266523127,2026-09-25,RNVDAUSDT,spot,NVDA,222.54,222.57,222.555,1.348,223.0,286.0,222.54,275890068.5927
2026-09-24T16:15:23.127Z,1790266523127,2026-09-25,NVDAUSDT,perp,NVDA,222.78,222.79,222.785,0.4489,32.32,59.06,222.78,10254906.8752
2026-09-24T16:15:23.127Z,1790266523127,2026-09-25,RAAPLUSDT,spot,AAPL,337.81,337.88,337.845,2.072,45.0,8.0,337.85,235206952.48467743
2026-09-24T16:15:23.127Z,1790266523127,2026-09-25,AAPLUSDT,perp,AAPL,338.12,338.13,338.125,0.2957,1.52,11.76,338.11,6316926.9213
2026-09-24T16:15:23.127Z,1790266523127,2026-09-25,RMETAUSDT,spot,META,763.48,764.0,763.74,6.8086,19.0,11.0,763.63,687917686.7367
2026-09-24T16:15:23.127Z,1790266523127,2026-09-25,METAUSDT,perp,META,763.98,764.16,764.0699999999999,2.3558,0.14,2.24,763.98,14051307.5302
2026-09-24T16:15:23.127Z,1790266523127,2026-09-25,RGOOGLUSDT,spot,GOOGL,340.35,340.43,340.39,2.3502,40.0,80.0,340.37,182916378.5776695
2026-09-24T16:15:23.127Z,1790266523127,2026-09-25,GOOGLUSDT,perp,GOOGL,340.94,340.96,340.95,0.5866,8.8,6.76,340.93,6773590.6115
2026-09-24T16:15:23.127Z,1790266523127,2026-09-25,RSPYUSDT,spot,SPY,764.81,764.86,764.835,0.6537,500.0,60.0,764.73,458855259.4085494
2026-09-24T16:15:23.127Z,1790266523127,2026-09-25,SPYUSDT,perp,SPY,765.7,765.71,765.705,0.1306,2.2,39.8,765.69,3702992.6284
2026-09-24T16:15:23.127Z,1790266523127,2026-09-25,RQQQUSDT,spot,QQQ,736.64,736.71,736.675,0.9502,840.0,440.0,736.51,354244796.693032
2026-09-24T16:15:23.127Z,1790266523127,2026-09-25,QQQUSDT,perp,QQQ,737.46,737.47,737.465,0.1356,73.11,7.75,737.39,5178155.0095
2026-09-24T16:15:23.127Z,1790266523127,2026-09-25,RSOXLUSDT,spot,SOXL,139.93,139.98,139.95499999999998,3.5726,110.0,54.0,140.12,138028395.3432
2026-09-24T16:15:23.127Z,1790266523127,2026-09-25,SOXLUSDT,perp,SOXL,140.39,140.4,140.39499999999998,0.7123,5.03,202.39,140.39,138581792.2818
2026-09-24T16:15:23.127Z,1790266523127,2026-09-25,RHOODUSDT,spot,HOOD,120.42,120.5,120.46000000000001,6.6412,268.0,120.0,120.5,47805442.90214616
2026-09-24T16:15:23.127Z,1790266523127,2026-09-25,HOODUSDT,perp,HOOD,120.78,120.81,120.795,2.4835,9.81,30.4,120.6,7499248.5642
2026-09-24T16:15:23.127Z,1790266523127,2026-09-25,RMRVLUSDT,spot,MRVL,255.9,256.1,256.0,7.8125,40.0,1.0,255.92,49870868.158037
2026-09-24T16:15:23.127Z,1790266523127,2026-09-25,MRVLUSDT,perp,MRVL,256.24,256.25,256.245,0.3903,17.18,23.42,256.27,9132275.4503
2026-09-24T16:16:23.134Z,1790266583134,2026-09-25,RTSLAUSDT,spot,TSLA,377.37,377.43,377.4,1.5898,36.0,40.0,377.45,349862419.3669
2026-09-24T16:16:23.134Z,1790266583134,2026-09-25,TSLAUSDT,perp,TSLA,377.67,377.72,377.69500000000005,1.3238,0.29,7.95,377.66,19632630.0021
2026-09-24T16:16:23.134Z,1790266583134,2026-09-25,RNVDAUSDT,spot,NVDA,222.91,222.93,222.92000000000002,0.8972,220.0,30.0,223.03,343137400.8631
2026-09-24T16:16:23.134Z,1790266583134,2026-09-25,NVDAUSDT,perp,NVDA,223.34,223.35,223.345,0.4477,15.47,5.59,223.38,10377730.5816
2026-09-24T16:16:23.134Z,1790266583134,2026-09-25,RAAPLUSDT,spot,AAPL,338.27,338.31,338.28999999999996,1.1824,108.0,503.0,338.58,287393823.84397745
2026-09-24T16:16:23.134Z,1790266583134,2026-09-25,AAPLUSDT,perp,AAPL,338.99,339.0,338.995,0.295,1.56,23.44,339.0,6341514.2335
2026-09-24T16:16:23.134Z,1790266583134,2026-09-25,RMETAUSDT,spot,META,765.27,765.62,765.4449999999999,4.5725,110.0,120.0,766.56,789119676.7283
2026-09-24T16:16:23.134Z,1790266583134,2026-09-25,METAUSDT,perp,META,766.71,766.95,766.83,3.1298,0.24,2.77,766.95,14053298.2652
2026-09-24T16:16:23.134Z,1790266583134,2026-09-25,RGOOGLUSDT,spot,GOOGL,341.52,341.58,341.54999999999995,1.7567,53.0,10.0,341.58,215293058.87406948
2026-09-24T16:16:23.134Z,1790266583134,2026-09-25,GOOGLUSDT,perp,GOOGL,341.94,341.98,341.96000000000004,1.1697,8.78,6.23,341.98,6783173.2427
2026-09-24T16:16:23.134Z,1790266583134,2026-09-25,RSPYUSDT,spot,SPY,766.56,766.61,766.585,0.6522,260.0,200.0,766.6,681117745.5184494
2026-09-24T16:16:23.134Z,1790266583134,2026-09-25,SPYUSDT,perp,SPY,767.14,767.15,767.145,0.1304,2.53,0.43,767.29,3732225.929
2026-09-24T16:16:23.134Z,1790266583134,2026-09-25,RQQQUSDT,spot,QQQ,738.47,738.54,738.505,0.9479,120.0,300.0,738.59,590266980.603032
2026-09-24T16:16:23.134Z,1790266583134,2026-09-25,QQQUSDT,perp,QQQ,739.25,739.26,739.255,0.1353,76.25,2.85,739.25,5256949.6314
2026-09-24T16:16:23.134Z,1790266583134,2026-09-25,RSOXLUSDT,spot,SOXL,140.89,140.93,140.91,2.8387,90.0,270.0,141.41,249398643.17588624
2026-09-24T16:16:23.134Z,1790266583134,2026-09-25,SOXLUSDT,perp,SOXL,141.62,141.63,141.625,0.7061,6.61,228.45,141.61,139598445.7634
2026-09-24T16:16:23.134Z,1790266583134,2026-09-25,RHOODUSDT,spot,HOOD,120.8,120.87,120.83500000000001,5.793,22.0,679.0,121.03,54843188.612746164
2026-09-24T16:16:23.134Z,1790266583134,2026-09-25,HOODUSDT,perp,HOOD,121.32,121.37,121.345,4.1205,13.79,30.4,121.33,7531272.8858
2026-09-24T16:16:23.134Z,1790266583134,2026-09-25,RMRVLUSDT,spot,MRVL,256.87,257.17,257.02,11.6722,140.0,140.0,256.77,52780137.497936994
2026-09-24T16:16:23.134Z,1790266583134,2026-09-25,MRVLUSDT,perp,MRVL,257.4,257.45,257.42499999999995,1.9423,10.82,3.15,257.47,9165204.4076
2026-09-24T16:17:23.139Z,1790266643139,2026-09-25,RTSLAUSDT,spot,TSLA,378.44,378.59,378.515,3.9629,2.0,219.0,378.5,419511644.0038
2026-09-24T16:17:23.139Z,1790266643139,2026-09-25,TSLAUSDT,perp,TSLA,378.52,378.55,378.53499999999997,0.7925,1.51,15.78,378.55,19657749.218
2026-09-24T16:17:23.139Z,1790266643139,2026-09-25,RNVDAUSDT,spot,NVDA,223.11,223.14,223.125,1.3445,202.0,271.0,223.53,432853666.631
2026-09-24T16:17:23.139Z,1790266643139,2026-09-25,NVDAUSDT,perp,NVDA,223.75,223.76,223.755,0.4469,9.98,11.21,223.75,10476506.0352
2026-09-24T16:17:23.139Z,1790266643139,2026-09-25,RAAPLUSDT,spot,AAPL,338.6,338.64,338.62,1.1813,60.0,37.0,338.49,318503121.17597747
2026-09-24T16:17:23.139Z,1790266643139,2026-09-25,AAPLUSDT,perp,AAPL,338.86,338.87,338.865,0.2951,5.35,21.13,338.8,6372204.6866
2026-09-24T16:17:23.139Z,1790266643139,2026-09-25,RMETAUSDT,spot,META,766.51,767.08,766.7950000000001,7.4335,128.0,1.0,767.85,951169430.5733
2026-09-24T16:17:23.139Z,1790266643139,2026-09-25,METAUSDT,perp,META,768.58,768.6,768.59,0.2602,0.18,4.91,768.9,14086819.9531
2026-09-24T16:17:23.139Z,1790266643139,2026-09-25,RGOOGLUSDT,spot,GOOGL,341.87,341.93,341.9,1.7549,80.0,10.0,341.68,248950247.7372695
2026-09-24T16:17:23.139Z,1790266643139,2026-09-25,GOOGLUSDT,perp,GOOGL,342.3,342.33,342.315,0.8764,8.77,10.63,342.37,6791268.5029
2026-09-24T16:17:23.139Z,1790266643139,2026-09-25,RSPYUSDT,spot,SPY,767.61,767.66,767.635,0.6514,220.0,580.0,767.62,912588275.3637494
2026-09-24T16:17:23.139Z,1790266643139,2026-09-25,SPYUSDT,perp,SPY,768.29,768.3,768.295,0.1302,0.05,3.06,768.36,3787635.7351
2026-09-24T16:17:23.139Z,1790266643139,2026-09-25,RQQQUSDT,spot,QQQ,739.66,739.73,739.6949999999999,0.9463,100.0,340.0,739.71,789950952.291732
2026-09-24T16:17:23.139Z,1790266643139,2026-09-25,QQQUSDT,perp,QQQ,740.77,740.78,740.775,0.135,73.66,2.5,740.77,5317689.4249
2026-09-24T16:17:23.139Z,1790266643139,2026-09-25,RSOXLUSDT,spot,SOXL,142.26,142.33,142.29500000000002,4.9194,100.0,20.0,143.12,344029122.34678626
2026-09-24T16:17:23.139Z,1790266643139,2026-09-25,SOXLUSDT,perp,SOXL,143.38,143.39,143.385,0.6974,0.83,0.05,143.38,141081047.304
2026-09-24T16:17:23.139Z,1790266643139,2026-09-25,RHOODUSDT,spot,HOOD,121.04,121.13,121.08500000000001,7.4328,25.0,5600.0,121.59,61025546.82474616
2026-09-24T16:17:23.139Z,1790266643139,2026-09-25,HOODUSDT,perp,HOOD,121.73,121.78,121.755,4.1066,0.77,30.4,121.72,7559184.683
2026-09-24T16:17:23.139Z,1790266643139,2026-09-25,RMRVLUSDT,spot,MRVL,257.91,258.21,258.06,11.6252,309.0,40.0,258.05,71096360.688537
2026-09-24T16:17:23.139Z,1790266643139,2026-09-25,MRVLUSDT,perp,MRVL,258.05,258.06,258.055,0.3875,0.42,5.72,258.05,9264777.6304
2026-09-24T16:18:23.139Z,1790266703139,2026-09-25,RTSLAUSDT,spot,TSLA,379.46,379.53,379.495,1.8446,43.0,8.0,379.36,484264285.2434
2026-09-24T16:18:23.139Z,1790266703139,2026-09-25,TSLAUSDT,perp,TSLA,379.52,379.56,379.53999999999996,1.0539,1.33,15.78,379.49,19680374.9488
2026-09-24T16:18:23.139Z,1790266703139,2026-09-25,RNVDAUSDT,spot,NVDA,223.4,223.43,223.41500000000002,1.3428,161.0,114.0,223.87,518748437.2037
2026-09-24T16:18:23.139Z,1790266703139,2026-09-25,NVDAUSDT,perp,NVDA,224.07,224.08,224.075,0.4463,87.5,2.72,224.1,10540049.9099
2026-09-24T16:18:23.139Z,1790266703139,2026-09-25,RAAPLUSDT,spot,AAPL,338.51,338.6,338.555,2.6584,6.0,7.0,338.69,341433868.6630774
2026-09-24T16:18:23.139Z,1790266703139,2026-09-25,AAPLUSDT,perp,AAPL,338.83,338.84,338.835,0.2951,241.43,1.08,338.87,6374960.0497
2026-09-24T16:18:23.139Z,1790266703139,2026-09-25,RMETAUSDT,spot,META,767.19,767.51,767.35,4.1702,93.0,40.0,768.18,1067634709.1036
2026-09-24T16:18:23.139Z,1790266703139,2026-09-25,METAUSDT,perp,META,768.22,768.34,768.28,1.5619,0.01,0.48,768.26,14080496.1197
2026-09-24T16:18:23.139Z,1790266703139,2026-09-25,RGOOGLUSDT,spot,GOOGL,341.51,341.53,341.52,0.5856,32.0,20.0,341.65,291317311.1524695
2026-09-24T16:18:23.139Z,1790266703139,2026-09-25,GOOGLUSDT,perp,GOOGL,342.02,342.05,342.03499999999997,0.8771,8.78,0.45,342.04,6853789.5952
2026-09-24T16:18:23.139Z,1790266703139,2026-09-25,RSPYUSDT,spot,SPY,767.9,767.95,767.925,0.6511,1140.0,65.0,767.84,1130547750.4733493
2026-09-24T16:18:23.139Z,1790266703139,2026-09-25,SPYUSDT,perp,SPY,768.7,768.72,768.71,0.2602,32.24,3.78,768.61,3812666.9297
2026-09-24T16:18:23.139Z,1790266703139,2026-09-25,RQQQUSDT,spot,QQQ,740.01,740.06,740.035,0.6756,65.0,140.0,740.13,953983871.104932
2026-09-24T16:18:23.139Z,1790266703139,2026-09-25,QQQUSDT,perp,QQQ,741.0,741.01,741.005,0.135,11.78,0.05,740.98,5384450.1249
2026-09-24T16:18:23.139Z,1790266703139,2026-09-25,RSOXLUSDT,spot,SOXL,142.72,142.79,142.755,4.9035,30.0,74.0,143.48,414022382.31578624
2026-09-24T16:18:23.139Z,1790266703139,2026-09-25,SOXLUSDT,perp,SOXL,143.65,143.66,143.655,0.6961,8.1,32.72,143.65,142215248.3211
2026-09-24T16:18:23.139Z,1790266703139,2026-09-25,RHOODUSDT,spot,HOOD,121.27,121.35,121.31,6.5947,1503.0,400.0,121.71,66006849.78734616
2026-09-24T16:18:23.139Z,1790266703139,2026-09-25,HOODUSDT,perp,HOOD,121.81,121.86,121.83500000000001,4.1039,0.05,8.86,121.82,7774690.6937
2026-09-24T16:18:23.139Z,1790266703139,2026-09-25,RMRVLUSDT,spot,MRVL,258.02,258.35,258.185,12.7815,9.0,140.0,258.21,79342341.683937
2026-09-24T16:18:23.139Z,1790266703139,2026-09-25,MRVLUSDT,perp,MRVL,258.26,258.3,258.28,1.5487,0.42,1.68,258.24,9317102.0103
2026-09-24T16:19:23.147Z,1790266763147,2026-09-25,RTSLAUSDT,spot,TSLA,378.78,378.9,378.84,3.1676,1.0,126.0,378.84,540035280.893
2026-09-24T16:19:23.147Z,1790266763147,2026-09-25,TSLAUSDT,perp,TSLA,379.04,379.06,379.05,0.5276,16.16,31.9,379.0,19743968.1458
2026-09-24T16:19:23.147Z,1790266763147,2026-09-25,RNVDAUSDT,spot,NVDA,223.68,223.71,223.695,1.3411,5.0,291.0,223.61,611920167.7834
2026-09-24T16:19:23.147Z,1790266763147,2026-09-25,NVDAUSDT,perp,NVDA,223.76,223.77,223.765,0.4469,59.14,8.32,223.77,10604873.3255
2026-09-24T16:19:23.147Z,1790266763147,2026-09-25,RAAPLUSDT,spot,AAPL,338.67,338.71,338.69,1.181,46.0,20.0,338.2,364795797.1655774
2026-09-24T16:19:23.147Z,1790266763147,2026-09-25,AAPLUSDT,perp,AAPL,338.47,338.48,338.475,0.2954,58.55,0.3,338.47,6429902.2321
2026-09-24T16:19:23.147Z,1790266763147,2026-09-25,RMETAUSDT,spot,META,768.26,768.71,768.485,5.8557,158.0,80.0,768.87,1205978404.6942
2026-09-24T16:19:23.147Z,1790266763147,2026-09-25,METAUSDT,perp,META,769.09,769.22,769.155,1.6902,3.6,4.05,768.94,14101977.3345
2026-09-24T16:19:23.147Z,1790266763147,2026-09-25,RGOOGLUSDT,spot,GOOGL,341.16,341.22,341.19000000000005,1.7586,120.0,20.0,341.21,323822851.6808695
2026-09-24T16:19:23.147Z,1790266763147,2026-09-25,GOOGLUSDT,perp,GOOGL,341.66,341.68,341.67,0.5854,10.63,70.57,341.62,6838005.6866
2026-09-24T16:19:23.147Z,1790266763147,2026-09-25,RSPYUSDT,spot,SPY,766.75,766.78,766.765,0.3913,90.0,580.0,766.83,1367030425.2028494
2026-09-24T16:19:23.147Z,1790266763147,2026-09-25,SPYUSDT,perp,SPY,767.48,767.49,767.485,0.1303,28.7,0.01,767.43,3860676.6921
2026-09-24T16:19:23.147Z,1790266763147,2026-09-25,RQQQUSDT,spot,QQQ,738.84,738.88,738.86,0.5414,100.0,128.0,739.01,1153014340.602832
2026-09-24T16:19:23.147Z,1790266763147,2026-09-25,QQQUSDT,perp,QQQ,739.82,739.83,739.825,0.1352,71.35,3.43,739.8,5614642.9403
2026-09-24T16:19:23.147Z,1790266763147,2026-09-25,RSOXLUSDT,spot,SOXL,143.87,143.89,143.88,1.39,256.0,59.0,142.65,452064316.92828625
2026-09-24T16:19:23.147Z,1790266763147,2026-09-25,SOXLUSDT,perp,SOXL,142.82,142.85,142.83499999999998,2.1003,20.73,10.82,142.83,143367600.2879
2026-09-24T16:19:23.147Z,1790266763147,2026-09-25,RHOODUSDT,spot,HOOD,121.48,121.58,121.53,8.2284,20.0,330.0,121.5,69871277.49954617
2026-09-24T16:19:23.147Z,1790266763147,2026-09-25,HOODUSDT,perp,HOOD,121.73,121.78,121.755,4.1066,30.4,397.08,121.7,7805783.5681
2026-09-24T16:19:23.147Z,1790266763147,2026-09-25,RMRVLUSDT,spot,MRVL,257.51,257.72,257.615,8.1517,10.0,11.0,257.65,83938735.86393699
2026-09-24T16:19:23.147Z,1790266763147,2026-09-25,MRVLUSDT,perp,MRVL,257.89,257.9,257.895,0.3878,11.95,93.07,257.91,9398250.757
2026-09-24T16:20:23.160Z,1790266823160,2026-09-25,RTSLAUSDT,spot,TSLA,379.4,379.5,379.45,2.6354,283.0,1145.0,379.38,582518012.1596
2026-09-24T16:20:23.160Z,1790266823160,2026-09-25,TSLAUSDT,perp,TSLA,379.57,379.62,379.595,1.3172,0.36,2.17,379.62,19783930.6779
2026-09-24T16:20:23.160Z,1790266823160,2026-09-25,RNVDAUSDT,spot,NVDA,223.8,223.82,223.81,0.8936,10.0,134.0,223.61,659919311.9752
2026-09-24T16:20:23.160Z,1790266823160,2026-09-25,NVDAUSDT,perp,NVDA,223.86,223.87,223.865,0.4467,17.42,3.66,223.88,10818412.5588
2026-09-24T16:20:23.160Z,1790266823160,2026-09-25,RAAPLUSDT,spot,AAPL,338.69,338.72,338.70500000000004,0.8857,5.0,20.0,337.91,383832667.68197745
2026-09-24T16:20:23.160Z,1790266823160,2026-09-25,AAPLUSDT,perp,AAPL,338.17,338.18,338.175,0.2957,158.89,1.58,338.26,6435124.1831
2026-09-24T16:20:23.160Z,1790266823160,2026-09-25,RMETAUSDT,spot,META,768.1,768.45,768.2750000000001,4.5557,7.0,50.0,769.71,1372226927.0717
2026-09-24T16:20:23.160Z,1790266823160,2026-09-25,METAUSDT,perp,META,770.0,770.06,770.03,0.7792,0.03,4.05,770.38,14118077.4482
2026-09-24T16:20:23.160Z,1790266823160,2026-09-25,RGOOGLUSDT,spot,GOOGL,341.1,341.14,341.12,1.1726,10.0,20.0,341.19,339959040.2689695
2026-09-24T16:20:23.160Z,1790266823160,2026-09-25,GOOGLUSDT,perp,GOOGL,341.59,341.62,341.605,0.8782,10.63,0.16,341.62,6768579.7649
2026-09-24T16:20:23.160Z,1790266823160,2026-09-25,RSPYUSDT,spot,SPY,767.13,767.17,767.15,0.5214,83.0,140.0,767.18,1519877951.8269494
2026-09-24T16:20:23.160Z,1790266823160,2026-09-25,SPYUSDT,perp,SPY,767.85,767.88,767.865,0.3907,25.44,0.02,767.89,4011896.0534
2026-09-24T16:20:23.160Z,1790266823160,2026-09-25,RQQQUSDT,spot,QQQ,739.59,739.63,739.61,0.5408,80.0,120.0,739.64,1313070438.608032
2026-09-24T16:20:23.160Z,1790266823160,2026-09-25,QQQUSDT,perp,QQQ,740.47,740.48,740.475,0.135,71.51,3.23,740.41,5656416.9551
2026-09-24T16:20:23.160Z,1790266823160,2026-09-25,RSOXLUSDT,spot,SOXL,142.98,143.05,143.015,4.8946,100.0,42.0,144.02,512177804.76618624
2026-09-24T16:20:23.160Z,1790266823160,2026-09-25,SOXLUSDT,perp,SOXL,144.24,144.25,144.245,0.6933,59.61,11.27,144.23,144359516.7205
2026-09-24T16:20:23.160Z,1790266823160,2026-09-25,RHOODUSDT,spot,HOOD,121.72,121.81,121.765,7.3913,50.0,624.0,121.86,75015743.65674616
2026-09-24T16:20:23.160Z,1790266823160,2026-09-25,HOODUSDT,perp,HOOD,121.99,122.01,122.0,1.6393,30.4,30.4,121.99,7793272.5223
2026-09-24T16:20:23.160Z,1790266823160,2026-09-25,RMRVLUSDT,spot,MRVL,258.77,258.93,258.85,6.1812,5.0,50.0,258.88,92014079.635237
2026-09-24T16:20:23.160Z,1790266823160,2026-09-25,MRVLUSDT,perp,MRVL,258.95,258.98,258.96500000000003,1.1585,0.83,23.18,258.99,9469637.7583
2026-09-24T16:21:23.164Z,1790266883164,2026-09-25,RTSLAUSDT,spot,TSLA,379.15,379.3,379.225,3.9554,7.0,10.0,379.08,622359748.8148
2026-09-24T16:21:23.164Z,1790266883164,2026-09-25,TSLAUSDT,perp,TSLA,379.42,379.48,379.45000000000005,1.5812,0.38,73.86,379.43,19805997.0554
2026-09-24T16:21:23.164Z,1790266883164,2026-09-25,RNVDAUSDT,spot,NVDA,223.62,223.65,223.635,1.3415,175.0,97.0,223.55,688241636.5098
2026-09-24T16:21:23.164Z,1790266883164,2026-09-25,NVDAUSDT,perp,NVDA,223.86,223.87,223.865,0.4467,56.81,6.15,223.81,10839885.9921
2026-09-24T16:21:23.164Z,1790266883164,2026-09-25,RAAPLUSDT,spot,AAPL,338.26,338.32,338.28999999999996,1.7736,3.0,57.0,338.24,395473602.3965774
2026-09-24T16:21:23.164Z,1790266883164,2026-09-25,AAPLUSDT,perp,AAPL,338.57,338.58,338.575,0.2954,1.88,7.21,338.51,6437315.5623
2026-09-24T16:21:23.164Z,1790266883164,2026-09-25,RMETAUSDT,spot,META,769.06,769.35,769.2049999999999,3.7701,473.0,2.0,768.83,1461490518.5668
2026-09-24T16:21:23.164Z,1790266883164,2026-09-25,METAUSDT,perp,META,769.25,769.46,769.355,2.7296,12.72,3.11,769.22,14121452.8571
2026-09-24T16:21:23.164Z,1790266883164,2026-09-25,RGOOGLUSDT,spot,GOOGL,341.21,341.26,341.235,1.4653,10.0,20.0,341.26,352285768.2057695
2026-09-24T16:21:23.164Z,1790266883164,2026-09-25,GOOGLUSDT,perp,GOOGL,341.63,341.68,341.655,1.4635,10.63,0.75,341.63,6733481.5832
2026-09-24T16:21:23.164Z,1790266883164,2026-09-25,RSPYUSDT,spot,SPY,766.76,766.82,766.79,0.7825,760.0,100.0,766.99,1612255498.2445495
2026-09-24T16:21:23.164Z,1790266883164,2026-09-25,SPYUSDT,perp,SPY,767.58,767.59,767.585,0.1303,0.23,31.89,767.55,4025744.8189
2026-09-24T16:21:23.164Z,1790266883164,2026-09-25,RQQQUSDT,spot,QQQ,739.07,739.13,739.1,0.8118,60.0,130.0,739.01,1464277370.947132
2026-09-24T16:21:23.164Z,1790266883164,2026-09-25,QQQUSDT,perp,QQQ,739.99,740.0,739.995,0.1351,1.85,2.93,739.92,5657889.6636
2026-09-24T16:21:23.164Z,1790266883164,2026-09-25,RSOXLUSDT,spot,SOXL,142.65,142.68,142.66500000000002,2.1028,30.0,70.0,142.83,583221687.5223862
2026-09-24T16:21:23.164Z,1790266883164,2026-09-25,SOXLUSDT,perp,SOXL,143.1,143.13,143.115,2.0962,376.8,21.33,143.11,145009450.0649
2026-09-24T16:21:23.164Z,1790266883164,2026-09-25,RHOODUSDT,spot,HOOD,121.58,121.67,121.625,7.3998,10.0,305.0,121.79,79949612.97874616
2026-09-24T16:21:23.164Z,1790266883164,2026-09-25,HOODUSDT,perp,HOOD,121.94,121.98,121.96000000000001,3.2798,30.4,408.94,121.92,7823024.4059
2026-09-24T16:21:23.164Z,1790266883164,2026-09-25,RMRVLUSDT,spot,MRVL,257.5,257.84,257.66999999999996,13.1952,17.0,40.0,257.69,98225165.380237
2026-09-24T16:21:23.164Z,1790266883164,2026-09-25,MRVLUSDT,perp,MRVL,257.7,257.76,257.73,2.328,0.42,93.02,257.71,9494453.1443
2026-09-24T16:22:23.176Z,1790266943176,2026-09-25,RTSLAUSDT,spot,TSLA,379.47,379.59,379.53,3.1618,5.0,274.0,379.55,650850702.1831
2026-09-24T16:22:23.176Z,1790266943176,2026-09-25,TSLAUSDT,perp,TSLA,379.74,379.81,379.775,1.8432,0.76,0.38,379.81,19804842.7977
2026-09-24T16:22:23.176Z,1790266943176,2026-09-25,RNVDAUSDT,spot,NVDA,223.48,223.49,223.485,0.4475,20.0,100.0,223.36,741800315.4648
2026-09-24T16:22:23.176Z,1790266943176,2026-09-25,NVDAUSDT,perp,NVDA,223.68,223.69,223.685,0.4471,2.96,109.58,223.68,10866010.8366
2026-09-24T16:22:23.176Z,1790266943176,2026-09-25,RAAPLUSDT,spot,AAPL,338.05,338.07,338.06,0.5916,163.0,1.0,337.93,405078491.93817747
2026-09-24T16:22:23.176Z,1790266943176,2026-09-25,AAPLUSDT,perp,AAPL,338.21,338.22,338.21500000000003,0.2957,96.26,1.59,338.31,6440712.3218
2026-09-24T16:22:23.176Z,1790266943176,2026-09-25,RMETAUSDT,spot,META,769.32,769.52,769.4200000000001,2.5994,19.0,61.0,768.98,1596554614.413
2026-09-24T16:22:23.176Z,1790266943176,2026-09-25,METAUSDT,perp,META,769.15,769.35,769.25,2.5999,2.94,2.94,769.26,14129742.3987
2026-09-24T16:22:23.176Z,1790266943176,2026-09-25,RGOOGLUSDT,spot,GOOGL,340.88,340.9,340.89,0.5867,10.0,40.0,340.78,386203201.2000695
2026-09-24T16:22:23.176Z,1790266943176,2026-09-25,GOOGLUSDT,perp,GOOGL,341.26,341.33,341.29499999999996,2.051,10.63,0.07,341.34,6732450.4726
2026-09-24T16:22:23.176Z,1790266943176,2026-09-25,RSPYUSDT,spot,SPY,767.09,767.11,767.1,0.2607,100.0,80.0,767.07,1681329448.8568494
2026-09-24T16:22:23.176Z,1790266943176,2026-09-25,SPYUSDT,perp,SPY,767.88,767.89,767.885,0.1302,0.01,2.97,767.81,4036102.122
2026-09-24T16:22:23.176Z,1790266943176,2026-09-25,RQQQUSDT,spot,QQQ,739.61,739.65,739.63,0.5408,200.0,140.0,739.64,1574767153.9353905
2026-09-24T16:22:23.176Z,1790266943176,2026-09-25,QQQUSDT,perp,QQQ,740.29,740.3,740.295,0.1351,196.37,4.42,740.35,5659512.0346
2026-09-24T16:22:23.176Z,1790266943176,2026-09-25,RSOXLUSDT,spot,SOXL,143.9,143.93,143.91500000000002,2.0846,20.0,69.0,143.79,631399218.0513862
2026-09-24T16:22:23.176Z,1790266943176,2026-09-25,SOXLUSDT,perp,SOXL,143.74,143.76,143.75,1.3913,83.49,13.69,143.76,145695383.5014
2026-09-24T16:22:23.176Z,1790266943176,2026-09-25,RHOODUSDT,spot,HOOD,121.55,121.66,121.60499999999999,9.0457,65.0,10.0,121.87,100226479.48398256
2026-09-24T16:22:23.176Z,1790266943176,2026-09-25,HOODUSDT,perp,HOOD,122.07,122.11,122.09,3.2763,36.48,4.0,122.15,7827265.9566
2026-09-24T16:22:23.176Z,1790266943176,2026-09-25,RMRVLUSDT,spot,MRVL,258.1,258.19,258.145,3.4864,34.0,100.0,258.15,100312007.850237
2026-09-24T16:22:23.176Z,1790266943176,2026-09-25,MRVLUSDT,perp,MRVL,258.28,258.35,258.315,2.7099,17.18,92.94,258.32,9513528.3452
2026-09-24T16:23:23.191Z,1790267003191,2026-09-25,RTSLAUSDT,spot,TSLA,379.73,379.85,379.79,3.1596,88.0,325.0,379.79,723403101.7103
2026-09-24T16:23:23.191Z,1790267003191,2026-09-25,TSLAUSDT,perp,TSLA,379.88,379.95,379.91499999999996,1.8425,16.71,1.04,379.94,19882937.8692
2026-09-24T16:23:23.191Z,1790267003191,2026-09-25,RNVDAUSDT,spot,NVDA,223.63,223.64,223.635,0.4472,543.0,364.0,223.41,762998959.142
2026-09-24T16:23:23.191Z,1790267003191,2026-09-25,NVDAUSDT,perp,NVDA,223.69,223.7,223.695,0.447,4.15,122.86,223.68,10873712.1121
2026-09-24T16:23:23.191Z,1790267003191,2026-09-25,RAAPLUSDT,spot,AAPL,337.92,337.96,337.94,1.1836,416.0,51.0,337.76,423138471.901171
2026-09-24T16:23:23.191Z,1790267003191,2026-09-25,AAPLUSDT,perp,AAPL,338.01,338.04,338.025,0.8875,71.61,4.05,338.01,6449555.7474
2026-09-24T16:23:23.191Z,1790267003191,2026-09-25,RMETAUSDT,spot,META,768.86,769.3,769.0799999999999,5.7211,128.0,7.0,770.09,1670607902.9971
2026-09-24T16:23:23.191Z,1790267003191,2026-09-25,METAUSDT,perp,META,770.02,770.14,770.0799999999999,1.5583,0.04,2.98,770.3,14149879.0059
2026-09-24T16:23:23.191Z,1790267003191,2026-09-25,RGOOGLUSDT,spot,GOOGL,340.66,340.72,340.69000000000005,1.7611,42.0,360.0,340.68,422209563.6553643
2026-09-24T16:23:23.191Z,1790267003191,2026-09-25,GOOGLUSDT,perp,GOOGL,341.18,341.22,341.20000000000005,1.1723,10.63,4.86,341.15,6708041.6264
2026-09-24T16:23:23.191Z,1790267003191,2026-09-25,RSPYUSDT,spot,SPY,767.06,767.09,767.075,0.3911,120.0,160.0,767.08,1827046225.7291427
2026-09-24T16:23:23.191Z,1790267003191,2026-09-25,SPYUSDT,perp,SPY,767.7,767.71,767.705,0.1303,0.64,4.56,767.78,4039994.2837
2026-09-24T16:23:23.191Z,1790267003191,2026-09-25,RQQQUSDT,spot,QQQ,739.42,739.45,739.435,0.4057,800.0,170.0,739.45,1675354750.7208903
2026-09-24T16:23:23.191Z,1790267003191,2026-09-25,QQQUSDT,perp,QQQ,740.02,740.03,740.025,0.1351,217.59,3.24,740.23,5663457.5274
2026-09-24T16:23:23.191Z,1790267003191,2026-09-25,RSOXLUSDT,spot,SOXL,143.39,143.44,143.415,3.4864,30.0,200.0,143.16,671402144.1738862
2026-09-24T16:23:23.191Z,1790267003191,2026-09-25,SOXLUSDT,perp,SOXL,143.24,143.25,143.245,0.6981,497.46,2.71,143.25,146150758.4981
2026-09-24T16:23:23.191Z,1790267003191,2026-09-25,RHOODUSDT,spot,HOOD,121.81,121.91,121.86,8.2061,20.0,133.0,122.07,103272134.12398256
2026-09-24T16:23:23.191Z,1790267003191,2026-09-25,HOODUSDT,perp,HOOD,122.19,122.24,122.215,4.0912,30.4,0.92,122.28,7828843.312
2026-09-24T16:23:23.191Z,1790267003191,2026-09-25,RMRVLUSDT,spot,MRVL,257.62,257.81,257.71500000000003,7.3725,1.0,27.0,257.75,129632942.71930665
2026-09-24T16:23:23.191Z,1790267003191,2026-09-25,MRVLUSDT,perp,MRVL,258.0,258.04,258.02,1.5503,0.03,92.99,258.03,9522473.6181
2026-09-24T16:24:23.195Z,1790267063195,2026-09-25,RTSLAUSDT,spot,TSLA,379.95,379.98,379.96500000000003,0.7895,20.0,127.0,379.92,747831753.6604
2026-09-24T16:24:23.195Z,1790267063195,2026-09-25,TSLAUSDT,perp,TSLA,379.98,380.0,379.99,0.5263,15.78,0.13,380.12,19880460.131
2026-09-24T16:24:23.195Z,1790267063195,2026-09-25,RNVDAUSDT,spot,NVDA,223.6,223.62,223.61,0.8944,93.0,289.0,223.34,789892651.2871
2026-09-24T16:24:23.195Z,1790267063195,2026-09-25,NVDAUSDT,perp,NVDA,223.67,223.68,223.675,0.4471,4.5,96.49,223.66,10905712.9668
2026-09-24T16:24:23.195Z,1790267063195,2026-09-25,RAAPLUSDT,spot,AAPL,338.07,338.12,338.095,1.4789,31.0,96.0,337.66,439506169.778871
2026-09-24T16:24:23.195Z,1790267063195,2026-09-25,AAPLUSDT,perp,AAPL,337.9,337.93,337.91499999999996,0.8878,20.6,4.43,337.92,6461660.3816
2026-09-24T16:24:23.195Z,1790267063195,2026-09-25,RMETAUSDT,spot,META,769.06,769.51,769.285,5.8496,2.0,6.0,770.3,1704034991.4181
2026-09-24T16:24:23.195Z,1790267063195,2026-09-25,METAUSDT,perp,META,770.41,770.43,770.42,0.2596,0.12,2.69,770.41,14179506.5914
2026-09-24T16:24:23.195Z,1790267063195,2026-09-25,RGOOGLUSDT,spot,GOOGL,340.75,340.79,340.77,1.1738,120.0,4.0,340.84,436461048.4553642
2026-09-24T16:24:23.195Z,1790267063195,2026-09-25,GOOGLUSDT,perp,GOOGL,341.31,341.33,341.32,0.586,0.31,4.54,341.22,6674874.7844
2026-09-24T16:24:23.195Z,1790267063195,2026-09-25,RSPYUSDT,spot,SPY,766.94,766.99,766.965,0.6519,1220.0,260.0,766.96,1905219493.1640427
2026-09-24T16:24:23.195Z,1790267063195,2026-09-25,SPYUSDT,perp,SPY,767.73,767.74,767.735,0.1303,46.61,3.95,767.53,4042381.2738
2026-09-24T16:24:23.195Z,1790267063195,2026-09-25,RQQQUSDT,spot,QQQ,739.41,739.44,739.425,0.4057,296.0,1060.0,739.4,1725968145.5706904
2026-09-24T16:24:23.195Z,1790267063195,2026-09-25,QQQUSDT,perp,QQQ,740.18,740.19,740.185,0.1351,82.6,1.22,740.21,5687913.1397
2026-09-24T16:24:23.195Z,1790267063195,2026-09-25,RSOXLUSDT,spot,SOXL,142.61,142.65,142.63,2.8045,30.0,32.0,143.36,698511628.9392862
2026-09-24T16:24:23.195Z,1790267063195,2026-09-25,SOXLUSDT,perp,SOXL,143.57,143.6,143.58499999999998,2.0894,0.05,61.27,143.61,146475246.3949
2026-09-24T16:24:23.195Z,1790267063195,2026-09-25,RHOODUSDT,spot,HOOD,121.64,121.71,121.675,5.753,10.0,610.0,121.96,105066188.18398257
2026-09-24T16:24:23.195Z,1790267063195,2026-09-25,HOODUSDT,perp,HOOD,122.09,122.14,122.11500000000001,4.0945,30.4,2.42,122.12,7831613.6901
2026-09-24T16:24:23.195Z,1790267063195,2026-09-25,RMRVLUSDT,spot,MRVL,257.8,258.07,257.935,10.4678,10.0,86.0,257.96,131244981.25930665
2026-09-24T16:24:23.195Z,1790267063195,2026-09-25,MRVLUSDT,perp,MRVL,258.09,258.1,258.095,0.3875,13.08,1.26,258.11,9527751.2071
2026-09-24T16:25:23.205Z,1790267123205,2026-09-25,RTSLAUSDT,spot,TSLA,379.71,379.84,379.775,3.4231,20.0,40.0,379.7,777810594.2623
2026-09-24T16:25:23.205Z,1790267123205,2026-09-25,TSLAUSDT,perp,TSLA,379.83,379.88,379.855,1.3163,0.22,26.5,380.03,19850512.1577
2026-09-24T16:25:23.205Z,1790267123205,2026-09-25,RNVDAUSDT,spot,NVDA,223.4,223.43,223.41500000000002,1.3428,185.0,140.0,223.17,822152296.3405
2026-09-24T16:25:23.205Z,1790267123205,2026-09-25,NVDAUSDT,perp,NVDA,223.39,223.4,223.39499999999998,0.4476,58.93,7.08,223.4,11000118.3527
2026-09-24T16:25:23.205Z,1790267123205,2026-09-25,RAAPLUSDT,spot,AAPL,338.23,338.27,338.25,1.1826,89.0,80.0,337.6,447513362.577571
2026-09-24T16:25:23.205Z,1790267123205,2026-09-25,AAPLUSDT,perp,AAPL,337.82,337.83,337.825,0.296,373.95,1.61,337.82,6463438.6608
2026-09-24T16:25:23.205Z,1790267123205,2026-09-25,RMETAUSDT,spot,META,769.36,769.66,769.51,3.8986,6.0,120.0,770.41,1769230398.8209
2026-09-24T16:25:23.205Z,1790267123205,2026-09-25,METAUSDT,perp,META,770.24,770.4,770.3199999999999,2.0771,0.01,2.64,770.37,14186671.3166
2026-09-24T16:25:23.205Z,1790267123205,2026-09-25,RGOOGLUSDT,spot,GOOGL,340.59,340.62,340.605,0.8808,51.0,60.0,340.63,449001555.4125643
2026-09-24T16:25:23.205Z,1790267123205,2026-09-25,GOOGLUSDT,perp,GOOGL,341.09,341.1,341.095,0.2932,8.86,15.46,341.09,6653242.349
2026-09-24T16:25:23.205Z,1790267123205,2026-09-25,RSPYUSDT,spot,SPY,766.45,766.49,766.47,0.5219,120.0,280.0,766.51,1932552203.8894427
2026-09-24T16:25:23.205Z,1790267123205,2026-09-25,SPYUSDT,perp,SPY,767.1,767.11,767.105,0.1304,29.16,0.04,767.22,4046663.1739
2026-09-24T16:25:23.205Z,1790267123205,2026-09-25,RQQQUSDT,spot,QQQ,738.64,738.69,738.665,0.6769,140.0,940.0,738.63,1769670564.0344903
2026-09-24T16:25:23.205Z,1790267123205,2026-09-25,QQQUSDT,perp,QQQ,739.39,739.4,739.395,0.1352,162.14,0.63,739.43,5693329.6017
2026-09-24T16:25:23.205Z,1790267123205,2026-09-25,RSOXLUSDT,spot,SOXL,143.65,143.7,143.675,3.4801,2.0,11.0,142.35,721462712.8358862
2026-09-24T16:25:23.205Z,1790267123205,2026-09-25,SOXLUSDT,perp,SOXL,142.53,142.56,142.54500000000002,2.1046,101.14,64.62,142.53,146784945.1325
2026-09-24T16:25:23.205Z,1790267123205,2026-09-25,RHOODUSDT,spot,HOOD,121.66,121.72,121.69,4.9306,20.0,500.0,121.75,106199392.33408256
2026-09-24T16:25:23.205Z,1790267123205,2026-09-25,HOODUSDT,perp,HOOD,121.91,121.97,121.94,4.9205,7.13,39.09,121.93,7834515.1825
2026-09-24T16:25:23.205Z,1790267123205,2026-09-25,RMRVLUSDT,spot,MRVL,257.05,257.29,257.17,9.3323,63.0,22.0,257.06,135851975.25430664
2026-09-24T16:25:23.205Z,1790267123205,2026-09-25,MRVLUSDT,perp,MRVL,257.44,257.45,257.445,0.3884,13.98,1.68,257.4,9536981.3723
2026-09-24T16:26:23.208Z,1790267183208,2026-09-25,RTSLAUSDT,spot,TSLA,378.81,378.96,378.885,3.959,45.0,43.0,378.93,848993293.6792
2026-09-24T16:26:23.208Z,1790267183208,2026-09-25,TSLAUSDT,perp,TSLA,379.1,379.12,379.11,0.5276,0.38,72.81,379.12,19875079.5041
2026-09-24T16:26:23.208Z,1790267183208,2026-09-25,RNVDAUSDT,spot,NVDA,223.38,223.39,223.385,0.4477,40.0,141.0,223.14,854361959.8094
2026-09-24T16:26:23.208Z,1790267183208,2026-09-25,NVDAUSDT,perp,NVDA,223.45,223.46,223.45499999999998,0.4475,63.84,39.57,223.45,11008308.902
2026-09-24T16:26:23.208Z,1790267183208,2026-09-25,RAAPLUSDT,spot,AAPL,337.89,337.92,337.905,0.8878,80.0,102.0,337.52,453597079.229271
2026-09-24T16:26:23.208Z,1790267183208,2026-09-25,AAPLUSDT,perp,AAPL,337.82,337.83,337.825,0.296,88.78,1.02,337.85,6457840.7557
2026-09-24T16:26:23.208Z,1790267183208,2026-09-25,RMETAUSDT,spot,META,770.3,770.49,770.395,2.4663,208.0,207.0,769.47,1832529847.3033
2026-09-24T16:26:23.208Z,1790267183208,2026-09-25,METAUSDT,perp,META,769.63,769.76,769.6949999999999,1.689,0.4,2.33,769.87,14187980.1375
2026-09-24T16:26:23.208Z,1790267183208,2026-09-25,RGOOGLUSDT,spot,GOOGL,340.51,340.56,340.53499999999997,1.4683,10.0,20.0,340.55,460909730.3407643
2026-09-24T16:26:23.208Z,1790267183208,2026-09-25,GOOGLUSDT,perp,GOOGL,341.04,341.05,341.045,0.2932,51.47,0.47,340.97,6673992.4368
2026-09-24T16:26:23.208Z,1790267183208,2026-09-25,RSPYUSDT,spot,SPY,766.62,766.66,766.64,0.5218,220.0,120.0,766.63,1984009580.2502427
2026-09-24T16:26:23.208Z,1790267183208,2026-09-25,SPYUSDT,perp,SPY,767.38,767.39,767.385,0.1303,0.54,2.94,767.18,4039642.1761
2026-09-24T16:26:23.208Z,1790267183208,2026-09-25,RQQQUSDT,spot,QQQ,738.93,738.97,738.95,0.5413,180.0,60.0,738.87,1809558341.9839904
2026-09-24T16:26:23.208Z,1790267183208,2026-09-25,QQQUSDT,perp,QQQ,739.64,739.65,739.645,0.1352,159.39,2.55,739.54,5695990.9897
2026-09-24T16:26:23.208Z,1790267183208,2026-09-25,RSOXLUSDT,spot,SOXL,143.29,143.34,143.315,3.4888,31.0,109.0,143.11,737041119.2631862
2026-09-24T16:26:23.208Z,1790267183208,2026-09-25,SOXLUSDT,perp,SOXL,143.08,143.09,143.085,0.6989,947.78,58.51,143.04,147371682.8316
2026-09-24T16:26:23.208Z,1790267183208,2026-09-25,RHOODUSDT,spot,HOOD,121.92,121.97,121.945,4.1002,130.0,10.0,121.92,111748363.07908256
2026-09-24T16:26:23.208Z,1790267183208,2026-09-25,HOODUSDT,perp,HOOD,122.07,122.13,122.1,4.914,2.82,494.32,122.09,7834617.1146
2026-09-24T16:26:23.208Z,1790267183208,2026-09-25,RMRVLUSDT,spot,MRVL,257.46,257.71,257.585,9.7055,200.0,30.0,257.59,142629925.62830666
2026-09-24T16:26:23.208Z,1790267183208,2026-09-25,MRVLUSDT,perp,MRVL,257.8,257.81,257.805,0.3879,17.45,1.68,257.83,9537798.2668
2026-09-24T16:27:23.217Z,1790267243217,2026-09-25,RTSLAUSDT,spot,TSLA,378.8,378.92,378.86,3.1674,43.0,10.0,378.58,914785685.4836
2026-09-24T16:27:23.217Z,1790267243217,2026-09-25,TSLAUSDT,perp,TSLA,379.15,379.16,379.155,0.2637,16.74,73.93,379.11,20007248.6818
2026-09-24T16:27:23.217Z,1790267243217,2026-09-25,RNVDAUSDT,spot,NVDA,223.41,223.42,223.415,0.4476,40.0,218.0,223.07,870769889.1456
2026-09-24T16:27:23.217Z,1790267243217,2026-09-25,NVDAUSDT,perp,NVDA,223.47,223.48,223.475,0.4475,59.67,5.0,223.47,11022178.3891
2026-09-24T16:27:23.217Z,1790267243217,2026-09-25,RAAPLUSDT,spot,AAPL,337.71,337.79,337.75,2.3686,165.0,51.0,337.56,461385061.765871
2026-09-24T16:27:23.217Z,1790267243217,2026-09-25,AAPLUSDT,perp,AAPL,337.99,338.0,337.995,0.2959,13.92,1.69,337.93,6463853.3971
2026-09-24T16:27:23.217Z,1790267243217,2026-09-25,RMETAUSDT,spot,META,769.84,770.0,769.9200000000001,2.0781,59.0,15.0,768.86,1903278378.079
2026-09-24T16:27:23.217Z,1790267243217,2026-09-25,METAUSDT,perp,META,769.69,769.78,769.735,1.1692,2.34,7.98,769.79,14190211.8823
2026-09-24T16:27:23.217Z,1790267243217,2026-09-25,RGOOGLUSDT,spot,GOOGL,340.6,340.66,340.63,1.7614,50.0,10.0,340.62,467219079.39556426
2026-09-24T16:27:23.217Z,1790267243217,2026-09-25,GOOGLUSDT,perp,GOOGL,341.16,341.18,341.17,0.5862,1.45,0.06,341.1,6668031.4984
2026-09-24T16:27:23.217Z,1790267243217,2026-09-25,RSPYUSDT,spot,SPY,766.86,766.91,766.885,0.652,1640.0,220.0,766.81,2010535500.4361427
2026-09-24T16:27:23.217Z,1790267243217,2026-09-25,SPYUSDT,perp,SPY,767.63,767.64,767.635,0.1303,0.18,0.45,767.18,4039642.1761
2026-09-24T16:27:23.217Z,1790267243217,2026-09-25,RQQQUSDT,spot,QQQ,739.27,739.31,739.29,0.5411,140.0,860.0,739.21,1864314057.6623905
2026-09-24T16:27:23.217Z,1790267243217,2026-09-25,QQQUSDT,perp,QQQ,740.12,740.13,740.125,0.1351,154.4,6.54,740.06,5693789.901
2026-09-24T16:27:23.217Z,1790267243217,2026-09-25,RSOXLUSDT,spot,SOXL,143.34,143.38,143.36,2.7902,110.0,20.0,142.84,760112142.4195862
2026-09-24T16:27:23.217Z,1790267243217,2026-09-25,SOXLUSDT,perp,SOXL,143.08,143.1,143.09,1.3977,83.86,591.74,143.1,147839889.6581
2026-09-24T16:27:23.217Z,1790267243217,2026-09-25,RHOODUSDT,spot,HOOD,122.07,122.14,122.10499999999999,5.7328,10.0,9.0,121.91,113363280.85308257
2026-09-24T16:27:23.217Z,1790267243217,2026-09-25,HOODUSDT,perp,HOOD,122.07,122.12,122.095,4.0952,37.31,19.4,122.09,7835972.1213
2026-09-24T16:27:23.217Z,1790267243217,2026-09-25,RMRVLUSDT,spot,MRVL,257.36,257.68,257.52,12.4262,40.0,20.0,257.55,146368922.55500665
2026-09-24T16:27:23.217Z,1790267243217,2026-09-25,MRVLUSDT,perp,MRVL,257.71,257.73,257.72,0.776,32.61,93.13,257.83,9533754.8269
2026-09-24T16:28:23.231Z,1790267303231,2026-09-25,RTSLAUSDT,spot,TSLA,379.74,379.86,379.8,3.1596,15.0,80.0,379.85,989564481.1016
2026-09-24T16:28:23.231Z,1790267303231,2026-09-25,TSLAUSDT,perp,TSLA,380.06,380.1,380.08000000000004,1.0524,0.38,89.51,380.08,20029309.1587
2026-09-24T16:28:23.231Z,1790267303231,2026-09-25,RNVDAUSDT,spot,NVDA,223.26,223.28,223.26999999999998,0.8958,219.0,637.0,223.32,890002444.5603
2026-09-24T16:28:23.231Z,1790267303231,2026-09-25,NVDAUSDT,perp,NVDA,223.62,223.63,223.625,0.4472,59.5,5.71,223.65,11027916.4993
2026-09-24T16:28:23.231Z,1790267303231,2026-09-25,RAAPLUSDT,spot,AAPL,337.5,337.55,337.525,1.4814,123.0,118.0,337.78,469016586.285271
2026-09-24T16:28:23.231Z,1790267303231,2026-09-25,AAPLUSDT,perp,AAPL,338.02,338.03,338.025,0.2958,163.92,0.51,338.03,6472288.6866
2026-09-24T16:28:23.231Z,1790267303231,2026-09-25,RMETAUSDT,spot,META,770.32,770.5,770.4100000000001,2.3364,243.0,1.0,769.04,1961423412.83
2026-09-24T16:28:23.231Z,1790267303231,2026-09-25,METAUSDT,perp,META,769.49,769.64,769.565,1.9492,5.28,3.68,769.61,14196409.2633
2026-09-24T16:28:23.231Z,1790267303231,2026-09-25,RGOOGLUSDT,spot,GOOGL,340.89,340.93,340.90999999999997,1.1733,40.0,10.0,340.85,473061796.22226423
2026-09-24T16:28:23.231Z,1790267303231,2026-09-25,GOOGLUSDT,perp,GOOGL,341.35,341.41,341.38,1.7576,8.79,6.19,341.41,6667757.7476
2026-09-24T16:28:23.231Z,1790267303231,2026-09-25,RSPYUSDT,spot,SPY,767.1,767.14,767.12,0.5214,120.0,120.0,767.11,2049778462.4560428
2026-09-24T16:28:23.231Z,1790267303231,2026-09-25,SPYUSDT,perp,SPY,767.76,767.77,767.765,0.1302,50.91,0.04,767.65,4039649.8526
2026-09-24T16:28:23.231Z,1790267303231,2026-09-25,RQQQUSDT,spot,QQQ,739.59,739.67,739.63,1.0816,320.0,841.0,739.57,1933152657.4768903
2026-09-24T16:28:23.231Z,1790267303231,2026-09-25,QQQUSDT,perp,QQQ,740.37,740.38,740.375,0.1351,0.51,7.23,740.27,5686323.0883
2026-09-24T16:28:23.231Z,1790267303231,2026-09-25,RSOXLUSDT,spot,SOXL,142.37,142.47,142.42000000000002,7.0215,41.0,28.0,143.2,775014484.9786862
2026-09-24T16:28:23.231Z,1790267303231,2026-09-25,SOXLUSDT,perp,SOXL,143.32,143.34,143.32999999999998,1.3954,94.04,42.3,143.32,147986935.7969
2026-09-24T16:28:23.231Z,1790267303231,2026-09-25,RHOODUSDT,spot,HOOD,121.91,122.0,121.955,7.3798,262.0,193.0,121.92,115986825.42548256
2026-09-24T16:28:23.231Z,1790267303231,2026-09-25,HOODUSDT,perp,HOOD,122.07,122.1,122.085,2.4573,30.4,15.97,122.07,7835039.7504
2026-09-24T16:28:23.231Z,1790267303231,2026-09-25,RMRVLUSDT,spot,MRVL,257.51,257.61,257.56,3.8826,60.0,5.0,257.65,148801376.53200665
2026-09-24T16:28:23.231Z,1790267303231,2026-09-25,MRVLUSDT,perp,MRVL,257.78,257.81,257.79499999999996,1.1637,9.82,1.05,257.74,9517324.1802
2026-09-24T16:29:23.245Z,1790267363245,2026-09-25,RTSLAUSDT,spot,TSLA,379.98,380.05,380.015,1.842,3.0,40.0,379.98,1011552154.2099
2026-09-24T16:29:23.245Z,1790267363245,2026-09-25,TSLAUSDT,perp,TSLA,380.07,380.14,380.105,1.8416,0.38,3.24,380.13,20034724.7878
2026-09-24T16:29:23.245Z,1790267363245,2026-09-25,RNVDAUSDT,spot,NVDA,223.32,223.34,223.32999999999998,0.8955,309.0,70.0,223.4,919113535.0396
2026-09-24T16:29:23.245Z,1790267363245,2026-09-25,NVDAUSDT,perp,NVDA,223.68,223.69,223.685,0.4471,0.38,34.08,223.69,11040483.1387
2026-09-24T16:29:23.245Z,1790267363245,2026-09-25,RAAPLUSDT,spot,AAPL,337.71,337.75,337.73,1.1844,100.0,20.0,337.86,474020945.148471
2026-09-24T16:29:23.245Z,1790267363245,2026-09-25,AAPLUSDT,perp,AAPL,338.08,338.09,338.085,0.2958,181.41,3.69,338.06,6477117.5669
2026-09-24T16:29:23.245Z,1790267363245,2026-09-25,RMETAUSDT,spot,META,770.0,770.21,770.105,2.7269,249.0,11.0,768.7,2034243379.8603
2026-09-24T16:29:23.245Z,1790267363245,2026-09-25,METAUSDT,perp,META,768.92,769.13,769.025,2.7307,6.18,2.09,769.14,14180869.2772
2026-09-24T16:29:23.245Z,1790267363245,2026-09-25,RGOOGLUSDT,spot,GOOGL,340.8,340.92,340.86,3.5205,121.0,66.0,340.87,506213398.45766425
2026-09-24T16:29:23.245Z,1790267363245,2026-09-25,GOOGLUSDT,perp,GOOGL,341.4,341.43,341.41499999999996,0.8787,27.14,4.42,341.38,6631525.158
2026-09-24T16:29:23.245Z,1790267363245,2026-09-25,RSPYUSDT,spot,SPY,767.15,767.19,767.1700000000001,0.5214,660.0,240.0,767.21,2069231434.1690428
2026-09-24T16:29:23.245Z,1790267363245,2026-09-25,SPYUSDT,perp,SPY,767.84,767.85,767.845,0.1302,46.85,0.05,767.82,4042751.812
2026-09-24T16:29:23.245Z,1790267363245,2026-09-25,RQQQUSDT,spot,QQQ,739.54,739.6,739.5699999999999,0.8113,865.0,840.0,739.55,2058167705.5294905
2026-09-24T16:29:23.245Z,1790267363245,2026-09-25,QQQUSDT,perp,QQQ,740.37,740.38,740.375,0.1351,0.45,2.76,740.35,5690306.5358
2026-09-24T16:29:23.245Z,1790267363245,2026-09-25,RSOXLUSDT,spot,SOXL,142.93,142.99,142.96,4.197,101.0,30.0,143.1,793040621.0926862
2026-09-24T16:29:23.245Z,1790267363245,2026-09-25,SOXLUSDT,perp,SOXL,143.23,143.24,143.235,0.6982,41.8,83.79,143.24,148115770.2
2026-09-24T16:29:23.245Z,1790267363245,2026-09-25,RHOODUSDT,spot,HOOD,121.8,121.86,121.83,4.9249,25.0,520.0,122.09,117677366.09048256
2026-09-24T16:29:23.245Z,1790267363245,2026-09-25,HOODUSDT,perp,HOOD,122.27,122.33,122.3,4.906,6.55,407.69,122.31,7848776.8069
2026-09-24T16:29:23.245Z,1790267363245,2026-09-25,RMRVLUSDT,spot,MRVL,257.53,257.68,257.605,5.8229,3.0,1027.0,257.59,150047687.75400665
2026-09-24T16:29:23.245Z,1790267363245,2026-09-25,MRVLUSDT,perp,MRVL,257.79,257.82,257.805,1.1637,17.27,1.05,257.81,9509409.1428
2026-09-24T16:30:23.249Z,1790267423249,2026-09-25,RTSLAUSDT,spot,TSLA,380.4,380.54,380.47,3.6797,745.0,53.0,380.4,1062761124.2524
2026-09-24T16:30:23.249Z,1790267423249,2026-09-25,TSLAUSDT,perp,TSLA,380.62,380.69,380.655,1.8389,2.78,1.04,380.6,20081941.8979
2026-09-24T16:30:23.249Z,1790267423249,2026-09-25,RNVDAUSDT,spot,NVDA,222.98,223.0,222.99,0.8969,1568.0,448.0,223.36,944641575.7445
2026-09-24T16:30:23.249Z,1790267423249,2026-09-25,NVDAUSDT,perp,NVDA,223.68,223.69,223.685,0.4471,53.84,42.92,223.69,11038225.6198
2026-09-24T16:30:23.249Z,1790267423249,2026-09-25,RAAPLUSDT,spot,AAPL,337.57,337.63,337.6,1.7773,22.0,20.0,337.85,478795438.744971
2026-09-24T16:30:23.249Z,1790267423249,2026-09-25,AAPLUSDT,perp,AAPL,338.1,338.11,338.105,0.2958,110.23,1.16,338.06,6470653.0076
2026-09-24T16:30:23.249Z,1790267423249,2026-09-25,RMETAUSDT,spot,META,769.23,769.55,769.39,4.1591,4.0,174.0,768.37,2067883554.1003
2026-09-24T16:30:23.249Z,1790267423249,2026-09-25,METAUSDT,perp,META,768.78,768.91,768.845,1.6908,0.01,1.93,768.9,14178176.142
2026-09-24T16:30:23.249Z,1790267423249,2026-09-25,RGOOGLUSDT,spot,GOOGL,340.92,340.97,340.94500000000005,1.4665,10.0,40.0,340.94,523019233.07036424
2026-09-24T16:30:23.249Z,1790267423249,2026-09-25,GOOGLUSDT,perp,GOOGL,341.32,341.39,341.355,2.0507,35.23,1.57,341.39,6618679.5643
2026-09-24T16:30:23.249Z,1790267423249,2026-09-25,RSPYUSDT,spot,SPY,767.09,767.12,767.105,0.3911,100.0,640.0,767.13,2098313773.8696427
2026-09-24T16:30:23.249Z,1790267423249,2026-09-25,SPYUSDT,perp,SPY,767.84,767.85,767.845,0.1302,0.01,1.34,767.66,4042313.312
2026-09-24T16:30:23.249Z,1790267423249,2026-09-25,RQQQUSDT,spot,QQQ,739.56,739.61,739.585,0.6761,65.0,800.0,739.56,2083403679.1249905
2026-09-24T16:30:23.249Z,1790267423249,2026-09-25,QQQUSDT,perp,QQQ,740.29,740.3,740.295,0.1351,206.06,3.89,740.42,5689309.9715
2026-09-24T16:30:23.249Z,1790267423249,2026-09-25,RSOXLUSDT,spot,SOXL,142.87,142.9,142.885,2.0996,20.0,130.0,143.01,869975290.9568572
2026-09-24T16:30:23.249Z,1790267423249,2026-09-25,SOXLUSDT,perp,SOXL,143.0,143.02,143.01,1.3985,56.48,3.99,143.0,148206216.9946
2026-09-24T16:30:23.249Z,1790267423249,2026-09-25,RHOODUSDT,spot,HOOD,121.63,121.72,121.675,7.3968,40.0,600.0,121.8,120304417.65128256
2026-09-24T16:30:23.249Z,1790267423249,2026-09-25,HOODUSDT,perp,HOOD,121.92,121.98,121.95,4.92,51.66,12.32,121.9,7873913.6609
2026-09-24T16:30:23.249Z,1790267423249,2026-09-25,RMRVLUSDT,spot,MRVL,257.34,257.54,257.44,7.7688,221.0,125.0,257.37,152040217.40400666
2026-09-24T16:30:23.249Z,1790267423249,2026-09-25,MRVLUSDT,perp,MRVL,257.63,257.64,257.635,0.3881,50.34,1.47,257.61,9532862.5781
2026-09-24T16:31:23.257Z,1790267483257,2026-09-25,RTSLAUSDT,spot,TSLA,380.19,380.27,380.23,2.104,4.0,79.0,380.25,1100354649.1741
2026-09-24T16:31:23.257Z,1790267483257,2026-09-25,TSLAUSDT,perp,TSLA,380.43,380.48,380.45500000000004,1.3142,1.59,15.78,380.43,20138251.8771
2026-09-24T16:31:23.257Z,1790267483257,2026-09-25,RNVDAUSDT,spot,NVDA,223.2,223.22,223.20999999999998,0.896,200.0,40.0,223.44,961120984.5974
2026-09-24T16:31:23.257Z,1790267483257,2026-09-25,NVDAUSDT,perp,NVDA,223.7,223.71,223.70499999999998,0.447,1.4,8.12,223.7,11041808.372
2026-09-24T16:31:23.257Z,1790267483257,2026-09-25,RAAPLUSDT,spot,AAPL,337.51,337.57,337.53999999999996,1.7776,6.0,60.0,337.95,485361922.460371
2026-09-24T16:31:23.257Z,1790267483257,2026-09-25,AAPLUSDT,perp,AAPL,338.14,338.15,338.145,0.2957,1.95,4.78,338.21,6475500.1195
2026-09-24T16:31:23.257Z,1790267483257,2026-09-25,RMETAUSDT,spot,META,769.1,769.53,769.315,5.5894,162.0,41.0,767.52,2097075640.6041
2026-09-24T16:31:23.257Z,1790267483257,2026-09-25,METAUSDT,perp,META,768.01,768.1,768.0550000000001,1.1718,5.84,1.78,768.21,14175518.2207
2026-09-24T16:31:23.257Z,1790267483257,2026-09-25,RGOOGLUSDT,spot,GOOGL,340.91,340.95,340.93,1.1733,42.0,10.0,340.94,531407038.62106425
2026-09-24T16:31:23.257Z,1790267483257,2026-09-25,GOOGLUSDT,perp,GOOGL,341.36,341.38,341.37,0.5859,19.42,4.14,341.5,6608510.2887
2026-09-24T16:31:23.257Z,1790267483257,2026-09-25,RSPYUSDT,spot,SPY,767.04,767.07,767.0550000000001,0.3911,200.0,120.0,767.03,2123819184.1976428
2026-09-24T16:31:23.257Z,1790267483257,2026-09-25,SPYUSDT,perp,SPY,767.58,767.59,767.585,0.1303,47.62,1.57,767.63,4047350.209
2026-09-24T16:31:23.257Z,1790267483257,2026-09-25,RQQQUSDT,spot,QQQ,739.4,739.41,739.405,0.1352,20.0,800.0,739.33,2108821437.2678905
2026-09-24T16:31:23.257Z,1790267483257,2026-09-25,QQQUSDT,perp,QQQ,740.06,740.07,740.065,0.1351,154.21,0.62,740.42,5689287.7382
2026-09-24T16:31:23.257Z,1790267483257,2026-09-25,RSOXLUSDT,spot,SOXL,143.18,143.21,143.195,2.095,20.0,100.0,143.0,880326778.4624572
2026-09-24T16:31:23.257Z,1790267483257,2026-09-25,SOXLUSDT,perp,SOXL,143.14,143.16,143.14999999999998,1.3971,20.09,3.29,143.15,148279865.4175
2026-09-24T16:31:23.257Z,1790267483257,2026-09-25,RHOODUSDT,spot,HOOD,121.64,121.7,121.67,4.9314,100.0,601.0,121.68,123080008.15628256
2026-09-24T16:31:23.257Z,1790267483257,2026-09-25,HOODUSDT,perp,HOOD,121.82,121.89,121.85499999999999,5.7445,50.99,13.18,121.93,7874990.7028
2026-09-24T16:31:23.257Z,1790267483257,2026-09-25,RMRVLUSDT,spot,MRVL,257.67,257.88,257.775,8.1466,255.0,37.0,257.78,155789200.25680664
2026-09-24T16:31:23.257Z,1790267483257,2026-09-25,MRVLUSDT,perp,MRVL,257.93,257.97,257.95000000000005,1.5507,17.18,2.1,257.9,9540924.2853
2026-09-24T16:32:23.270Z,1790267543270,2026-09-25,RTSLAUSDT,spot,TSLA,379.41,379.5,379.45500000000004,2.3718,60.0,100.0,379.6,1135568193.9533
2026-09-24T16:32:23.270Z,1790267543270,2026-09-25,TSLAUSDT,perp,TSLA,379.58,379.63,379.605,1.3172,0.13,0.38,379.58,20141731.8055
2026-09-24T16:32:23.270Z,1790267543270,2026-09-25,RNVDAUSDT,spot,NVDA,223.17,223.2,223.185,1.3442,203.0,306.0,223.23,1005844025.3733
2026-09-24T16:32:23.270Z,1790267543270,2026-09-25,NVDAUSDT,perp,NVDA,223.52,223.53,223.525,0.4474,8.58,33.27,223.52,11046762.5434
2026-09-24T16:32:23.270Z,1790267543270,2026-09-25,RAAPLUSDT,spot,AAPL,337.65,337.72,337.685,2.0729,22.0,45.0,337.63,496385608.173771
2026-09-24T16:32:23.270Z,1790267543270,2026-09-25,AAPLUSDT,perp,AAPL,337.75,337.76,337.755,0.2961,16.14,1.1,337.81,6476723.0538
2026-09-24T16:32:23.270Z,1790267543270,2026-09-25,RMETAUSDT,spot,META,768.85,769.23,769.04,4.9412,43.0,40.0,766.96,2131895718.2343
2026-09-24T16:32:23.270Z,1790267543270,2026-09-25,METAUSDT,perp,META,767.33,767.46,767.395,1.694,1.65,1.65,767.36,14172406.9213
2026-09-24T16:32:23.270Z,1790267543270,2026-09-25,RGOOGLUSDT,spot,GOOGL,340.67,340.71,340.69,1.1741,10.0,40.0,340.69,541269592.9482642
2026-09-24T16:32:23.270Z,1790267543270,2026-09-25,GOOGLUSDT,perp,GOOGL,341.17,341.18,341.175,0.2931,8.93,4.01,341.15,6594092.6183
2026-09-24T16:32:23.270Z,1790267543270,2026-09-25,RSPYUSDT,spot,SPY,766.43,766.47,766.45,0.5219,445.0,180.0,766.47,2159162271.3169427
2026-09-24T16:32:23.270Z,1790267543270,2026-09-25,SPYUSDT,perp,SPY,767.14,767.15,767.145,0.1304,0.39,1.34,767.01,4047680.026
2026-09-24T16:32:23.270Z,1790267543270,2026-09-25,RQQQUSDT,spot,QQQ,738.84,738.86,738.85,0.2707,100.0,1.0,738.87,2232879858.2959905
2026-09-24T16:32:23.270Z,1790267543270,2026-09-25,QQQUSDT,perp,QQQ,739.6,739.61,739.605,0.1352,81.58,0.26,739.5,5690553.3717
2026-09-24T16:32:23.270Z,1790267543270,2026-09-25,RSOXLUSDT,spot,SOXL,142.89,142.93,142.91,2.799,40.0,100.0,142.62,890119004.9682572
2026-09-24T16:32:23.270Z,1790267543270,2026-09-25,SOXLUSDT,perp,SOXL,142.81,142.82,142.815,0.7002,44.53,599.51,142.82,148418860.8494
2026-09-24T16:32:23.270Z,1790267543270,2026-09-25,RHOODUSDT,spot,HOOD,121.85,121.92,121.88499999999999,5.7431,135.0,90.0,121.52,125262196.36728255
2026-09-24T16:32:23.270Z,1790267543270,2026-09-25,HOODUSDT,perp,HOOD,121.79,121.85,121.82,4.9253,36.48,15.95,121.79,7876829.4667
2026-09-24T16:32:23.270Z,1790267543270,2026-09-25,RMRVLUSDT,spot,MRVL,257.63,257.81,257.72,6.9843,120.0,100.0,257.63,158214448.33670667
2026-09-24T16:32:23.270Z,1790267543270,2026-09-25,MRVLUSDT,perp,MRVL,257.92,257.95,257.935,1.1631,0.21,93.11,257.9,9552101.4266
2026-09-24T16:33:23.274Z,1790267603274,2026-09-25,RTSLAUSDT,spot,TSLA,379.65,379.79,379.72,3.6869,3.0,9.0,379.72,1163791271.5382
2026-09-24T16:33:23.274Z,1790267603274,2026-09-25,TSLAUSDT,perp,TSLA,379.88,379.93,379.905,1.3161,20.77,15.78,379.93,20170867.9752
2026-09-24T16:33:23.274Z,1790267603274,2026-09-25,RNVDAUSDT,spot,NVDA,223.31,223.32,223.315,0.4478,40.0,30.0,223.3,1025679031.2818
2026-09-24T16:33:23.274Z,1790267603274,2026-09-25,NVDAUSDT,perp,NVDA,223.57,223.58,223.575,0.4473,58.61,7.32,223.56,11052669.3516
2026-09-24T16:33:23.274Z,1790267603274,2026-09-25,RAAPLUSDT,spot,AAPL,337.75,337.79,337.77,1.1842,182.0,19.0,337.69,502286019.423771
2026-09-24T16:33:23.274Z,1790267603274,2026-09-25,AAPLUSDT,perp,AAPL,337.94,337.96,337.95,0.5918,3.24,4.28,337.84,6480635.3587
2026-09-24T16:33:23.274Z,1790267603274,2026-09-25,RMETAUSDT,spot,META,768.41,768.65,768.53,3.1228,16.0,1.0,766.51,2155716503.1543
2026-09-24T16:33:23.274Z,1790267603274,2026-09-25,METAUSDT,perp,META,767.16,767.28,767.22,1.5641,1.52,1.52,767.3,14152579.3369
2026-09-24T16:33:23.274Z,1790267603274,2026-09-25,RGOOGLUSDT,spot,GOOGL,341.24,341.3,341.27,1.7581,10.0,45.0,341.26,550455870.8496642
2026-09-24T16:33:23.274Z,1790267603274,2026-09-25,GOOGLUSDT,perp,GOOGL,341.69,341.72,341.70500000000004,0.878,0.07,3.94,341.57,6590860.1516
2026-09-24T16:33:23.274Z,1790267603274,2026-09-25,RSPYUSDT,spot,SPY,766.77,766.8,766.785,0.3912,100.0,140.0,766.74,2224603834.8854427
2026-09-24T16:33:23.274Z,1790267603274,2026-09-25,SPYUSDT,perp,SPY,767.39,767.4,767.395,0.1303,48.71,3.9,767.38,4058851.5314
2026-09-24T16:33:23.274Z,1790267603274,2026-09-25,RQQQUSDT,spot,QQQ,739.11,739.14,739.125,0.4059,140.0,840.0,739.1,2262995701.8499904
2026-09-24T16:33:23.274Z,1790267603274,2026-09-25,QQQUSDT,perp,QQQ,739.84,739.85,739.845,0.1352,76.82,3.0,739.88,5694953.297
2026-09-24T16:33:23.274Z,1790267603274,2026-09-25,RSOXLUSDT,spot,SOXL,142.84,142.9,142.87,4.1996,150.0,102.0,142.65,900122145.1520572
2026-09-24T16:33:23.274Z,1790267603274,2026-09-25,SOXLUSDT,perp,SOXL,142.94,142.95,142.945,0.6996,335.88,246.24,142.96,148515038.7228
2026-09-24T16:33:23.274Z,1790267603274,2026-09-25,RHOODUSDT,spot,HOOD,122.01,122.09,122.05000000000001,6.5547,20.0,630.0,121.57,127965631.11628257
2026-09-24T16:33:23.274Z,1790267603274,2026-09-25,HOODUSDT,perp,HOOD,121.66,121.7,121.68,3.2873,30.49,30.4,121.78,7878339.7265
2026-09-24T16:33:23.274Z,1790267603274,2026-09-25,RMRVLUSDT,spot,MRVL,257.55,257.68,257.615,5.0463,181.0,21.0,257.8,161216605.70020667
2026-09-24T16:33:23.274Z,1790267603274,2026-09-25,MRVLUSDT,perp,MRVL,257.86,257.88,257.87,0.7756,17.18,2.1,257.84,9558642.822
2026-09-24T16:34:23.284Z,1790267663284,2026-09-25,RTSLAUSDT,spot,TSLA,379.68,379.75,379.71500000000003,1.8435,84.0,102.0,379.72,1184182539.6881
2026-09-24T16:34:23.284Z,1790267663284,2026-09-25,TSLAUSDT,perp,TSLA,379.99,380.0,379.995,0.2632,1.97,15.78,379.93,20208571.2672
2026-09-24T16:34:23.284Z,1790267663284,2026-09-25,RNVDAUSDT,spot,NVDA,223.31,223.33,223.32,0.8956,176.0,390.0,223.39,1044109372.6194
2026-09-24T16:34:23.284Z,1790267663284,2026-09-25,NVDAUSDT,perp,NVDA,223.62,223.63,223.625,0.4472,70.62,54.91,223.63,11055443.2963
2026-09-24T16:34:23.284Z,1790267663284,2026-09-25,RAAPLUSDT,spot,AAPL,337.76,337.81,337.78499999999997,1.4802,66.0,59.0,337.78,529937055.4058988
2026-09-24T16:34:23.284Z,1790267663284,2026-09-25,AAPLUSDT,perp,AAPL,338.01,338.02,338.015,0.2958,17.97,4.61,338.03,6480686.0971
2026-09-24T16:34:23.284Z,1790267663284,2026-09-25,RMETAUSDT,spot,META,767.85,768.19,768.02,4.427,79.0,80.0,766.66,2177317888.272
2026-09-24T16:34:23.284Z,1790267663284,2026-09-25,METAUSDT,perp,META,767.0,767.18,767.0899999999999,2.3465,0.03,1.41,767.07,14151074.3373
2026-09-24T16:34:23.284Z,1790267663284,2026-09-25,RGOOGLUSDT,spot,GOOGL,341.39,341.44,341.41499999999996,1.4645,23.0,110.0,341.41,598139310.7282935
2026-09-24T16:34:23.284Z,1790267663284,2026-09-25,GOOGLUSDT,perp,GOOGL,341.81,341.86,341.83500000000004,1.4627,8.78,7.75,341.88,6580110.6214
2026-09-24T16:34:23.284Z,1790267663284,2026-09-25,RSPYUSDT,spot,SPY,766.81,766.85,766.8299999999999,0.5216,240.0,826.0,766.84,2355619798.8590236
2026-09-24T16:34:23.284Z,1790267663284,2026-09-25,SPYUSDT,perp,SPY,767.33,767.34,767.335,0.1303,79.58,0.01,767.39,4067408.058
2026-09-24T16:34:23.284Z,1790267663284,2026-09-25,RQQQUSDT,spot,QQQ,739.09,739.12,739.105,0.4059,25.0,176.0,739.21,2352753415.0437164
2026-09-24T16:34:23.284Z,1790267663284,2026-09-25,QQQUSDT,perp,QQQ,739.77,739.78,739.775,0.1352,243.35,4.85,739.9,5699162.3217
2026-09-24T16:34:23.284Z,1790267663284,2026-09-25,RSOXLUSDT,spot,SOXL,142.62,142.67,142.64499999999998,3.5052,110.0,50.0,142.81,903947107.5836571
2026-09-24T16:34:23.284Z,1790267663284,2026-09-25,SOXLUSDT,perp,SOXL,142.84,142.85,142.845,0.7001,229.65,7.17,142.84,148737011.8923
2026-09-24T16:34:23.284Z,1790267663284,2026-09-25,RHOODUSDT,spot,HOOD,121.81,121.88,121.845,5.745,10.0,610.0,121.48,140125147.21448708
2026-09-24T16:34:23.284Z,1790267663284,2026-09-25,HOODUSDT,perp,HOOD,121.62,121.64,121.63,1.6443,30.4,30.4,121.64,7879587.0318
2026-09-24T16:34:23.284Z,1790267663284,2026-09-25,RMRVLUSDT,spot,MRVL,257.67,257.93,257.8,10.0853,3.0,14.0,257.8,174789007.41310725
2026-09-24T16:34:23.284Z,1790267663284,2026-09-25,MRVLUSDT,perp,MRVL,257.91,257.95,257.93,1.5508,2.06,2.91,258.03,9585673.4705
2026-09-24T16:35:23.296Z,1790267723296,2026-09-25,RTSLAUSDT,spot,TSLA,379.55,379.65,379.6,2.6344,2.0,378.0,379.52,1198134978.7831
2026-09-24T16:35:23.296Z,1790267723296,2026-09-25,TSLAUSDT,perp,TSLA,379.77,379.79,379.78,0.5266,0.62,15.78,379.88,20169692.9719
2026-09-24T16:35:23.296Z,1790267723296,2026-09-25,RNVDAUSDT,spot,NVDA,223.37,223.39,223.38,0.8953,100.0,225.0,223.4,1055816622.2023
2026-09-24T16:35:23.296Z,1790267723296,2026-09-25,NVDAUSDT,perp,NVDA,223.66,223.67,223.665,0.4471,70.14,42.01,223.67,11064021.2943
2026-09-24T16:35:23.296Z,1790267723296,2026-09-25,RAAPLUSDT,spot,AAPL,337.86,337.88,337.87,0.5919,1.0,81.0,337.87,583022375.1794988
2026-09-24T16:35:23.296Z,1790267723296,2026-09-25,AAPLUSDT,perp,AAPL,338.08,338.09,338.085,0.2958,0.06,15.88,338.11,6490206.3672
2026-09-24T16:35:23.296Z,1790267723296,2026-09-25,RMETAUSDT,spot,META,767.11,767.26,767.185,1.9552,40.0,80.0,767.61,2207065626.0881
2026-09-24T16:35:23.296Z,1790267723296,2026-09-25,METAUSDT,perp,META,768.07,768.16,768.115,1.1717,4.05,1.32,768.31,14165704.8183
2026-09-24T16:35:23.296Z,1790267723296,2026-09-25,RGOOGLUSDT,spot,GOOGL,341.24,341.28,341.26,1.1721,48.0,140.0,341.24,608034942.8093935
2026-09-24T16:35:23.296Z,1790267723296,2026-09-25,GOOGLUSDT,perp,GOOGL,341.63,341.64,341.635,0.2927,48.0,0.26,341.62,6730847.2352
2026-09-24T16:35:23.296Z,1790267723296,2026-09-25,RSPYUSDT,spot,SPY,766.89,766.92,766.905,0.3912,390.0,290.0,766.93,2374923043.9922233
2026-09-24T16:35:23.296Z,1790267723296,2026-09-25,SPYUSDT,perp,SPY,767.6,767.61,767.605,0.1303,0.43,6.52,767.46,4075358.0665
2026-09-24T16:35:23.296Z,1790267723296,2026-09-25,RQQQUSDT,spot,QQQ,739.39,739.42,739.405,0.4057,280.0,376.0,739.41,2378735406.1174164
2026-09-24T16:35:23.296Z,1790267723296,2026-09-25,QQQUSDT,perp,QQQ,740.18,740.19,740.185,0.1351,3.31,5.64,739.9,5699695.0006
2026-09-24T16:35:23.296Z,1790267723296,2026-09-25,RSOXLUSDT,spot,SOXL,142.83,142.88,142.85500000000002,3.5001,113.0,32.0,143.07,912247120.4298571
2026-09-24T16:35:23.296Z,1790267723296,2026-09-25,SOXLUSDT,perp,SOXL,143.22,143.23,143.225,0.6982,35.37,7.95,143.18,148778806.601
2026-09-24T16:35:23.296Z,1790267723296,2026-09-25,RHOODUSDT,spot,HOOD,121.75,121.77,121.75999999999999,1.6426,7.0,10.0,121.43,141051390.46448708
2026-09-24T16:35:23.296Z,1790267723296,2026-09-25,HOODUSDT,perp,HOOD,121.63,121.66,121.645,2.4662,30.4,30.4,121.6,7879581.6038
2026-09-24T16:35:23.296Z,1790267723296,2026-09-25,RMRVLUSDT,spot,MRVL,257.86,258.04,257.95000000000005,6.9781,1.0,112.0,257.95,176443274.67810723
2026-09-24T16:35:23.296Z,1790267723296,2026-09-25,MRVLUSDT,perp,MRVL,258.34,258.37,258.355,1.1612,0.19,1.5,258.35,9583090.0224
2026-09-24T16:36:23.311Z,1790267783311,2026-09-25,RTSLAUSDT,spot,TSLA,379.81,379.9,379.855,2.3693,39.0,277.0,379.92,1220854589.6142
2026-09-24T16:36:23.311Z,1790267783311,2026-09-25,TSLAUSDT,perp,TSLA,380.1,380.13,380.115,0.7892,0.21,105.27,380.1,20185090.8564
2026-09-24T16:36:23.311Z,1790267783311,2026-09-25,RNVDAUSDT,spot,NVDA,223.36,223.38,223.37,0.8954,30.0,20.0,223.74,1085792739.2851
2026-09-24T16:36:23.311Z,1790267783311,2026-09-25,NVDAUSDT,perp,NVDA,223.99,224.0,223.995,0.4464,1.07,25.79,223.99,11078872.0956
2026-09-24T16:36:23.311Z,1790267783311,2026-09-25,RAAPLUSDT,spot,AAPL,337.94,337.99,337.96500000000003,1.4794,440.0,20.0,337.84,585511778.0592988
2026-09-24T16:36:23.311Z,1790267783311,2026-09-25,AAPLUSDT,perp,AAPL,338.08,338.09,338.085,0.2958,2.17,13.42,338.07,6488949.1046
2026-09-24T16:36:23.311Z,1790267783311,2026-09-25,RMETAUSDT,spot,META,767.11,767.39,767.25,3.6494,10.0,40.0,769.2,2240552805.8405
2026-09-24T16:36:23.311Z,1790267783311,2026-09-25,METAUSDT,perp,META,769.78,769.89,769.835,1.4289,1.67,0.32,770.13,14180037.0033
2026-09-24T16:36:23.311Z,1790267783311,2026-09-25,RGOOGLUSDT,spot,GOOGL,341.5,341.54,341.52,1.1712,27.0,120.0,341.5,619560106.5195935
2026-09-24T16:36:23.311Z,1790267783311,2026-09-25,GOOGLUSDT,perp,GOOGL,341.91,341.94,341.925,0.8774,10.63,12.67,341.91,6716354.122
2026-09-24T16:36:23.311Z,1790267783311,2026-09-25,RSPYUSDT,spot,SPY,767.47,767.5,767.485,0.3909,210.0,126.0,767.51,2409247270.3368235
2026-09-24T16:36:23.311Z,1790267783311,2026-09-25,SPYUSDT,perp,SPY,768.17,768.18,768.175,0.1302,0.42,0.42,768.02,4075450.1478
2026-09-24T16:36:23.311Z,1790267783311,2026-09-25,RQQQUSDT,spot,QQQ,740.28,740.3,740.29,0.2702,100.0,266.0,740.2,2423515280.401716
2026-09-24T16:36:23.311Z,1790267783311,2026-09-25,QQQUSDT,perp,QQQ,741.01,741.02,741.015,0.135,152.06,4.95,740.96,5699842.1088
2026-09-24T16:36:23.311Z,1790267783311,2026-09-25,RSOXLUSDT,spot,SOXL,142.72,142.77,142.745,3.5027,112.0,30.0,144.17,937458313.2671572
2026-09-24T16:36:23.311Z,1790267783311,2026-09-25,SOXLUSDT,perp,SOXL,144.28,144.29,144.285,0.6931,25.93,174.26,144.29,149178397.677
2026-09-24T16:36:23.311Z,1790267783311,2026-09-25,RHOODUSDT,spot,HOOD,121.53,121.62,121.575,7.4028,500.0,20.0,121.7,146340766.62368706
2026-09-24T16:36:23.311Z,1790267783311,2026-09-25,HOODUSDT,perp,HOOD,121.89,121.92,121.905,2.4609,30.4,30.4,121.91,7881999.5031
2026-09-24T16:36:23.311Z,1790267783311,2026-09-25,RMRVLUSDT,spot,MRVL,258.84,259.01,258.92499999999995,6.5656,21.0,102.0,258.92,181184868.95010725
2026-09-24T16:36:23.311Z,1790267783311,2026-09-25,MRVLUSDT,perp,MRVL,259.04,259.13,259.08500000000004,3.4738,0.38,3.52,259.16,9587798.9223
2026-09-24T16:37:23.322Z,1790267843322,2026-09-25,RTSLAUSDT,spot,TSLA,380.73,380.77,380.75,1.0506,40.0,123.0,380.65,1270843421.59
2026-09-24T16:37:23.322Z,1790267843322,2026-09-25,TSLAUSDT,perp,TSLA,381.11,381.17,381.14,1.5742,0.48,76.94,381.16,20281456.6163
2026-09-24T16:37:23.322Z,1790267843322,2026-09-25,RNVDAUSDT,spot,NVDA,223.28,223.31,223.29500000000002,1.3435,325.0,206.0,223.97,1113945266.2826
2026-09-24T16:37:23.322Z,1790267843322,2026-09-25,NVDAUSDT,perp,NVDA,224.21,224.22,224.215,0.446,67.28,13.88,224.22,11091666.4966
2026-09-24T16:37:23.322Z,1790267843322,2026-09-25,RAAPLUSDT,spot,AAPL,337.67,337.74,337.70500000000004,2.0728,70.0,20.0,337.75,593951001.2958988
2026-09-24T16:37:23.322Z,1790267843322,2026-09-25,AAPLUSDT,perp,AAPL,338.01,338.02,338.015,0.2958,1.12,5.66,337.93,6491615.3158
2026-09-24T16:37:23.322Z,1790267843322,2026-09-25,RMETAUSDT,spot,META,766.71,766.81,766.76,1.3042,24.0,7.0,770.1,2277994111.1696
2026-09-24T16:37:23.322Z,1790267843322,2026-09-25,METAUSDT,perp,META,770.12,770.23,770.175,1.4282,4.06,1.71,770.23,14192468.2705
2026-09-24T16:37:23.322Z,1790267843322,2026-09-25,RGOOGLUSDT,spot,GOOGL,341.5,341.54,341.52,1.1712,10.0,20.0,341.5,626015767.1096935
2026-09-24T16:37:23.322Z,1790267843322,2026-09-25,GOOGLUSDT,perp,GOOGL,342.06,342.08,342.07,0.5847,0.08,16.97,342.01,6830595.6171
2026-09-24T16:37:23.322Z,1790267843322,2026-09-25,RSPYUSDT,spot,SPY,767.69,767.71,767.7,0.2605,70.0,100.0,767.64,2445428568.7964234
2026-09-24T16:37:23.322Z,1790267843322,2026-09-25,SPYUSDT,perp,SPY,768.43,768.44,768.435,0.1301,0.98,32.24,768.36,4077563.1143
2026-09-24T16:37:23.322Z,1790267843322,2026-09-25,RQQQUSDT,spot,QQQ,740.7,740.71,740.705,0.135,215.0,40.0,740.66,2472927559.179716
2026-09-24T16:37:23.322Z,1790267843322,2026-09-25,QQQUSDT,perp,QQQ,741.46,741.47,741.465,0.1349,4.31,2.99,741.23,5699396.9034
2026-09-24T16:37:23.322Z,1790267843322,2026-09-25,RSOXLUSDT,spot,SOXL,143.38,143.44,143.41,4.1838,12.0,40.0,144.77,977805040.4621571
2026-09-24T16:37:23.322Z,1790267843322,2026-09-25,SOXLUSDT,perp,SOXL,144.88,144.89,144.885,0.6902,503.81,7.36,144.88,149568959.9617
2026-09-24T16:37:23.322Z,1790267843322,2026-09-25,RHOODUSDT,spot,HOOD,121.58,121.66,121.62,6.5779,454.0,20.0,121.6,147210468.11368707
2026-09-24T16:37:23.322Z,1790267843322,2026-09-25,HOODUSDT,perp,HOOD,121.85,121.88,121.865,2.4617,30.4,424.81,121.91,7881999.5031
2026-09-24T16:37:23.322Z,1790267843322,2026-09-25,RMRVLUSDT,spot,MRVL,259.43,259.6,259.515,6.5507,11.0,105.0,259.49,186721824.64010724
2026-09-24T16:37:23.322Z,1790267843322,2026-09-25,MRVLUSDT,perp,MRVL,259.69,259.72,259.70500000000004,1.1552,0.49,5.04,259.75,9605784.0817
2026-09-24T16:38:23.331Z,1790267903331,2026-09-25,RTSLAUSDT,spot,TSLA,381.2,381.25,381.225,1.3116,74.0,6.0,381.24,1344997692.6802
2026-09-24T16:38:23.331Z,1790267903331,2026-09-25,TSLAUSDT,perp,TSLA,381.32,381.38,381.35,1.5734,2.33,18.77,381.4,20355287.0855
2026-09-24T16:38:23.331Z,1790267903331,2026-09-25,RNVDAUSDT,spot,NVDA,223.25,223.27,223.26,0.8958,179.0,265.0,223.97,1141508519.016
2026-09-24T16:38:23.331Z,1790267903331,2026-09-25,NVDAUSDT,perp,NVDA,224.24,224.25,224.245,0.4459,71.01,4.6,224.24,11095223.6945
2026-09-24T16:38:23.331Z,1790267903331,2026-09-25,RAAPLUSDT,spot,AAPL,337.61,337.65,337.63,1.1847,129.0,7.0,337.81,597298427.2038988
2026-09-24T16:38:23.331Z,1790267903331,2026-09-25,AAPLUSDT,perp,AAPL,338.05,338.06,338.055,0.2958,1.03,7.13,338.02,6492399.4946
2026-09-24T16:38:23.331Z,1790267903331,2026-09-25,RMETAUSDT,spot,META,766.95,767.14,767.0450000000001,2.477,51.0,40.0,767.36,2312413719.9551
2026-09-24T16:38:23.331Z,1790267903331,2026-09-25,METAUSDT,perp,META,767.73,767.79,767.76,0.7815,0.01,2.24,767.88,14181950.004
2026-09-24T16:38:23.331Z,1790267903331,2026-09-25,RGOOGLUSDT,spot,GOOGL,341.4,341.43,341.41499999999996,0.8787,4.0,49.0,341.47,638312130.7853935
2026-09-24T16:38:23.331Z,1790267903331,2026-09-25,GOOGLUSDT,perp,GOOGL,341.89,341.9,341.895,0.2925,0.06,33.03,341.92,6863673.1773
2026-09-24T16:38:23.331Z,1790267903331,2026-09-25,RSPYUSDT,spot,SPY,767.61,767.63,767.62,0.2605,130.0,150.0,767.64,2478008754.2760234
2026-09-24T16:38:23.331Z,1790267903331,2026-09-25,SPYUSDT,perp,SPY,768.32,768.33,768.325,0.1302,52.79,0.01,768.43,4077570.7986
2026-09-24T16:38:23.331Z,1790267903331,2026-09-25,RQQQUSDT,spot,QQQ,740.55,740.58,740.565,0.4051,195.0,105.0,740.55,2545153561.720116
2026-09-24T16:38:23.331Z,1790267903331,2026-09-25,QQQUSDT,perp,QQQ,741.32,741.33,741.325,0.1349,10.73,2.51,741.14,5702532.0281
2026-09-24T16:38:23.331Z,1790267903331,2026-09-25,RSOXLUSDT,spot,SOXL,144.19,144.22,144.20499999999998,2.0804,58.0,41.0,144.78,999872222.4000572
2026-09-24T16:38:23.331Z,1790267903331,2026-09-25,SOXLUSDT,perp,SOXL,144.93,144.94,144.935,0.69,5.86,119.93,144.94,149704756.9728
2026-09-24T16:38:23.331Z,1790267903331,2026-09-25,RHOODUSDT,spot,HOOD,121.48,121.56,121.52000000000001,6.5833,500.0,500.0,121.63,148250107.17368707
2026-09-24T16:38:23.331Z,1790267903331,2026-09-25,HOODUSDT,perp,HOOD,121.78,121.84,121.81,4.9257,45.49,30.4,121.91,7881999.5031
2026-09-24T16:38:23.331Z,1790267903331,2026-09-25,RMRVLUSDT,spot,MRVL,259.66,259.8,259.73,5.3902,1232.0,17.0,259.77,193398482.59390724
2026-09-24T16:38:23.331Z,1790267903331,2026-09-25,MRVLUSDT,perp,MRVL,259.76,259.82,259.78999999999996,2.3096,2.76,1.26,259.81,9610842.2687
2026-09-24T16:39:23.345Z,1790267963345,2026-09-25,RTSLAUSDT,spot,TSLA,381.26,381.35,381.305,2.3603,10.0,40.0,381.3,1388000868.9256
2026-09-24T16:39:23.345Z,1790267963345,2026-09-25,TSLAUSDT,perp,TSLA,381.34,381.4,381.37,1.5733,20.47,15.78,381.41,20412233.9783
2026-09-24T16:39:23.345Z,1790267963345,2026-09-25,RNVDAUSDT,spot,NVDA,223.3,223.32,223.31,0.8956,405.0,269.0,223.92,1167365606.2765
2026-09-24T16:39:23.345Z,1790267963345,2026-09-25,NVDAUSDT,perp,NVDA,224.21,224.22,224.215,0.446,3.26,56.83,224.21,11100932.4886
2026-09-24T16:39:23.345Z,1790267963345,2026-09-25,RAAPLUSDT,spot,AAPL,337.69,337.73,337.71000000000004,1.1844,160.0,51.0,337.8,602832517.5804988
2026-09-24T16:39:23.345Z,1790267963345,2026-09-25,AAPLUSDT,perp,AAPL,338.03,338.04,338.03499999999997,0.2958,1.01,23.26,337.95,6501460.5808
2026-09-24T16:39:23.345Z,1790267963345,2026-09-25,RMETAUSDT,spot,META,768.64,768.8,768.72,2.0814,13.0,49.0,767.08,2338399774.2923
2026-09-24T16:39:23.345Z,1790267963345,2026-09-25,METAUSDT,perp,META,767.43,767.59,767.51,2.0847,2.15,0.08,767.67,14144676.3019
2026-09-24T16:39:23.345Z,1790267963345,2026-09-25,RGOOGLUSDT,spot,GOOGL,341.54,341.56,341.55,0.5856,27.0,100.0,341.55,650304133.2187935
2026-09-24T16:39:23.345Z,1790267963345,2026-09-25,GOOGLUSDT,perp,GOOGL,342.0,342.01,342.005,0.2924,10.63,9.84,341.99,6871346.5167
2026-09-24T16:39:23.345Z,1790267963345,2026-09-25,RSPYUSDT,spot,SPY,767.58,767.6,767.59,0.2606,1310.0,40.0,767.58,2538821959.6653233
2026-09-24T16:39:23.345Z,1790267963345,2026-09-25,SPYUSDT,perp,SPY,768.27,768.28,768.275,0.1302,4.24,0.01,768.31,3938623.0961
2026-09-24T16:39:23.345Z,1790267963345,2026-09-25,RQQQUSDT,spot,QQQ,740.5,740.53,740.515,0.4051,135.0,115.0,740.46,2574549186.5162163
2026-09-24T16:39:23.345Z,1790267963345,2026-09-25,QQQUSDT,perp,QQQ,741.23,741.24,741.235,0.1349,155.53,3.32,741.29,5576954.1511
2026-09-24T16:39:23.345Z,1790267963345,2026-09-25,RSOXLUSDT,spot,SOXL,144.65,144.69,144.67000000000002,2.7649,12.0,130.0,144.75,1031849774.1724572
2026-09-24T16:39:23.345Z,1790267963345,2026-09-25,SOXLUSDT,perp,SOXL,144.8,144.81,144.805,0.6906,5.88,345.63,144.81,149880184.3967
2026-09-24T16:39:23.345Z,1790267963345,2026-09-25,RHOODUSDT,spot,HOOD,121.4,121.45,121.42500000000001,4.1178,505.0,1.0,121.52,149129417.73368707
2026-09-24T16:39:23.345Z,1790267963345,2026-09-25,HOODUSDT,perp,HOOD,121.72,121.76,121.74000000000001,3.2857,34.4,30.4,121.7,7884843.9698
2026-09-24T16:39:23.345Z,1790267963345,2026-09-25,RMRVLUSDT,spot,MRVL,259.42,259.63,259.525,8.0917,1.0,120.0,259.5,211134891.10320723
2026-09-24T16:39:23.345Z,1790267963345,2026-09-25,MRVLUSDT,perp,MRVL,259.65,259.7,259.67499999999995,1.9255,0.21,1.26,259.64,9617583.0436
2026-09-24T16:40:23.353Z,1790268023353,2026-09-25,RTSLAUSDT,spot,TSLA,381.7,381.76,381.73,1.5718,165.0,13.0,381.75,1444588983.1906
2026-09-24T16:40:23.353Z,1790268023353,2026-09-25,TSLAUSDT,perp,TSLA,381.86,381.9,381.88,1.0474,0.38,73.39,381.83,20526324.9195
2026-09-24T16:40:23.353Z,1790268023353,2026-09-25,RNVDAUSDT,spot,NVDA,223.36,223.38,223.37,0.8954,80.0,140.0,223.89,1187641614.969
2026-09-24T16:40:23.353Z,1790268023353,2026-09-25,NVDAUSDT,perp,NVDA,224.22,224.23,224.225,0.446,69.72,0.25,224.19,11099544.0206
2026-09-24T16:40:23.353Z,1790268023353,2026-09-25,RAAPLUSDT,spot,AAPL,337.8,337.84,337.82,1.1841,5.0,286.0,337.92,637317614.9169989
2026-09-24T16:40:23.353Z,1790268023353,2026-09-25,AAPLUSDT,perp,AAPL,338.16,338.17,338.165,0.2957,3.55,4.47,338.14,6524809.8862
2026-09-24T16:40:23.353Z,1790268023353,2026-09-25,RMETAUSDT,spot,META,769.41,769.64,769.525,2.9889,38.0,80.0,767.5,2370083978.768
2026-09-24T16:40:23.353Z,1790268023353,2026-09-25,METAUSDT,perp,META,767.96,768.09,768.0250000000001,1.6927,6.1,2.09,767.97,14098456.9895
2026-09-24T16:40:23.353Z,1790268023353,2026-09-25,RGOOGLUSDT,spot,GOOGL,341.7,341.75,341.725,1.4632,28.0,61.0,341.69,658672643.1274935
2026-09-24T16:40:23.353Z,1790268023353,2026-09-25,GOOGLUSDT,perp,GOOGL,342.19,342.2,342.195,0.2922,10.63,11.25,342.2,6873967.95
2026-09-24T16:40:23.353Z,1790268023353,2026-09-25,RSPYUSDT,spot,SPY,767.85,767.86,767.855,0.1302,40.0,191.0,767.85,2574868500.7305236
2026-09-24T16:40:23.353Z,1790268023353,2026-09-25,SPYUSDT,perp,SPY,768.53,768.54,768.535,0.1301,47.8,0.04,768.52,3943308.8475
2026-09-24T16:40:23.353Z,1790268023353,2026-09-25,RQQQUSDT,spot,QQQ,740.79,740.82,740.8050000000001,0.405,115.0,200.0,740.78,2620313454.8980165
2026-09-24T16:40:23.353Z,1790268023353,2026-09-25,QQQUSDT,perp,QQQ,741.6,741.61,741.605,0.1348,6.69,0.19,741.58,5576702.3154
2026-09-24T16:40:23.353Z,1790268023353,2026-09-25,RSOXLUSDT,spot,SOXL,144.9,144.91,144.905,0.6901,110.0,289.0,144.76,1047881471.0760572
2026-09-24T16:40:23.353Z,1790268023353,2026-09-25,SOXLUSDT,perp,SOXL,145.08,145.09,145.085,0.6893,3.85,465.67,145.09,149892033.3006
2026-09-24T16:40:23.353Z,1790268023353,2026-09-25,RHOODUSDT,spot,HOOD,121.78,121.85,121.815,5.7464,19.0,20.0,121.53,150107476.04218706
2026-09-24T16:40:23.353Z,1790268023353,2026-09-25,HOODUSDT,perp,HOOD,121.74,121.77,121.755,2.464,30.4,30.4,121.75,7878643.1021
2026-09-24T16:40:23.353Z,1790268023353,2026-09-25,RMRVLUSDT,spot,MRVL,259.58,259.77,259.67499999999995,7.3168,21.0,60.0,259.55,213103117.42890725
2026-09-24T16:40:23.353Z,1790268023353,2026-09-25,MRVLUSDT,perp,MRVL,259.82,259.89,259.855,2.6938,0.75,0.03,259.84,9614847.9062
2026-09-24T16:41:23.364Z,1790268083364,2026-09-25,RTSLAUSDT,spot,TSLA,382.77,382.81,382.78999999999996,1.045,20.0,100.0,382.78,1527461551.3511
2026-09-24T16:41:23.364Z,1790268083364,2026-09-25,TSLAUSDT,perp,TSLA,382.98,382.99,382.985,0.2611,0.37,73.33,383.04,20593058.5306
2026-09-24T16:41:23.364Z,1790268083364,2026-09-25,RNVDAUSDT,spot,NVDA,223.6,223.62,223.61,0.8944,153.0,145.0,224.22,1261834659.6851
2026-09-24T16:41:23.364Z,1790268083364,2026-09-25,NVDAUSDT,perp,NVDA,224.51,224.52,224.515,0.4454,72.12,7.86,224.52,11092399.7
2026-09-24T16:41:23.364Z,1790268083364,2026-09-25,RAAPLUSDT,spot,AAPL,337.81,337.84,337.825,0.888,54.0,74.0,338.26,673218920.4584988
2026-09-24T16:41:23.364Z,1790268083364,2026-09-25,AAPLUSDT,perp,AAPL,338.51,338.52,338.515,0.2954,1.12,14.53,338.49,6532330.6756
2026-09-24T16:41:23.364Z,1790268083364,2026-09-25,RMETAUSDT,spot,META,769.24,769.4,769.3199999999999,2.0798,40.0,37.0,768.6,2394093033.6725
2026-09-24T16:41:23.364Z,1790268083364,2026-09-25,METAUSDT,perp,META,768.89,768.97,768.9300000000001,1.0404,4.05,2.05,769.08,14089288.6307
2026-09-24T16:41:23.364Z,1790268083364,2026-09-25,RGOOGLUSDT,spot,GOOGL,341.89,341.96,341.92499999999995,2.0472,10.0,20.0,341.92,676010788.2073935
2026-09-24T16:41:23.364Z,1790268083364,2026-09-25,GOOGLUSDT,perp,GOOGL,342.37,342.43,342.4,1.7523,11.03,9.83,342.4,6865948.9867
2026-09-24T16:41:23.364Z,1790268083364,2026-09-25,RSPYUSDT,spot,SPY,768.49,768.5,768.495,0.1301,4.0,626.0,768.48,2673890579.9956236
2026-09-24T16:41:23.364Z,1790268083364,2026-09-25,SPYUSDT,perp,SPY,769.21,769.22,769.215,0.13,0.3,6.77,769.17,3943947.1406
2026-09-24T16:41:23.364Z,1790268083364,2026-09-25,RQQQUSDT,spot,QQQ,741.82,741.86,741.84,0.5392,135.0,800.0,741.8,2715416410.638016
2026-09-24T16:41:23.364Z,1790268083364,2026-09-25,QQQUSDT,perp,QQQ,742.49,742.5,742.495,0.1347,8.01,1.55,742.44,5929728.0383
2026-09-24T16:41:23.364Z,1790268083364,2026-09-25,RSOXLUSDT,spot,SOXL,144.64,144.68,144.66,2.7651,120.0,162.0,145.98,1093271277.3191571
2026-09-24T16:41:23.364Z,1790268083364,2026-09-25,SOXLUSDT,perp,SOXL,145.95,145.97,145.95999999999998,1.3702,109.61,164.41,145.97,150406689.39
2026-09-24T16:41:23.364Z,1790268083364,2026-09-25,RHOODUSDT,spot,HOOD,121.57,121.67,121.62,8.2223,40.0,525.0,122.0,153924323.32368708
2026-09-24T16:41:23.364Z,1790268083364,2026-09-25,HOODUSDT,perp,HOOD,122.19,122.22,122.205,2.4549,15.36,30.4,122.25,7881422.2637
2026-09-24T16:41:23.364Z,1790268083364,2026-09-25,RMRVLUSDT,spot,MRVL,260.26,260.48,260.37,8.4495,1.0,20.0,260.4,223085207.83290723
2026-09-24T16:41:23.364Z,1790268083364,2026-09-25,MRVLUSDT,perp,MRVL,260.45,260.51,260.48,2.3034,3.12,2.31,260.51,9616080.8436
2026-09-24T16:42:23.368Z,1790268143368,2026-09-25,RTSLAUSDT,spot,TSLA,383.17,383.21,383.19,1.0439,81.0,369.0,383.19,1590978120.5397
2026-09-24T16:42:23.368Z,1790268143368,2026-09-25,TSLAUSDT,perp,TSLA,383.34,383.39,383.365,1.3042,16.16,2.01,383.17,20687053.94
2026-09-24T16:42:23.368Z,1790268143368,2026-09-25,RNVDAUSDT,spot,NVDA,223.92,223.93,223.925,0.4466,470.0,40.0,224.29,1294399202.4371
2026-09-24T16:42:23.368Z,1790268143368,2026-09-25,NVDAUSDT,perp,NVDA,224.54,224.55,224.54500000000002,0.4453,71.46,11.8,224.55,11096725.8418
2026-09-24T16:42:23.368Z,1790268143368,2026-09-25,RAAPLUSDT,spot,AAPL,337.7,337.73,337.71500000000003,0.8883,38.0,22.0,338.5,684084018.3693988
2026-09-24T16:42:23.368Z,1790268143368,2026-09-25,AAPLUSDT,perp,AAPL,338.65,338.66,338.655,0.2953,12.22,1.08,338.67,6548347.5525
2026-09-24T16:42:23.368Z,1790268143368,2026-09-25,RMETAUSDT,spot,META,766.74,766.97,766.855,2.9993,6.0,60.0,768.42,2416114153.0654
2026-09-24T16:42:23.368Z,1790268143368,2026-09-25,METAUSDT,perp,META,768.83,768.93,768.88,1.3006,4.05,0.24,768.98,14079102.3717
2026-09-24T16:42:23.368Z,1790268143368,2026-09-25,RGOOGLUSDT,spot,GOOGL,342.02,342.06,342.03999999999996,1.1695,10.0,43.0,342.03,709725782.1757935
2026-09-24T16:42:23.368Z,1790268143368,2026-09-25,GOOGLUSDT,perp,GOOGL,342.54,342.56,342.55,0.5839,10.63,9.58,342.65,6865996.9965
2026-09-24T16:42:23.368Z,1790268143368,2026-09-25,RSPYUSDT,spot,SPY,768.67,768.68,768.675,0.1301,40.0,40.0,768.56,2717481604.7468233
2026-09-24T16:42:23.368Z,1790268143368,2026-09-25,SPYUSDT,perp,SPY,769.22,769.23,769.225,0.13,47.73,4.7,769.22,3967333.2179
2026-09-24T16:42:23.368Z,1790268143368,2026-09-25,RQQQUSDT,spot,QQQ,742.01,742.04,742.025,0.4043,235.0,215.0,741.99,2803532133.634116
2026-09-24T16:42:23.368Z,1790268143368,2026-09-25,QQQUSDT,perp,QQQ,742.71,742.72,742.715,0.1346,164.5,0.68,742.77,5974863.3491
2026-09-24T16:42:23.368Z,1790268143368,2026-09-25,RSOXLUSDT,spot,SOXL,145.6,145.63,145.615,2.0602,150.0,80.0,146.04,1206369195.3442955
2026-09-24T16:42:23.368Z,1790268143368,2026-09-25,SOXLUSDT,perp,SOXL,146.22,146.24,146.23000000000002,1.3677,28.98,227.77,146.25,151064683.0486
2026-09-24T16:42:23.368Z,1790268143368,2026-09-25,RHOODUSDT,spot,HOOD,121.57,121.61,121.59,3.2897,110.0,72.0,122.27,159148332.79668707
2026-09-24T16:42:23.368Z,1790268143368,2026-09-25,HOODUSDT,perp,HOOD,122.43,122.47,122.45,3.2666,6.03,30.4,122.5,7886707.2685
2026-09-24T16:42:23.368Z,1790268143368,2026-09-25,RMRVLUSDT,spot,MRVL,260.43,260.65,260.53999999999996,8.444,43.0,14.0,260.65,226801301.26940724
2026-09-24T16:42:23.368Z,1790268143368,2026-09-25,MRVLUSDT,perp,MRVL,260.9,260.92,260.90999999999997,0.7665,0.03,0.02,260.9,9633670.6217
2026-09-24T16:43:23.369Z,1790268203369,2026-09-25,RTSLAUSDT,spot,TSLA,382.8,382.84,382.82,1.0449,640.0,99.0,382.79,1634858267.6335
2026-09-24T16:43:23.369Z,1790268203369,2026-09-25,TSLAUSDT,perp,TSLA,382.84,382.9,382.87,1.5671,10.64,0.19,382.84,20673926.794
2026-09-24T16:43:23.369Z,1790268203369,2026-09-25,RNVDAUSDT,spot,NVDA,223.89,223.9,223.89499999999998,0.4466,141.0,246.0,224.4,1324277978.7869
2026-09-24T16:43:23.369Z,1790268203369,2026-09-25,NVDAUSDT,perp,NVDA,224.68,224.69,224.685,0.4451,80.87,5.79,224.68,11183504.142
2026-09-24T16:43:23.369Z,1790268203369,2026-09-25,RAAPLUSDT,spot,AAPL,337.65,337.7,337.67499999999995,1.4807,110.0,86.0,338.38,696006963.5451988
2026-09-24T16:43:23.369Z,1790268203369,2026-09-25,AAPLUSDT,perp,AAPL,338.64,338.65,338.645,0.2953,1.13,6.54,338.64,6553925.5626
2026-09-24T16:43:23.369Z,1790268203369,2026-09-25,RMETAUSDT,spot,META,767.68,767.97,767.825,3.7769,44.0,87.0,768.1,2440513464.3262
2026-09-24T16:43:23.369Z,1790268203369,2026-09-25,METAUSDT,perp,META,768.36,768.51,768.435,1.952,5.88,1.84,768.47,14073602.8491
2026-09-24T16:43:23.369Z,1790268203369,2026-09-25,RGOOGLUSDT,spot,GOOGL,341.68,341.72,341.70000000000005,1.1706,120.0,40.0,341.75,730775080.3053935
2026-09-24T16:43:23.369Z,1790268203369,2026-09-25,GOOGLUSDT,perp,GOOGL,342.14,342.18,342.15999999999997,1.169,10.63,0.15,342.15,6888481.69
2026-09-24T16:43:23.369Z,1790268203369,2026-09-25,RSPYUSDT,spot,SPY,768.54,768.55,768.545,0.1301,390.0,40.0,768.56,2772761201.6586237
2026-09-24T16:43:23.369Z,1790268203369,2026-09-25,SPYUSDT,perp,SPY,769.07,769.08,769.075,0.13,8.71,0.68,769.13,3995511.4024
2026-09-24T16:43:23.369Z,1790268203369,2026-09-25,RQQQUSDT,spot,QQQ,741.86,741.88,741.87,0.2696,100.0,216.0,741.86,2891516944.5250163
2026-09-24T16:43:23.369Z,1790268203369,2026-09-25,QQQUSDT,perp,QQQ,742.48,742.49,742.485,0.1347,154.96,3.17,742.5,6008717.6262
2026-09-24T16:43:23.369Z,1790268203369,2026-09-25,RSOXLUSDT,spot,SOXL,145.98,145.99,145.985,0.685,95.0,20.0,145.98,1239566559.9858956
2026-09-24T16:43:23.369Z,1790268203369,2026-09-25,SOXLUSDT,perp,SOXL,146.27,146.28,146.275,0.6836,40.6,7.85,146.28,151677894.9109
2026-09-24T16:43:23.369Z,1790268203369,2026-09-25,RHOODUSDT,spot,HOOD,121.65,121.73,121.69,6.5741,91.0,607.0,122.0,161310310.8109871
2026-09-24T16:43:23.369Z,1790268203369,2026-09-25,HOODUSDT,perp,HOOD,122.18,122.23,122.20500000000001,4.0915,392.91,6.32,122.3,7887828.3178
2026-09-24T16:43:23.369Z,1790268203369,2026-09-25,RMRVLUSDT,spot,MRVL,260.44,260.65,260.54499999999996,8.06,7.0,35.0,260.64,235073327.30960724
2026-09-24T16:43:23.369Z,1790268203369,2026-09-25,MRVLUSDT,perp,MRVL,260.79,260.8,260.795,0.3834,0.34,92.07,260.69,9627039.3421
2026-09-24T16:44:23.373Z,1790268263373,2026-09-25,RTSLAUSDT,spot,TSLA,381.41,381.46,381.435,1.3108,100.0,18.0,381.43,1688353057.9443
2026-09-24T16:44:23.373Z,1790268263373,2026-09-25,TSLAUSDT,perp,TSLA,381.54,381.56,381.55,0.5242,0.02,0.27,381.62,20790508.5159
2026-09-24T16:44:23.373Z,1790268263373,2026-09-25,RNVDAUSDT,spot,NVDA,223.94,223.96,223.95,0.8931,44.0,266.0,224.31,1364665526.1855
2026-09-24T16:44:23.373Z,1790268263373,2026-09-25,NVDAUSDT,perp,NVDA,224.54,224.55,224.54500000000002,0.4453,75.13,6.71,224.54,11184648.5674
2026-09-24T16:44:23.373Z,1790268263373,2026-09-25,RAAPLUSDT,spot,AAPL,337.7,337.75,337.725,1.4805,142.0,70.0,338.11,706921406.4427989
2026-09-24T16:44:23.373Z,1790268263373,2026-09-25,AAPLUSDT,perp,AAPL,338.35,338.38,338.365,0.8866,4.01,1.72,338.38,6555835.8234
2026-09-24T16:44:23.373Z,1790268263373,2026-09-25,RMETAUSDT,spot,META,768.12,768.44,768.28,4.1651,44.0,21.0,767.95,2463470209.3789
2026-09-24T16:44:23.373Z,1790268263373,2026-09-25,METAUSDT,perp,META,768.17,768.28,768.2249999999999,1.4319,4.05,1.73,768.31,14061180.4417
2026-09-24T16:44:23.373Z,1790268263373,2026-09-25,RGOOGLUSDT,spot,GOOGL,341.78,341.81,341.79499999999996,0.8777,40.0,167.0,341.84,748833704.2584934
2026-09-24T16:44:23.373Z,1790268263373,2026-09-25,GOOGLUSDT,perp,GOOGL,342.25,342.28,342.265,0.8765,37.88,0.06,342.3,6886538.7198
2026-09-24T16:44:23.373Z,1790268263373,2026-09-25,RSPYUSDT,spot,SPY,767.88,767.9,767.89,0.2605,210.0,120.0,767.97,2849937661.5046234
2026-09-24T16:44:23.373Z,1790268263373,2026-09-25,SPYUSDT,perp,SPY,768.51,768.52,768.515,0.1301,0.42,42.26,768.5,4014864.8711
2026-09-24T16:44:23.373Z,1790268263373,2026-09-25,RQQQUSDT,spot,QQQ,741.14,741.17,741.155,0.4048,310.0,235.0,741.25,2950268720.340916
2026-09-24T16:44:23.373Z,1790268263373,2026-09-25,QQQUSDT,perp,QQQ,741.8,741.81,741.805,0.1348,166.56,0.26,741.9,6009148.5385
2026-09-24T16:44:23.373Z,1790268263373,2026-09-25,RSOXLUSDT,spot,SOXL,146.35,146.38,146.365,2.0497,50.0,30.0,145.88,1268567642.8853955
2026-09-24T16:44:23.373Z,1790268263373,2026-09-25,SOXLUSDT,perp,SOXL,146.0,146.01,146.005,0.6849,0.01,68.54,146.0,152050566.0615
2026-09-24T16:44:23.373Z,1790268263373,2026-09-25,RHOODUSDT,spot,HOOD,121.43,121.5,121.465,5.763,130.0,1.0,121.78,163230340.94828707
2026-09-24T16:44:23.373Z,1790268263373,2026-09-25,HOODUSDT,perp,HOOD,121.97,122.02,121.995,4.0985,8.47,30.4,121.98,7889536.2985
2026-09-24T16:44:23.373Z,1790268263373,2026-09-25,RMRVLUSDT,spot,MRVL,260.0,260.22,260.11,8.458,277.0,5.0,260.11,247038768.36900723
2026-09-24T16:44:23.373Z,1790268263373,2026-09-25,MRVLUSDT,perp,MRVL,260.29,260.35,260.32000000000005,2.3049,0.35,1.05,260.39,9628149.8375
2026-09-24T16:45:23.375Z,1790268323375,2026-09-25,RTSLAUSDT,spot,TSLA,381.56,381.68,381.62,3.1445,7.0,77.0,381.54,1729811544.7784
2026-09-24T16:45:23.375Z,1790268323375,2026-09-25,TSLAUSDT,perp,TSLA,382.0,382.02,382.01,0.5235,0.38,0.5,382.01,20815211.1978
2026-09-24T16:45:23.375Z,1790268323375,2026-09-25,RNVDAUSDT,spot,NVDA,223.85,223.86,223.85500000000002,0.4467,76.0,445.0,223.96,1415716071.3393
2026-09-24T16:45:23.375Z,1790268323375,2026-09-25,NVDAUSDT,perp,NVDA,224.23,224.24,224.235,0.446,79.2,6.92,224.24,11194722.6954
2026-09-24T16:45:23.375Z,1790268323375,2026-09-25,RAAPLUSDT,spot,AAPL,337.99,338.03,338.01,1.1834,3.0,125.0,338.16,734808132.6865988
2026-09-24T16:45:23.375Z,1790268323375,2026-09-25,AAPLUSDT,perp,AAPL,338.4,338.41,338.405,0.2955,0.92,40.3,338.31,6560691.9744
2026-09-24T16:45:23.375Z,1790268323375,2026-09-25,RMETAUSDT,spot,META,768.33,768.5,768.415,2.2123,5.0,225.0,768.83,2483392068.7684
2026-09-24T16:45:23.375Z,1790268323375,2026-09-25,METAUSDT,perp,META,768.88,769.04,768.96,2.0807,1.92,4.05,769.16,14065556.5846
2026-09-24T16:45:23.375Z,1790268323375,2026-09-25,RGOOGLUSDT,spot,GOOGL,341.69,341.73,341.71000000000004,1.1706,8.0,120.0,341.73,795153412.6893935
2026-09-24T16:45:23.375Z,1790268323375,2026-09-25,GOOGLUSDT,perp,GOOGL,342.13,342.18,342.155,1.4613,10.63,11.46,342.22,6889325.996
2026-09-24T16:45:23.375Z,1790268323375,2026-09-25,RSPYUSDT,spot,SPY,767.54,767.56,767.55,0.2606,180.0,1630.0,767.57,2919606290.7747235
2026-09-24T16:45:23.375Z,1790268323375,2026-09-25,SPYUSDT,perp,SPY,768.15,768.16,768.155,0.1302,0.43,9.05,768.16,4015454.1857
2026-09-24T16:45:23.375Z,1790268323375,2026-09-25,RQQQUSDT,spot,QQQ,740.71,740.74,740.725,0.405,915.0,146.0,740.72,3022715822.4818163
2026-09-24T16:45:23.375Z,1790268323375,2026-09-25,QQQUSDT,perp,QQQ,741.43,741.44,741.435,0.1349,156.09,2.69,741.45,6005728.2726
2026-09-24T16:45:23.375Z,1790268323375,2026-09-25,RSOXLUSDT,spot,SOXL,146.28,146.3,146.29000000000002,1.3671,50.0,30.0,144.96,1328683551.6303957
2026-09-24T16:45:23.375Z,1790268323375,2026-09-25,SOXLUSDT,perp,SOXL,145.2,145.21,145.20499999999998,0.6887,71.77,0.05,145.17,152729005.6677
2026-09-24T16:45:23.375Z,1790268323375,2026-09-25,RHOODUSDT,spot,HOOD,121.7,121.74,121.72,3.2862,5.0,500.0,121.82,164802375.29328707
2026-09-24T16:45:23.375Z,1790268323375,2026-09-25,HOODUSDT,perp,HOOD,121.97,122.02,121.995,4.0985,402.41,30.4,121.94,7889312.3965
2026-09-24T16:45:23.375Z,1790268323375,2026-09-25,RMRVLUSDT,spot,MRVL,259.42,259.64,259.53,8.4769,302.0,40.0,259.58,250252263.43430725
2026-09-24T16:45:23.375Z,1790268323375,2026-09-25,MRVLUSDT,perp,MRVL,259.66,259.68,259.67,0.7702,0.42,92.4,259.64,9619699.4415
2026-09-24T16:46:23.385Z,1790268383385,2026-09-25,RTSLAUSDT,spot,TSLA,381.72,381.78,381.75,1.5717,40.0,99.0,381.74,1792348179.3719
2026-09-24T16:46:23.385Z,1790268383385,2026-09-25,TSLAUSDT,perp,TSLA,381.85,381.92,381.885,1.833,0.38,2.22,381.91,20863653.3195
2026-09-24T16:46:23.385Z,1790268383385,2026-09-25,RNVDAUSDT,spot,NVDA,224.11,224.12,224.115,0.4462,40.0,225.0,224.06,1460418004.3181
2026-09-24T16:46:23.385Z,1790268383385,2026-09-25,NVDAUSDT,perp,NVDA,224.33,224.34,224.335,0.4458,72.97,9.26,224.34,11201445.7175
2026-09-24T16:46:23.385Z,1790268383385,2026-09-25,RAAPLUSDT,spot,AAPL,338.13,338.16,338.145,0.8872,20.0,228.0,338.06,754339941.1159989
2026-09-24T16:46:23.385Z,1790268383385,2026-09-25,AAPLUSDT,perp,AAPL,338.27,338.3,338.28499999999997,0.8868,10.3,14.15,338.32,6594706.948
2026-09-24T16:46:23.385Z,1790268383385,2026-09-25,RMETAUSDT,spot,META,768.58,768.73,768.655,1.9515,49.0,2.0,768.44,2516907408.4608
2026-09-24T16:46:23.385Z,1790268383385,2026-09-25,METAUSDT,perp,META,769.08,769.19,769.135,1.4302,1.68,4.05,768.87,14063324.37
2026-09-24T16:46:23.385Z,1790268383385,2026-09-25,RGOOGLUSDT,spot,GOOGL,341.66,341.7,341.68,1.1707,30.0,80.0,341.46,815930498.1426302
2026-09-24T16:46:23.385Z,1790268383385,2026-09-25,GOOGLUSDT,perp,GOOGL,342.08,342.11,342.095,0.8769,10.63,0.09,342.07,6890178.6094
2026-09-24T16:46:23.385Z,1790268383385,2026-09-25,RSPYUSDT,spot,SPY,767.56,767.58,767.5699999999999,0.2606,315.0,90.0,767.63,3051116982.983586
2026-09-24T16:46:23.385Z,1790268383385,2026-09-25,SPYUSDT,perp,SPY,768.11,768.12,768.115,0.1302,0.03,31.89,768.15,4018195.2763
2026-09-24T16:46:23.385Z,1790268383385,2026-09-25,RQQQUSDT,spot,QQQ,740.81,740.83,740.8199999999999,0.27,100.0,123.0,740.74,3124698852.432631
2026-09-24T16:46:23.385Z,1790268383385,2026-09-25,QQQUSDT,perp,QQQ,741.32,741.33,741.325,0.1349,4.12,3.93,741.37,6025695.6551
2026-09-24T16:46:23.385Z,1790268383385,2026-09-25,RSOXLUSDT,spot,SOXL,144.81,144.85,144.82999999999998,2.7619,110.0,62.0,145.09,1346394978.0024955
2026-09-24T16:46:23.385Z,1790268383385,2026-09-25,SOXLUSDT,perp,SOXL,145.19,145.2,145.195,0.6887,43.79,6.0,145.2,153320576.3197
2026-09-24T16:46:23.385Z,1790268383385,2026-09-25,RHOODUSDT,spot,HOOD,122.09,122.15,122.12,4.9132,40.0,100.0,121.78,176794142.77615738
2026-09-24T16:46:23.385Z,1790268383385,2026-09-25,HOODUSDT,perp,HOOD,121.91,121.98,121.945,5.7403,44.49,47.02,121.95,7892655.1079
2026-09-24T16:46:23.385Z,1790268383385,2026-09-25,RMRVLUSDT,spot,MRVL,259.64,259.86,259.75,8.4697,20.0,121.0,259.72,282379613.7684333
2026-09-24T16:46:23.385Z,1790268383385,2026-09-25,MRVLUSDT,perp,MRVL,259.85,259.9,259.875,1.924,1.05,2.1,259.9,9628594.6071
2026-09-24T16:47:23.398Z,1790268443398,2026-09-25,RTSLAUSDT,spot,TSLA,381.65,381.8,381.725,3.9295,84.0,152.0,381.67,1815705929.5482
2026-09-24T16:47:23.398Z,1790268443398,2026-09-25,TSLAUSDT,perp,TSLA,381.7,381.72,381.71000000000004,0.524,0.5,0.38,381.74,20878421.6828
2026-09-24T16:47:23.398Z,1790268443398,2026-09-25,RNVDAUSDT,spot,NVDA,224.2,224.21,224.20499999999998,0.446,873.0,248.0,224.07,1477470550.5157
2026-09-24T16:47:23.398Z,1790268443398,2026-09-25,NVDAUSDT,perp,NVDA,224.31,224.32,224.315,0.4458,72.28,18.05,224.33,11213578.4247
2026-09-24T16:47:23.398Z,1790268443398,2026-09-25,RAAPLUSDT,spot,AAPL,338.34,338.35,338.345,0.2956,40.0,120.0,338.0,760345579.8172988
2026-09-24T16:47:23.398Z,1790268443398,2026-09-25,AAPLUSDT,perp,AAPL,338.24,338.25,338.245,0.2956,3.09,3.54,338.25,6599772.6686
2026-09-24T16:47:23.398Z,1790268443398,2026-09-25,RMETAUSDT,spot,META,767.74,767.97,767.855,2.9954,20.0,41.0,768.81,2532297180.6677
2026-09-24T16:47:23.398Z,1790268443398,2026-09-25,METAUSDT,perp,META,769.21,769.34,769.2750000000001,1.6899,5.59,0.02,769.11,14062470.8
2026-09-24T16:47:23.398Z,1790268443398,2026-09-25,RGOOGLUSDT,spot,GOOGL,341.6,341.64,341.62,1.1709,23.0,20.0,341.61,827860908.7783302
2026-09-24T16:47:23.398Z,1790268443398,2026-09-25,GOOGLUSDT,perp,GOOGL,342.05,342.1,342.07500000000005,1.4617,11.03,21.96,342.05,6888888.7837
2026-09-24T16:47:23.398Z,1790268443398,2026-09-25,RSPYUSDT,spot,SPY,767.71,767.74,767.725,0.3908,270.0,310.0,767.67,3112744360.2840858
2026-09-24T16:47:23.398Z,1790268443398,2026-09-25,SPYUSDT,perp,SPY,768.25,768.26,768.255,0.1302,0.43,13.56,768.24,4038344.643
2026-09-24T16:47:23.398Z,1790268443398,2026-09-25,RQQQUSDT,spot,QQQ,740.67,740.7,740.685,0.405,315.0,42.0,740.73,3149856595.4946313
2026-09-24T16:47:23.398Z,1790268443398,2026-09-25,QQQUSDT,perp,QQQ,741.49,741.5,741.495,0.1349,75.47,1.8,741.53,6026474.1967
2026-09-24T16:47:23.398Z,1790268443398,2026-09-25,RSOXLUSDT,spot,SOXL,144.91,144.97,144.94,4.1396,152.0,130.0,145.01,1359973186.6569955
2026-09-24T16:47:23.398Z,1790268443398,2026-09-25,SOXLUSDT,perp,SOXL,145.12,145.14,145.13,1.3781,2.37,20.13,145.14,153504482.576
2026-09-24T16:47:23.398Z,1790268443398,2026-09-25,RHOODUSDT,spot,HOOD,122.21,122.27,122.24,4.9084,100.0,22.0,121.7,178131167.56115738
2026-09-24T16:47:23.398Z,1790268443398,2026-09-25,HOODUSDT,perp,HOOD,121.91,121.95,121.93,3.2806,430.51,30.4,121.95,7890375.0113
2026-09-24T16:47:23.398Z,1790268443398,2026-09-25,RMRVLUSDT,spot,MRVL,259.33,259.58,259.455,9.6356,40.0,20.0,259.62,286469922.11343324
2026-09-24T16:47:23.398Z,1790268443398,2026-09-25,MRVLUSDT,perp,MRVL,259.74,259.76,259.75,0.77,0.81,92.39,259.78,9632588.487
2026-09-24T16:48:23.411Z,1790268503411,2026-09-25,RTSLAUSDT,spot,TSLA,382.07,382.25,382.15999999999997,4.7101,80.0,59.0,382.31,1857957269.8807
2026-09-24T16:48:23.411Z,1790268503411,2026-09-25,TSLAUSDT,perp,TSLA,382.42,382.47,382.44500000000005,1.3074,0.78,73.28,382.48,20894358.5105
2026-09-24T16:48:23.411Z,1790268503411,2026-09-25,RNVDAUSDT,spot,NVDA,224.31,224.33,224.32,0.8916,40.0,320.0,224.08,1491997250.852
2026-09-24T16:48:23.411Z,1790268503411,2026-09-25,NVDAUSDT,perp,NVDA,224.44,224.45,224.445,0.4455,68.41,22.3,224.42,11221490.5001
2026-09-24T16:48:23.411Z,1790268503411,2026-09-25,RAAPLUSDT,spot,AAPL,338.48,338.53,338.505,1.4771,40.0,150.0,338.18,768866172.7200989
2026-09-24T16:48:23.411Z,1790268503411,2026-09-25,AAPLUSDT,perp,AAPL,338.41,338.42,338.415,0.2955,3.11,9.78,338.4,6600748.6812
2026-09-24T16:48:23.411Z,1790268503411,2026-09-25,RMETAUSDT,spot,META,767.96,768.5,768.23,7.0291,10.0,22.0,769.77,2561063464.618
2026-09-24T16:48:23.411Z,1790268503411,2026-09-25,METAUSDT,perp,META,769.98,770.06,770.02,1.0389,1.42,0.01,770.0,14063032.5702
2026-09-24T16:48:23.411Z,1790268503411,2026-09-25,RGOOGLUSDT,spot,GOOGL,342.01,342.06,342.03499999999997,1.4618,10.0,10.0,341.94,841433582.8254303
2026-09-24T16:48:23.411Z,1790268503411,2026-09-25,GOOGLUSDT,perp,GOOGL,342.4,342.46,342.42999999999995,1.7522,26.29,12.5,342.45,6890086.5889
2026-09-24T16:48:23.411Z,1790268503411,2026-09-25,RSPYUSDT,spot,SPY,768.13,768.16,768.145,0.3906,140.0,370.0,768.16,3166012468.2957854
2026-09-24T16:48:23.411Z,1790268503411,2026-09-25,SPYUSDT,perp,SPY,768.77,768.78,768.775,0.1301,5.49,32.12,768.42,4057374.1703
2026-09-24T16:48:23.411Z,1790268503411,2026-09-25,RQQQUSDT,spot,QQQ,741.35,741.38,741.365,0.4047,115.0,115.0,741.38,3174037476.605731
2026-09-24T16:48:23.411Z,1790268503411,2026-09-25,QQQUSDT,perp,QQQ,742.11,742.12,742.115,0.1348,2.7,2.63,742.11,6033669.6655
2026-09-24T16:48:23.411Z,1790268503411,2026-09-25,RSOXLUSDT,spot,SOXL,144.9,144.94,144.92000000000002,2.7601,30.0,12.0,145.59,1381182591.5108955
2026-09-24T16:48:23.411Z,1790268503411,2026-09-25,SOXLUSDT,perp,SOXL,145.84,145.85,145.845,0.6857,17.89,36.62,145.85,153792358.9613
2026-09-24T16:48:23.411Z,1790268503411,2026-09-25,RHOODUSDT,spot,HOOD,121.89,122.0,121.945,9.0205,45.0,412.0,121.96,180733084.21115738
2026-09-24T16:48:23.411Z,1790268503411,2026-09-25,HOODUSDT,perp,HOOD,122.12,122.19,122.155,5.7304,432.21,6.42,122.12,7896805.1295
2026-09-24T16:48:23.411Z,1790268503411,2026-09-25,RMRVLUSDT,spot,MRVL,260.18,260.3,260.24,4.6111,210.0,50.0,260.16,293508135.91843325
2026-09-24T16:48:23.411Z,1790268503411,2026-09-25,MRVLUSDT,perp,MRVL,260.34,260.4,260.37,2.3044,0.77,1.05,260.42,9637125.6348
2026-09-24T16:49:23.426Z,1790268563426,2026-09-25,RTSLAUSDT,spot,TSLA,382.27,382.32,382.29499999999996,1.3079,40.0,52.0,382.28,1892055651.3572
2026-09-24T16:49:23.426Z,1790268563426,2026-09-25,TSLAUSDT,perp,TSLA,382.4,382.44,382.41999999999996,1.046,14.11,0.56,382.4,20894175.4774
2026-09-24T16:49:23.426Z,1790268563426,2026-09-25,RNVDAUSDT,spot,NVDA,224.36,224.38,224.37,0.8914,571.0,63.0,224.26,1510883651.9498
2026-09-24T16:49:23.426Z,1790268563426,2026-09-25,NVDAUSDT,perp,NVDA,224.6,224.61,224.60500000000002,0.4452,72.24,29.16,224.59,11262510.0651
2026-09-24T16:49:23.426Z,1790268563426,2026-09-25,RAAPLUSDT,spot,AAPL,338.4,338.42,338.40999999999997,0.591,291.0,40.0,338.34,780119032.3239988
2026-09-24T16:49:23.426Z,1790268563426,2026-09-25,AAPLUSDT,perp,AAPL,338.52,338.53,338.525,0.2954,13.31,0.95,338.47,6605158.3329
2026-09-24T16:49:23.426Z,1790268563426,2026-09-25,RMETAUSDT,spot,META,768.0,768.24,768.12,3.1245,20.0,10.0,769.61,2581096223.3908
2026-09-24T16:49:23.426Z,1790268563426,2026-09-25,METAUSDT,perp,META,770.03,770.13,770.0799999999999,1.2986,1.24,1.24,770.06,14062449.4358
2026-09-24T16:49:23.426Z,1790268563426,2026-09-25,RGOOGLUSDT,spot,GOOGL,342.25,342.28,342.265,0.8765,1.0,10.0,342.29,860281539.4148302
2026-09-24T16:49:23.426Z,1790268563426,2026-09-25,GOOGLUSDT,perp,GOOGL,342.68,342.72,342.70000000000005,1.1672,26.33,22.91,342.63,6890547.7657
2026-09-24T16:49:23.426Z,1790268563426,2026-09-25,RSPYUSDT,spot,SPY,768.45,768.47,768.46,0.2603,140.0,210.0,768.44,3204848810.0691857
2026-09-24T16:49:23.426Z,1790268563426,2026-09-25,SPYUSDT,perp,SPY,769.1,769.11,769.105,0.13,0.02,36.91,768.8,4059113.953
2026-09-24T16:49:23.426Z,1790268563426,2026-09-25,RQQQUSDT,spot,QQQ,741.6,741.63,741.615,0.4045,135.0,65.0,741.57,3222291665.673831
2026-09-24T16:49:23.426Z,1790268563426,2026-09-25,QQQUSDT,perp,QQQ,742.31,742.32,742.315,0.1347,83.46,4.37,742.0,6040727.6778
2026-09-24T16:49:23.426Z,1790268563426,2026-09-25,RSOXLUSDT,spot,SOXL,145.56,145.6,145.57999999999998,2.7476,9.0,9.0,145.53,1406417283.9297955
2026-09-24T16:49:23.426Z,1790268563426,2026-09-25,SOXLUSDT,perp,SOXL,145.77,145.79,145.78,1.3719,8.84,22.53,145.78,154057593.3299
2026-09-24T16:49:23.426Z,1790268563426,2026-09-25,RHOODUSDT,spot,HOOD,121.8,121.85,121.82499999999999,4.1042,499.0,13.0,121.86,181508428.04115736
2026-09-24T16:49:23.426Z,1790268563426,2026-09-25,HOODUSDT,perp,HOOD,122.11,122.16,122.13499999999999,4.0938,30.4,4.0,122.08,7873413.9741
2026-09-24T16:49:23.426Z,1790268563426,2026-09-25,RMRVLUSDT,spot,MRVL,259.9,260.24,260.07,13.0734,40.0,130.0,260.07,295949512.3410333
2026-09-24T16:49:23.426Z,1790268563426,2026-09-25,MRVLUSDT,perp,MRVL,260.29,260.34,260.315,1.9207,17.18,1.26,260.35,9629388.3084
2026-09-24T16:50:23.433Z,1790268623433,2026-09-25,RTSLAUSDT,spot,TSLA,382.65,382.76,382.705,2.8743,40.0,40.0,382.71,1936845086.4128
2026-09-24T16:50:23.433Z,1790268623433,2026-09-25,TSLAUSDT,perp,TSLA,382.73,382.77,382.75,1.0451,0.12,0.7,382.74,20897653.9065
2026-09-24T16:50:23.433Z,1790268623433,2026-09-25,RNVDAUSDT,spot,NVDA,224.15,224.18,224.16500000000002,1.3383,235.0,368.0,224.34,1549051685.0162
2026-09-24T16:50:23.433Z,1790268623433,2026-09-25,NVDAUSDT,perp,NVDA,224.65,224.66,224.655,0.4451,36.56,58.89,224.65,11296723.3362
2026-09-24T16:50:23.433Z,1790268623433,2026-09-25,RAAPLUSDT,spot,AAPL,338.16,338.19,338.175,0.8871,105.0,20.0,338.46,791956122.9319988
2026-09-24T16:50:23.433Z,1790268623433,2026-09-25,AAPLUSDT,perp,AAPL,338.67,338.68,338.675,0.2953,3.23,4.64,338.66,6602323.2619
2026-09-24T16:50:23.433Z,1790268623433,2026-09-25,RMETAUSDT,spot,META,768.2,768.49,768.345,3.7743,86.0,41.0,770.02,2625755746.1894
2026-09-24T16:50:23.433Z,1790268623433,2026-09-25,METAUSDT,perp,META,770.21,770.34,770.2750000000001,1.6877,1.18,1.17,770.32,14062402.8373
2026-09-24T16:50:23.433Z,1790268623433,2026-09-25,RGOOGLUSDT,spot,GOOGL,342.28,342.31,342.29499999999996,0.8764,10.0,3.0,342.3,875263011.7775302
2026-09-24T16:50:23.433Z,1790268623433,2026-09-25,GOOGLUSDT,perp,GOOGL,342.7,342.75,342.725,1.4589,12.22,11.33,342.69,6888884.8417
2026-09-24T16:50:23.433Z,1790268623433,2026-09-25,RSPYUSDT,spot,SPY,768.61,768.64,768.625,0.3903,510.0,419.0,768.66,3241456597.2315855
2026-09-24T16:50:23.433Z,1790268623433,2026-09-25,SPYUSDT,perp,SPY,769.28,769.29,769.285,0.13,4.06,2.52,769.18,3815209.4651
2026-09-24T16:50:23.433Z,1790268623433,2026-09-25,RQQQUSDT,spot,QQQ,741.8,741.82,741.81,0.2696,844.0,115.0,741.73,3274256316.2190313
2026-09-24T16:50:23.433Z,1790268623433,2026-09-25,QQQUSDT,perp,QQQ,742.43,742.44,742.435,0.1347,151.85,4.1,742.45,6044427.3935
2026-09-24T16:50:23.433Z,1790268623433,2026-09-25,RSOXLUSDT,spot,SOXL,145.61,145.65,145.63,2.7467,100.0,100.0,145.5,1417387269.1391957
2026-09-24T16:50:23.433Z,1790268623433,2026-09-25,SOXLUSDT,perp,SOXL,145.46,145.47,145.465,0.6875,485.52,2.0,145.5,153969767.7817
2026-09-24T16:50:23.433Z,1790268623433,2026-09-25,RHOODUSDT,spot,HOOD,121.76,121.82,121.78999999999999,4.9265,600.0,521.0,121.94,183272717.19765738
2026-09-24T16:50:23.433Z,1790268623433,2026-09-25,HOODUSDT,perp,HOOD,122.09,122.14,122.11500000000001,4.0945,39.49,16.14,122.14,7877026.3563
2026-09-24T16:50:23.433Z,1790268623433,2026-09-25,RMRVLUSDT,spot,MRVL,259.77,259.94,259.855,6.5421,14.0,60.0,259.92,298479404.75103325
2026-09-24T16:50:23.433Z,1790268623433,2026-09-25,MRVLUSDT,perp,MRVL,260.01,260.03,260.02,0.7692,17.18,1.05,259.99,9623661.9393
2026-09-24T16:51:23.439Z,1790268683439,2026-09-25,RTSLAUSDT,spot,TSLA,382.8,382.89,382.845,2.3508,8.0,260.0,382.84,1976810479.3202
2026-09-24T16:51:23.439Z,1790268683439,2026-09-25,TSLAUSDT,perp,TSLA,383.01,383.06,383.03499999999997,1.3054,0.38,0.38,383.05,20906646.6106
2026-09-24T16:51:23.439Z,1790268683439,2026-09-25,RNVDAUSDT,spot,NVDA,223.94,223.96,223.95,0.8931,225.0,680.0,224.45,1580359983.1914
2026-09-24T16:51:23.439Z,1790268683439,2026-09-25,NVDAUSDT,perp,NVDA,224.77,224.78,224.775,0.4449,35.07,60.79,224.76,11303535.7336
2026-09-24T16:51:23.439Z,1790268683439,2026-09-25,RAAPLUSDT,spot,AAPL,338.16,338.19,338.175,0.8871,33.0,60.0,338.29,796389306.5692989
2026-09-24T16:51:23.439Z,1790268683439,2026-09-25,AAPLUSDT,perp,AAPL,338.52,338.53,338.525,0.2954,3.09,1.09,338.55,6602682.1071
2026-09-24T16:51:23.439Z,1790268683439,2026-09-25,RMETAUSDT,spot,META,768.88,769.1,768.99,2.8609,24.0,40.0,769.66,2663818234.9928
2026-09-24T16:51:23.439Z,1790268683439,2026-09-25,METAUSDT,perp,META,769.7,769.8,769.75,1.2991,4.86,1.1,769.72,14062978.4482
2026-09-24T16:51:23.439Z,1790268683439,2026-09-25,RGOOGLUSDT,spot,GOOGL,342.24,342.26,342.25,0.5844,52.0,10.0,342.27,911047907.3880303
2026-09-24T16:51:23.439Z,1790268683439,2026-09-25,GOOGLUSDT,perp,GOOGL,342.66,342.7,342.68,1.1673,10.31,10.63,342.66,6878360.8031
2026-09-24T16:51:23.439Z,1790268683439,2026-09-25,RSPYUSDT,spot,SPY,768.47,768.5,768.485,0.3904,90.0,170.0,768.48,3289057659.1277857
2026-09-24T16:51:23.439Z,1790268683439,2026-09-25,SPYUSDT,perp,SPY,769.12,769.13,769.125,0.13,4.41,0.39,769.21,3824761.2436
2026-09-24T16:51:23.439Z,1790268683439,2026-09-25,RQQQUSDT,spot,QQQ,741.8,741.82,741.81,0.2696,190.0,42.0,741.82,3339314495.193631
2026-09-24T16:51:23.439Z,1790268683439,2026-09-25,QQQUSDT,perp,QQQ,742.55,742.56,742.555,0.1347,3.33,3.46,742.46,6054094.46
2026-09-24T16:51:23.439Z,1790268683439,2026-09-25,RSOXLUSDT,spot,SOXL,145.63,145.69,145.66,4.1192,150.0,50.0,145.91,1434737751.4607956
2026-09-24T16:51:23.439Z,1790268683439,2026-09-25,SOXLUSDT,perp,SOXL,146.12,146.13,146.125,0.6843,1.34,137.59,146.11,154086157.6792
2026-09-24T16:51:23.439Z,1790268683439,2026-09-25,RHOODUSDT,spot,HOOD,121.73,121.81,121.77000000000001,6.5698,767.0,20.0,121.9,183886899.1226574
2026-09-24T16:51:23.439Z,1790268683439,2026-09-25,HOODUSDT,perp,HOOD,122.08,122.12,122.1,3.276,36.48,9.96,122.07,7879237.0843
2026-09-24T16:51:23.439Z,1790268683439,2026-09-25,RMRVLUSDT,spot,MRVL,260.42,260.49,260.45500000000004,2.6876,2.0,210.0,260.36,301610730.7084333
2026-09-24T16:51:23.439Z,1790268683439,2026-09-25,MRVLUSDT,perp,MRVL,260.64,260.67,260.655,1.1509,0.03,92.13,260.62,9620065.2963
2026-09-24T16:52:23.446Z,1790268743446,2026-09-25,RTSLAUSDT,spot,TSLA,382.53,382.56,382.54499999999996,0.7842,40.0,323.0,382.53,2022488561.2146
2026-09-24T16:52:23.446Z,1790268743446,2026-09-25,TSLAUSDT,perp,TSLA,382.54,382.6,382.57000000000005,1.5683,2.62,73.16,382.6,20921111.339
2026-09-24T16:52:23.446Z,1790268743446,2026-09-25,RNVDAUSDT,spot,NVDA,224.04,224.07,224.055,1.339,380.0,264.0,224.29,1616666267.9312
2026-09-24T16:52:23.446Z,1790268743446,2026-09-25,NVDAUSDT,perp,NVDA,224.58,224.59,224.585,0.4453,0.19,46.08,224.62,11357080.7824
2026-09-24T16:52:23.446Z,1790268743446,2026-09-25,RAAPLUSDT,spot,AAPL,338.03,338.07,338.04999999999995,1.1833,68.0,20.0,338.21,803559371.2870988
2026-09-24T16:52:23.446Z,1790268743446,2026-09-25,AAPLUSDT,perp,AAPL,338.42,338.43,338.425,0.2955,3.17,0.12,338.44,6602964.9342
2026-09-24T16:52:23.446Z,1790268743446,2026-09-25,RMETAUSDT,spot,META,769.64,769.8,769.72,2.0787,25.0,50.0,768.92,2685100724.0684
2026-09-24T16:52:23.446Z,1790268743446,2026-09-25,METAUSDT,perp,META,769.19,769.28,769.235,1.17,1.1,1.1,769.29,14063840.6248
2026-09-24T16:52:23.446Z,1790268743446,2026-09-25,RGOOGLUSDT,spot,GOOGL,342.14,342.18,342.15999999999997,1.169,30.0,15.0,342.22,930861519.2785302
2026-09-24T16:52:23.446Z,1790268743446,2026-09-25,GOOGLUSDT,perp,GOOGL,342.52,342.57,342.54499999999996,1.4597,27.87,11.1,342.51,6872687.4902
2026-09-24T16:52:23.446Z,1790268743446,2026-09-25,RSPYUSDT,spot,SPY,768.16,768.19,768.175,0.3905,230.0,220.0,768.19,3353204887.2601857
2026-09-24T16:52:23.446Z,1790268743446,2026-09-25,SPYUSDT,perp,SPY,768.81,768.82,768.815,0.1301,0.01,32.19,768.99,3824792.0614
2026-09-24T16:52:23.446Z,1790268743446,2026-09-25,RQQQUSDT,spot,QQQ,741.38,741.41,741.395,0.4046,115.0,190.0,741.42,3387074268.2847314
2026-09-24T16:52:23.446Z,1790268743446,2026-09-25,QQQUSDT,perp,QQQ,742.13,742.14,742.135,0.1347,156.32,3.09,742.16,6059098.7002
2026-09-24T16:52:23.446Z,1790268743446,2026-09-25,RSOXLUSDT,spot,SOXL,145.75,145.78,145.765,2.0581,40.0,50.0,145.38,1460038522.9052956
2026-09-24T16:52:23.446Z,1790268743446,2026-09-25,SOXLUSDT,perp,SOXL,145.6,145.61,145.60500000000002,0.6868,160.62,345.98,145.61,153875787.3196
2026-09-24T16:52:23.446Z,1790268743446,2026-09-25,RHOODUSDT,spot,HOOD,121.78,121.88,121.83,8.2082,51.0,726.0,121.9,185297752.91945738
2026-09-24T16:52:23.446Z,1790268743446,2026-09-25,HOODUSDT,perp,HOOD,122.01,122.06,122.035,4.0972,5.73,0.5,122.11,7881195.8283
2026-09-24T16:52:23.446Z,1790268743446,2026-09-25,RMRVLUSDT,spot,MRVL,259.93,260.09,260.01,6.1536,7.0,62.0,260.05,312027968.0134333
2026-09-24T16:52:23.446Z,1790268743446,2026-09-25,MRVLUSDT,perp,MRVL,260.07,260.12,260.095,1.9224,0.03,1.05,260.12,9620437.8806
2026-09-24T16:53:23.462Z,1790268803462,2026-09-25,RTSLAUSDT,spot,TSLA,382.2,382.31,382.255,2.8777,8.0,1.0,382.36,2052728906.4224
2026-09-24T16:53:23.462Z,1790268803462,2026-09-25,TSLAUSDT,perp,TSLA,382.38,382.44,382.40999999999997,1.569,0.58,16.16,382.37,20877331.7179
2026-09-24T16:53:23.462Z,1790268803462,2026-09-25,RNVDAUSDT,spot,NVDA,224.04,224.06,224.05,0.8927,45.0,429.0,224.1,1633519917.5517
2026-09-24T16:53:23.462Z,1790268803462,2026-09-25,NVDAUSDT,perp,NVDA,224.37,224.38,224.375,0.4457,57.16,27.04,224.39,11370429.4307
2026-09-24T16:53:23.462Z,1790268803462,2026-09-25,RAAPLUSDT,spot,AAPL,337.98,338.0,337.99,0.5917,15.0,40.0,338.17,810023858.2481989
2026-09-24T16:53:23.462Z,1790268803462,2026-09-25,AAPLUSDT,perp,AAPL,338.43,338.44,338.435,0.2955,1.18,13.12,338.37,6605881.7283
2026-09-24T16:53:23.462Z,1790268803462,2026-09-25,RMETAUSDT,spot,META,769.75,769.89,769.8199999999999,1.8186,10.0,84.0,769.41,2704269609.4586
2026-09-24T16:53:23.462Z,1790268803462,2026-09-25,METAUSDT,perp,META,769.88,769.95,769.915,0.9092,1.25,1.24,769.75,14063770.5324
2026-09-24T16:53:23.462Z,1790268803462,2026-09-25,RGOOGLUSDT,spot,GOOGL,342.11,342.19,342.15,2.3382,1.0,7.0,342.18,946616422.7924303
2026-09-24T16:53:23.462Z,1790268803462,2026-09-25,GOOGLUSDT,perp,GOOGL,342.61,342.69,342.65,2.3347,27.47,10.63,342.63,6862200.5197
2026-09-24T16:53:23.462Z,1790268803462,2026-09-25,RSPYUSDT,spot,SPY,767.95,767.97,767.96,0.2604,110.0,60.0,768.0,3409700234.5542855
2026-09-24T16:53:23.462Z,1790268803462,2026-09-25,SPYUSDT,perp,SPY,768.61,768.62,768.615,0.1301,0.02,4.63,768.72,3816775.7979
2026-09-24T16:53:23.462Z,1790268803462,2026-09-25,RQQQUSDT,spot,QQQ,741.03,741.06,741.045,0.4048,175.0,210.0,741.05,3434251364.393631
2026-09-24T16:53:23.462Z,1790268803462,2026-09-25,QQQUSDT,perp,QQQ,741.79,741.8,741.795,0.1348,3.21,4.67,741.88,6071617.754
2026-09-24T16:53:23.462Z,1790268803462,2026-09-25,RSOXLUSDT,spot,SOXL,145.1,145.15,145.125,3.4453,79.0,11.0,144.93,1549567469.6245384
2026-09-24T16:53:23.462Z,1790268803462,2026-09-25,SOXLUSDT,perp,SOXL,145.22,145.24,145.23000000000002,1.3771,6.86,534.19,145.22,153947803.1934
2026-09-24T16:53:23.462Z,1790268803462,2026-09-25,RHOODUSDT,spot,HOOD,121.95,122.01,121.98,4.9188,80.0,120.0,121.58,186828533.39145738
2026-09-24T16:53:23.462Z,1790268803462,2026-09-25,HOODUSDT,perp,HOOD,121.8,121.84,121.82,3.2835,45.97,9.72,121.89,7881662.9914
2026-09-24T16:53:23.462Z,1790268803462,2026-09-25,RMRVLUSDT,spot,MRVL,259.54,259.72,259.63,6.9329,62.0,20.0,259.63,313689612.3184332
2026-09-24T16:53:23.462Z,1790268803462,2026-09-25,MRVLUSDT,perp,MRVL,259.8,259.85,259.82500000000005,1.9244,17.18,92.33,259.77,9621780.4847
2026-09-24T16:54:23.475Z,1790268863475,2026-09-25,RTSLAUSDT,spot,TSLA,382.13,382.19,382.15999999999997,1.57,244.0,3.0,382.17,2091796542.1561
2026-09-24T16:54:23.475Z,1790268863475,2026-09-25,TSLAUSDT,perp,TSLA,382.33,382.34,382.335,0.2616,0.38,73.28,382.32,20884026.3124
2026-09-24T16:54:23.475Z,1790268863475,2026-09-25,RNVDAUSDT,spot,NVDA,224.07,224.09,224.07999999999998,0.8925,433.0,121.0,224.06,1651148784.1594
2026-09-24T16:54:23.475Z,1790268863475,2026-09-25,NVDAUSDT,perp,NVDA,224.41,224.42,224.415,0.4456,33.28,104.93,224.4,11375228.1172
2026-09-24T16:54:23.475Z,1790268863475,2026-09-25,RAAPLUSDT,spot,AAPL,338.17,338.2,338.185,0.8871,55.0,11.0,338.25,817336775.8772988
2026-09-24T16:54:23.475Z,1790268863475,2026-09-25,AAPLUSDT,perp,AAPL,338.46,338.47,338.46500000000003,0.2955,2.35,16.47,338.43,6600137.659
2026-09-24T16:54:23.475Z,1790268863475,2026-09-25,RMETAUSDT,spot,META,769.58,769.99,769.7850000000001,5.3262,4.0,5.0,768.73,2765521506.0669
2026-09-24T16:54:23.475Z,1790268863475,2026-09-25,METAUSDT,perp,META,769.11,769.22,769.165,1.4301,1.61,4.05,768.97,14092716.4776
2026-09-24T16:54:23.475Z,1790268863475,2026-09-25,RGOOGLUSDT,spot,GOOGL,342.3,342.34,342.32,1.1685,27.0,20.0,342.29,962934564.5657302
2026-09-24T16:54:23.475Z,1790268863475,2026-09-25,GOOGLUSDT,perp,GOOGL,342.73,342.79,342.76,1.7505,26.26,21.96,342.69,6802173.2481
2026-09-24T16:54:23.475Z,1790268863475,2026-09-25,RSPYUSDT,spot,SPY,768.11,768.14,768.125,0.3906,250.0,510.0,768.12,3423787192.1817856
2026-09-24T16:54:23.475Z,1790268863475,2026-09-25,SPYUSDT,perp,SPY,768.77,768.78,768.775,0.1301,0.44,36.99,768.61,3654111.1776
2026-09-24T16:54:23.475Z,1790268863475,2026-09-25,RQQQUSDT,spot,QQQ,741.27,741.31,741.29,0.5396,195.0,190.0,741.28,3482031928.2352314
2026-09-24T16:54:23.475Z,1790268863475,2026-09-25,QQQUSDT,perp,QQQ,741.97,741.98,741.975,0.1348,12.94,0.24,741.97,6091593.6373
2026-09-24T16:54:23.475Z,1790268863475,2026-09-25,RSOXLUSDT,spot,SOXL,145.35,145.39,145.37,2.7516,102.0,50.0,145.36,1559701970.5946386
2026-09-24T16:54:23.475Z,1790268863475,2026-09-25,SOXLUSDT,perp,SOXL,145.57,145.58,145.575,0.6869,5.2,205.69,145.56,154206753.3752
2026-09-24T16:54:23.475Z,1790268863475,2026-09-25,RHOODUSDT,spot,HOOD,121.87,121.94,121.905,5.7422,21.0,600.0,121.55,188633296.5039574
2026-09-24T16:54:23.475Z,1790268863475,2026-09-25,HOODUSDT,perp,HOOD,121.68,121.73,121.70500000000001,4.1083,30.4,2.34,121.73,7883003.2656
2026-09-24T16:54:23.475Z,1790268863475,2026-09-25,RMRVLUSDT,spot,MRVL,259.72,260.08,259.9,13.8515,41.0,100.0,260.0,316948536.14543325
2026-09-24T16:54:23.475Z,1790268863475,2026-09-25,MRVLUSDT,perp,MRVL,259.97,260.01,259.99,1.5385,0.03,18.44,260.02,9661293.1233
2026-09-24T16:55:23.489Z,1790268923489,2026-09-25,RTSLAUSDT,spot,TSLA,382.0,382.11,382.055,2.8792,81.0,327.0,381.99,2111410170.281
2026-09-24T16:55:23.489Z,1790268923489,2026-09-25,TSLAUSDT,perp,TSLA,382.17,382.24,382.20500000000004,1.8315,16.76,16.16,382.21,20862701.2772
2026-09-24T16:55:23.489Z,1790268923489,2026-09-25,RNVDAUSDT,spot,NVDA,224.31,224.33,224.32,0.8916,280.0,1114.0,224.13,1664300064.9116
2026-09-24T16:55:23.489Z,1790268923489,2026-09-25,NVDAUSDT,perp,NVDA,224.43,224.44,224.435,0.4456,0.38,29.88,224.44,11376215.6451
2026-09-24T16:55:23.489Z,1790268923489,2026-09-25,RAAPLUSDT,spot,AAPL,338.31,338.35,338.33000000000004,1.1823,482.0,1329.0,338.26,822523090.4868988
2026-09-24T16:55:23.489Z,1790268923489,2026-09-25,AAPLUSDT,perp,AAPL,338.49,338.51,338.5,0.5908,1.5,8.95,338.45,6600476.109
2026-09-24T16:55:23.489Z,1790268923489,2026-09-25,RMETAUSDT,spot,META,768.67,768.99,768.8299999999999,4.1622,6.0,80.0,768.87,2784752349.7021
2026-09-24T16:55:23.489Z,1790268923489,2026-09-25,METAUSDT,perp,META,769.28,769.31,769.295,0.39,1.53,0.01,769.11,14089275.9927
2026-09-24T16:55:23.489Z,1790268923489,2026-09-25,RGOOGLUSDT,spot,GOOGL,342.22,342.27,342.245,1.4609,4.0,10.0,342.2,972499090.3315302
2026-09-24T16:55:23.489Z,1790268923489,2026-09-25,GOOGLUSDT,perp,GOOGL,342.57,342.6,342.58500000000004,0.8757,25.38,10.63,342.58,6947051.9294
2026-09-24T16:55:23.489Z,1790268923489,2026-09-25,RSPYUSDT,spot,SPY,768.14,768.17,768.155,0.3905,220.0,190.0,768.22,3460636820.256086
2026-09-24T16:55:23.489Z,1790268923489,2026-09-25,SPYUSDT,perp,SPY,768.77,768.78,768.775,0.1301,0.47,4.19,768.69,3649372.572
2026-09-24T16:55:23.489Z,1790268923489,2026-09-25,RQQQUSDT,spot,QQQ,741.24,741.26,741.25,0.2698,210.0,41.0,741.26,3508315470.2400312
2026-09-24T16:55:23.489Z,1790268923489,2026-09-25,QQQUSDT,perp,QQQ,742.06,742.07,742.065,0.1348,76.23,0.4,742.02,6103389.4578
2026-09-24T16:55:23.489Z,1790268923489,2026-09-25,RSOXLUSDT,spot,SOXL,145.21,145.27,145.24,4.1311,110.0,150.0,145.25,1568967872.8712385
2026-09-24T16:55:23.489Z,1790268923489,2026-09-25,SOXLUSDT,perp,SOXL,145.55,145.56,145.555,0.687,8.9,5.4,145.54,154196463.624
2026-09-24T16:55:23.489Z,1790268923489,2026-09-25,RHOODUSDT,spot,HOOD,121.91,121.98,121.945,5.7403,2.0,300.0,121.55,189387948.07395738
2026-09-24T16:55:23.489Z,1790268923489,2026-09-25,HOODUSDT,perp,HOOD,121.72,121.77,121.745,4.1069,30.4,6.52,121.71,7882809.8538
2026-09-24T16:55:23.489Z,1790268923489,2026-09-25,RMRVLUSDT,spot,MRVL,259.75,259.96,259.855,8.0814,540.0,17.0,259.8,319826096.82543325
2026-09-24T16:55:23.489Z,1790268923489,2026-09-25,MRVLUSDT,perp,MRVL,260.11,260.14,260.125,1.1533,17.18,92.31,260.13,9681579.8153
2026-09-24T16:56:23.500Z,1790268983500,2026-09-25,RTSLAUSDT,spot,TSLA,382.4,382.49,382.445,2.3533,2.0,80.0,382.35,2130536232.5325
2026-09-24T16:56:23.500Z,1790268983500,2026-09-25,TSLAUSDT,perp,TSLA,382.58,382.65,382.615,1.8295,0.38,15.93,382.54,20863341.0468
2026-09-24T16:56:23.500Z,1790268983500,2026-09-25,RNVDAUSDT,spot,NVDA,224.37,224.4,224.385,1.337,296.0,275.0,224.19,1677575645.4748
2026-09-24T16:56:23.500Z,1790268983500,2026-09-25,NVDAUSDT,perp,NVDA,224.51,224.52,224.515,0.4454,10.19,55.75,224.5,11370960.6388
2026-09-24T16:56:23.500Z,1790268983500,2026-09-25,RAAPLUSDT,spot,AAPL,338.4,338.46,338.42999999999995,1.7729,52.0,40.0,338.3,830421334.4704988
2026-09-24T16:56:23.500Z,1790268983500,2026-09-25,AAPLUSDT,perp,AAPL,338.55,338.56,338.555,0.2954,2.75,3.78,338.47,6595588.0391
2026-09-24T16:56:23.500Z,1790268983500,2026-09-25,RMETAUSDT,spot,META,769.2,769.48,769.34,3.6395,125.0,80.0,769.84,2837036283.2014
2026-09-24T16:56:23.500Z,1790268983500,2026-09-25,METAUSDT,perp,META,769.84,769.92,769.88,1.0391,4.05,1.84,769.88,14079227.019
2026-09-24T16:56:23.500Z,1790268983500,2026-09-25,RGOOGLUSDT,spot,GOOGL,342.16,342.19,342.175,0.8767,101.0,20.0,342.2,977800813.8825302
2026-09-24T16:56:23.500Z,1790268983500,2026-09-25,GOOGLUSDT,perp,GOOGL,342.58,342.61,342.595,0.8757,14.7,10.63,342.6,6947450.1367
2026-09-24T16:56:23.500Z,1790268983500,2026-09-25,RSPYUSDT,spot,SPY,768.39,768.41,768.4,0.2603,110.0,1.0,768.27,3544531100.225486
2026-09-24T16:56:23.500Z,1790268983500,2026-09-25,SPYUSDT,perp,SPY,769.0,769.01,769.005,0.13,1.83,4.38,768.91,3650410.5867
2026-09-24T16:56:23.500Z,1790268983500,2026-09-25,RQQQUSDT,spot,QQQ,741.64,741.66,741.65,0.2697,110.0,3.0,741.64,3528979953.284231
2026-09-24T16:56:23.500Z,1790268983500,2026-09-25,QQQUSDT,perp,QQQ,742.37,742.38,742.375,0.1347,9.02,2.83,742.32,6059102.4464
2026-09-24T16:56:23.500Z,1790268983500,2026-09-25,RSOXLUSDT,spot,SOXL,145.63,145.67,145.64999999999998,2.7463,30.0,240.0,145.57,1575156411.2844386
2026-09-24T16:56:23.500Z,1790268983500,2026-09-25,SOXLUSDT,perp,SOXL,145.74,145.76,145.75,1.3722,648.94,71.98,145.78,154237212.6843
2026-09-24T16:56:23.500Z,1790268983500,2026-09-25,RHOODUSDT,spot,HOOD,121.86,121.95,121.905,7.3828,100.0,500.0,121.5,189933057.5847574
2026-09-24T16:56:23.500Z,1790268983500,2026-09-25,HOODUSDT,perp,HOOD,121.71,121.75,121.72999999999999,3.286,30.4,2.38,121.71,7882025.9309
2026-09-24T16:56:23.500Z,1790268983500,2026-09-25,RMRVLUSDT,spot,MRVL,260.13,260.32,260.225,7.3014,1.0,129.0,260.23,321338999.77193326
2026-09-24T16:56:23.500Z,1790268983500,2026-09-25,MRVLUSDT,perp,MRVL,260.43,260.51,260.47,3.0714,0.66,17.18,260.49,9682385.4748
2026-09-24T16:57:23.511Z,1790269043511,2026-09-25,RTSLAUSDT,spot,TSLA,382.97,383.09,383.03,3.1329,40.0,40.0,383.06,2174511164.9592
2026-09-24T16:57:23.511Z,1790269043511,2026-09-25,TSLAUSDT,perp,TSLA,382.99,383.04,383.015,1.3054,0.38,1.81,383.08,20866874.8227
2026-09-24T16:57:23.511Z,1790269043511,2026-09-25,RNVDAUSDT,spot,NVDA,224.44,224.47,224.45499999999998,1.3366,182.0,298.0,224.41,1696008167.8897
2026-09-24T16:57:23.511Z,1790269043511,2026-09-25,NVDAUSDT,perp,NVDA,224.68,224.69,224.685,0.4451,55.78,23.17,224.69,11373838.5756
2026-09-24T16:57:23.511Z,1790269043511,2026-09-25,RAAPLUSDT,spot,AAPL,338.25,338.27,338.26,0.5913,197.0,80.0,338.47,845198233.7828988
2026-09-24T16:57:23.511Z,1790269043511,2026-09-25,AAPLUSDT,perp,AAPL,338.69,338.7,338.695,0.2953,3.06,1.08,338.73,6596600.92
2026-09-24T16:57:23.511Z,1790269043511,2026-09-25,RMETAUSDT,spot,META,768.51,768.97,768.74,5.9838,11.0,130.0,772.19,2919451098.2568
2026-09-24T16:57:23.511Z,1790269043511,2026-09-25,METAUSDT,perp,META,772.48,772.78,772.63,3.8828,1.36,6.96,772.33,14281861.0318
2026-09-24T16:57:23.511Z,1790269043511,2026-09-25,RGOOGLUSDT,spot,GOOGL,342.81,342.89,342.85,2.3334,124.0,40.0,342.86,1030945297.2245302
2026-09-24T16:57:23.511Z,1790269043511,2026-09-25,GOOGLUSDT,perp,GOOGL,343.27,343.29,343.28,0.5826,16.03,0.22,343.27,7012313.5418
2026-09-24T16:57:23.511Z,1790269043511,2026-09-25,RSPYUSDT,spot,SPY,768.79,768.81,768.8,0.2601,160.0,130.0,768.77,3629031696.395086
2026-09-24T16:57:23.511Z,1790269043511,2026-09-25,SPYUSDT,perp,SPY,769.39,769.4,769.395,0.13,0.43,37.29,769.33,3656771.1438
2026-09-24T16:57:23.511Z,1790269043511,2026-09-25,RQQQUSDT,spot,QQQ,742.19,742.22,742.205,0.4042,230.0,100.0,742.18,3608817385.271531
2026-09-24T16:57:23.511Z,1790269043511,2026-09-25,QQQUSDT,perp,QQQ,742.93,742.94,742.935,0.1346,86.24,3.16,742.87,6074483.6786
2026-09-24T16:57:23.511Z,1790269043511,2026-09-25,RSOXLUSDT,spot,SOXL,145.98,146.01,145.995,2.0549,50.0,347.0,146.04,1589785259.4207385
2026-09-24T16:57:23.511Z,1790269043511,2026-09-25,SOXLUSDT,perp,SOXL,146.11,146.12,146.115,0.6844,36.56,56.56,146.1,154248786.0169
2026-09-24T16:57:23.511Z,1790269043511,2026-09-25,RHOODUSDT,spot,HOOD,121.65,121.77,121.71000000000001,9.8595,1.0,105.0,121.65,190546816.18735737
2026-09-24T16:57:23.511Z,1790269043511,2026-09-25,HOODUSDT,perp,HOOD,121.85,121.9,121.875,4.1026,15.04,394.16,121.86,7882386.4302
2026-09-24T16:57:23.511Z,1790269043511,2026-09-25,RMRVLUSDT,spot,MRVL,260.41,260.62,260.515,8.061,1.0,1.0,260.57,325357443.89293325
2026-09-24T16:57:23.511Z,1790269043511,2026-09-25,MRVLUSDT,perp,MRVL,260.65,260.71,260.67999999999995,2.3017,0.66,17.18,260.78,9671882.5707
2026-09-24T16:58:23.514Z,1790269103514,2026-09-25,RTSLAUSDT,spot,TSLA,382.5,382.56,382.53,1.5685,275.0,14.0,382.52,2206387241.3795
2026-09-24T16:58:23.514Z,1790269103514,2026-09-25,TSLAUSDT,perp,TSLA,382.64,382.7,382.66999999999996,1.5679,0.38,0.38,382.8,20818645.9188
2026-09-24T16:58:23.514Z,1790269103514,2026-09-25,RNVDAUSDT,spot,NVDA,224.2,224.22,224.20999999999998,0.892,150.0,54.0,224.36,1737290499.3815
2026-09-24T16:58:23.514Z,1790269103514,2026-09-25,NVDAUSDT,perp,NVDA,224.69,224.7,224.695,0.445,20.21,23.28,224.68,11376237.5978
2026-09-24T16:58:23.514Z,1790269103514,2026-09-25,RAAPLUSDT,spot,AAPL,338.09,338.13,338.11,1.183,102.0,35.0,338.54,885870288.3112742
2026-09-24T16:58:23.514Z,1790269103514,2026-09-25,AAPLUSDT,perp,AAPL,338.77,338.79,338.78,0.5904,1.35,3.53,338.72,6595133.1391
2026-09-24T16:58:23.514Z,1790269103514,2026-09-25,RMETAUSDT,spot,META,769.6,769.8,769.7,2.5984,64.0,80.0,772.19,3063325560.060402
2026-09-24T16:58:23.514Z,1790269103514,2026-09-25,METAUSDT,perp,META,772.52,772.61,772.565,1.165,0.72,0.01,772.16,14317292.0216
2026-09-24T16:58:23.514Z,1790269103514,2026-09-25,RGOOGLUSDT,spot,GOOGL,342.77,342.86,342.815,2.6253,100.0,20.0,342.79,1074996922.825592
2026-09-24T16:58:23.514Z,1790269103514,2026-09-25,GOOGLUSDT,perp,GOOGL,343.16,343.23,343.19500000000005,2.0397,0.4,26.82,343.17,7008471.0729
2026-09-24T16:58:23.514Z,1790269103514,2026-09-25,RSPYUSDT,spot,SPY,768.66,768.68,768.67,0.2602,20.0,50.0,768.66,4071821661.3900776
2026-09-24T16:58:23.514Z,1790269103514,2026-09-25,SPYUSDT,perp,SPY,769.29,769.3,769.295,0.13,8.3,0.41,769.27,3648085.8268
2026-09-24T16:58:23.514Z,1790269103514,2026-09-25,RQQQUSDT,spot,QQQ,742.06,742.08,742.0699999999999,0.2695,236.0,102.0,742.06,3727325490.683875
2026-09-24T16:58:23.514Z,1790269103514,2026-09-25,QQQUSDT,perp,QQQ,742.79,742.8,742.795,0.1346,83.27,0.8,742.8,6077781.5553
2026-09-24T16:58:23.514Z,1790269103514,2026-09-25,RSOXLUSDT,spot,SOXL,145.94,145.97,145.95499999999998,2.0554,28.0,28.0,145.94,1599214398.3373384
2026-09-24T16:58:23.514Z,1790269103514,2026-09-25,SOXLUSDT,perp,SOXL,146.04,146.05,146.04500000000002,0.6847,16.99,35.86,146.05,154249182.2822
2026-09-24T16:58:23.514Z,1790269103514,2026-09-25,RHOODUSDT,spot,HOOD,121.48,121.55,121.515,5.7606,500.0,50.0,121.6,198872852.50443769
2026-09-24T16:58:23.514Z,1790269103514,2026-09-25,HOODUSDT,perp,HOOD,121.76,121.8,121.78,3.2846,30.4,394.44,121.81,7858693.2668
2026-09-24T16:58:23.514Z,1790269103514,2026-09-25,RMRVLUSDT,spot,MRVL,260.39,260.62,260.505,8.829,50.0,21.0,260.54,350458472.5392902
2026-09-24T16:58:23.514Z,1790269103514,2026-09-25,MRVLUSDT,perp,MRVL,260.65,260.69,260.66999999999996,1.5345,0.63,1.05,260.68,9687765.7885
2026-09-24T16:59:23.526Z,1790269163526,2026-09-25,RTSLAUSDT,spot,TSLA,382.27,382.3,382.28499999999997,0.7848,9.0,10.0,382.27,2236913159.7903
2026-09-24T16:59:23.526Z,1790269163526,2026-09-25,TSLAUSDT,perp,TSLA,382.32,382.36,382.34000000000003,1.0462,0.38,2.09,382.39,20811221.8479
2026-09-24T16:59:23.526Z,1790269163526,2026-09-25,RNVDAUSDT,spot,NVDA,224.01,224.03,224.01999999999998,0.8928,272.0,36.0,224.31,1752101311.2233
2026-09-24T16:59:23.526Z,1790269163526,2026-09-25,NVDAUSDT,perp,NVDA,224.59,224.6,224.595,0.4452,7.22,26.31,224.59,11389287.9478
2026-09-24T16:59:23.526Z,1790269163526,2026-09-25,RAAPLUSDT,spot,AAPL,338.22,338.25,338.235,0.887,40.0,37.0,338.48,890263598.6829741
2026-09-24T16:59:23.526Z,1790269163526,2026-09-25,AAPLUSDT,perp,AAPL,338.65,338.66,338.655,0.2953,29.26,0.95,338.69,6595566.7471
2026-09-24T16:59:23.526Z,1790269163526,2026-09-25,RMETAUSDT,spot,META,770.86,770.94,770.9000000000001,1.0377,95.0,90.0,772.14,3106579913.539002
2026-09-24T16:59:23.526Z,1790269163526,2026-09-25,METAUSDT,perp,META,772.04,772.18,772.1099999999999,1.8132,1.2,2.68,772.12,14318920.6754
2026-09-24T16:59:23.526Z,1790269163526,2026-09-25,RGOOGLUSDT,spot,GOOGL,342.62,342.69,342.655,2.0429,60.0,63.0,342.74,1090537131.550792
2026-09-24T16:59:23.526Z,1790269163526,2026-09-25,GOOGLUSDT,perp,GOOGL,343.04,343.1,343.07000000000005,1.7489,22.75,0.4,343.09,7001409.6436
2026-09-24T16:59:23.526Z,1790269163526,2026-09-25,RSPYUSDT,spot,SPY,768.36,768.37,768.365,0.1301,20.0,270.0,768.41,4157741997.9866776
2026-09-24T16:59:23.526Z,1790269163526,2026-09-25,SPYUSDT,perp,SPY,768.98,768.99,768.985,0.13,0.4,1.56,769.22,3648416.6172
2026-09-24T16:59:23.526Z,1790269163526,2026-09-25,RQQQUSDT,spot,QQQ,741.87,741.89,741.88,0.2696,230.0,3.0,741.87,3767782137.332575
2026-09-24T16:59:23.526Z,1790269163526,2026-09-25,QQQUSDT,perp,QQQ,742.57,742.58,742.575,0.1347,157.01,0.15,742.65,6077567.4402
2026-09-24T16:59:23.526Z,1790269163526,2026-09-25,RSOXLUSDT,spot,SOXL,145.92,145.95,145.935,2.0557,60.0,32.0,145.94,1609709823.7756386
2026-09-24T16:59:23.526Z,1790269163526,2026-09-25,SOXLUSDT,perp,SOXL,146.06,146.07,146.065,0.6846,29.28,194.18,146.07,154320583.0759
2026-09-24T16:59:23.526Z,1790269163526,2026-09-25,RHOODUSDT,spot,HOOD,121.54,121.59,121.565,4.113,296.0,32.0,121.55,200241186.15483767
2026-09-24T16:59:23.526Z,1790269163526,2026-09-25,HOODUSDT,perp,HOOD,121.71,121.77,121.74,4.9285,38.69,441.47,121.81,7857738.557
2026-09-24T16:59:23.526Z,1790269163526,2026-09-25,RMRVLUSDT,spot,MRVL,260.61,260.74,260.675,4.9871,40.0,6.0,260.6,361345494.7680902
2026-09-24T16:59:23.526Z,1790269163526,2026-09-25,MRVLUSDT,perp,MRVL,260.85,260.9,260.875,1.9166,25.73,0.03,260.87,9689229.9132
2026-09-24T17:00:23.528Z,1790269223528,2026-09-25,RTSLAUSDT,spot,TSLA,382.14,382.22,382.18,2.0933,40.0,2.0,382.12,2266409122.9727
2026-09-24T17:00:23.528Z,1790269223528,2026-09-25,TSLAUSDT,perp,TSLA,382.2,382.27,382.235,1.8313,16.16,34.83,382.28,20820178.7591
2026-09-24T17:00:23.528Z,1790269223528,2026-09-25,RNVDAUSDT,spot,NVDA,224.07,224.09,224.07999999999998,0.8925,192.0,59.0,224.12,1775014799.0346
2026-09-24T17:00:23.528Z,1790269223528,2026-09-25,NVDAUSDT,perp,NVDA,224.41,224.42,224.415,0.4456,12.97,9.39,224.39,11387559.4262
2026-09-24T17:00:23.528Z,1790269223528,2026-09-25,RAAPLUSDT,spot,AAPL,338.17,338.19,338.18,0.5914,1.0,20.0,338.4,900393441.1291741
2026-09-24T17:00:23.528Z,1790269223528,2026-09-25,AAPLUSDT,perp,AAPL,338.63,338.64,338.635,0.2953,83.51,2.38,338.65,6608408.4765
2026-09-24T17:00:23.528Z,1790269223528,2026-09-25,RMETAUSDT,spot,META,772.26,772.38,772.3199999999999,1.5538,5.0,50.0,771.36,3152329804.972402
2026-09-24T17:00:23.528Z,1790269223528,2026-09-25,METAUSDT,perp,META,771.24,771.38,771.31,1.8151,2.46,2.45,771.29,14318404.0586
2026-09-24T17:00:23.528Z,1790269223528,2026-09-25,RGOOGLUSDT,spot,GOOGL,342.1,342.2,342.15,2.9227,70.0,3.0,342.16,1097095083.045592
2026-09-24T17:00:23.528Z,1790269223528,2026-09-25,GOOGLUSDT,perp,GOOGL,342.53,342.58,342.55499999999995,1.4596,0.47,26.28,342.59,7006485.9391
2026-09-24T17:00:23.528Z,1790269223528,2026-09-25,RSPYUSDT,spot,SPY,767.8,767.83,767.815,0.3907,203.0,240.0,767.78,4242569347.8238773
2026-09-24T17:00:23.528Z,1790269223528,2026-09-25,SPYUSDT,perp,SPY,768.42,768.43,768.425,0.1301,0.4,34.28,768.64,3656568.7136
2026-09-24T17:00:23.528Z,1790269223528,2026-09-25,RQQQUSDT,spot,QQQ,741.29,741.32,741.3050000000001,0.4047,140.0,220.0,741.32,3832169426.735975
2026-09-24T17:00:23.528Z,1790269223528,2026-09-25,QQQUSDT,perp,QQQ,741.98,741.99,741.985,0.1348,105.39,0.54,741.97,6080190.8995
2026-09-24T17:00:23.528Z,1790269223528,2026-09-25,RSOXLUSDT,spot,SOXL,145.41,145.44,145.425,2.0629,140.0,60.0,145.47,1625138322.4538386
2026-09-24T17:00:23.528Z,1790269223528,2026-09-25,SOXLUSDT,perp,SOXL,145.67,145.68,145.675,0.6865,14.33,34.97,145.68,154621637.4272
2026-09-24T17:00:23.528Z,1790269223528,2026-09-25,RHOODUSDT,spot,HOOD,121.65,121.7,121.67500000000001,4.1093,500.0,68.0,121.38,203848290.02143767
2026-09-24T17:00:23.528Z,1790269223528,2026-09-25,HOODUSDT,perp,HOOD,121.56,121.6,121.58,3.29,30.4,2.19,121.53,7852562.4247
2026-09-24T17:00:23.528Z,1790269223528,2026-09-25,RMRVLUSDT,spot,MRVL,259.92,260.11,260.015,7.3073,1.0,23.0,259.93,367671585.2274902
2026-09-24T17:00:23.528Z,1790269223528,2026-09-25,MRVLUSDT,perp,MRVL,260.33,260.35,260.34000000000003,0.7682,37.23,93.28,260.33,9693155.4459
2026-09-24T17:01:23.539Z,1790269283539,2026-09-25,RTSLAUSDT,spot,TSLA,382.15,382.26,382.205,2.878,40.0,258.0,382.23,2289984316.4585
2026-09-24T17:01:23.539Z,1790269283539,2026-09-25,TSLAUSDT,perp,TSLA,382.4,382.45,382.42499999999995,1.3074,15.99,2.07,382.43,20803132.7904
2026-09-24T17:01:23.539Z,1790269283539,2026-09-25,RNVDAUSDT,spot,NVDA,224.15,224.16,224.155,0.4461,175.0,40.0,224.23,1796042431.0696
2026-09-24T17:01:23.539Z,1790269283539,2026-09-25,NVDAUSDT,perp,NVDA,224.44,224.45,224.445,0.4455,312.04,5.51,224.48,11394255.6011
2026-09-24T17:01:23.539Z,1790269283539,2026-09-25,RAAPLUSDT,spot,AAPL,338.29,338.32,338.305,0.8868,40.0,130.0,338.4,908665781.1580741
2026-09-24T17:01:23.539Z,1790269283539,2026-09-25,AAPLUSDT,perp,AAPL,338.64,338.66,338.65,0.5906,42.11,12.37,338.66,6615192.3724
2026-09-24T17:01:23.539Z,1790269283539,2026-09-25,RMETAUSDT,spot,META,772.11,772.23,772.1700000000001,1.5541,201.0,54.0,770.95,3194241353.833902
2026-09-24T17:01:23.539Z,1790269283539,2026-09-25,METAUSDT,perp,META,770.66,770.74,770.7,1.038,4.05,0.19,770.64,14318346.5358
2026-09-24T17:01:23.539Z,1790269283539,2026-09-25,RGOOGLUSDT,spot,GOOGL,342.08,342.17,342.125,2.6306,12.0,245.0,342.11,1105765893.407592
2026-09-24T17:01:23.539Z,1790269283539,2026-09-25,GOOGLUSDT,perp,GOOGL,342.52,342.55,342.53499999999997,0.8758,10.63,10.63,342.59,7007943.1741
2026-09-24T17:01:23.539Z,1790269283539,2026-09-25,RSPYUSDT,spot,SPY,767.91,767.94,767.925,0.3907,300.0,40.0,767.92,4270132646.2139773
2026-09-24T17:01:23.539Z,1790269283539,2026-09-25,SPYUSDT,perp,SPY,768.51,768.52,768.515,0.1301,0.41,3.77,768.46,3662662.5796
2026-09-24T17:01:23.539Z,1790269283539,2026-09-25,RQQQUSDT,spot,QQQ,741.45,741.54,741.495,1.2138,45.0,120.0,741.53,3866317089.076475
2026-09-24T17:01:23.539Z,1790269283539,2026-09-25,QQQUSDT,perp,QQQ,742.27,742.28,742.275,0.1347,158.09,0.07,742.08,6080614.0152
2026-09-24T17:01:23.539Z,1790269283539,2026-09-25,RSOXLUSDT,spot,SOXL,145.84,145.89,145.865,3.4278,96.0,100.0,145.88,1637905541.6670384
2026-09-24T17:01:23.539Z,1790269283539,2026-09-25,SOXLUSDT,perp,SOXL,146.02,146.03,146.025,0.6848,28.68,35.81,146.03,154666494.5204
2026-09-24T17:01:23.539Z,1790269283539,2026-09-25,RHOODUSDT,spot,HOOD,121.64,121.68,121.66,3.2879,155.0,509.0,121.54,205312659.0134377
2026-09-24T17:01:23.539Z,1790269283539,2026-09-25,HOODUSDT,perp,HOOD,121.74,121.78,121.75999999999999,3.2852,7.88,146.38,121.66,7830699.1717
2026-09-24T17:01:23.539Z,1790269283539,2026-09-25,RMRVLUSDT,spot,MRVL,260.18,260.34,260.26,6.1477,222.0,100.0,260.27,369308181.8137902
2026-09-24T17:01:23.539Z,1790269283539,2026-09-25,MRVLUSDT,perp,MRVL,260.5,260.51,260.505,0.3839,17.69,0.56,260.46,9703541.3185
2026-09-24T17:02:23.542Z,1790269343542,2026-09-25,RTSLAUSDT,spot,TSLA,382.21,382.26,382.235,1.3081,16.0,11.0,382.25,2320315136.5172
2026-09-24T17:02:23.542Z,1790269343542,2026-09-25,TSLAUSDT,perp,TSLA,382.27,382.32,382.29499999999996,1.3079,0.59,15.99,382.42,20760638.0799
2026-09-24T17:02:23.542Z,1790269343542,2026-09-25,RNVDAUSDT,spot,NVDA,224.33,224.34,224.335,0.4458,16.0,260.0,224.18,1835716683.9252
2026-09-24T17:02:23.542Z,1790269343542,2026-09-25,NVDAUSDT,perp,NVDA,224.46,224.47,224.465,0.4455,69.26,5.27,224.48,11406847.973
2026-09-24T17:02:23.542Z,1790269343542,2026-09-25,RAAPLUSDT,spot,AAPL,338.45,338.47,338.46000000000004,0.5909,2.0,20.0,338.33,921703915.1130742
2026-09-24T17:02:23.542Z,1790269343542,2026-09-25,AAPLUSDT,perp,AAPL,338.59,338.6,338.595,0.2953,18.65,0.94,338.53,6616788.1949
2026-09-24T17:02:23.542Z,1790269343542,2026-09-25,RMETAUSDT,spot,META,770.9,771.07,770.985,2.205,15.0,44.0,771.51,3287221113.954502
2026-09-24T17:02:23.542Z,1790269343542,2026-09-25,METAUSDT,perp,META,771.78,771.9,771.8399999999999,1.5547,0.64,2.3,771.77,14324238.4591
2026-09-24T17:02:23.542Z,1790269343542,2026-09-25,RGOOGLUSDT,spot,GOOGL,342.21,342.29,342.25,2.3375,10.0,51.0,342.25,1115896518.918592
2026-09-24T17:02:23.542Z,1790269343542,2026-09-25,GOOGLUSDT,perp,GOOGL,342.7,342.75,342.725,1.4589,14.93,37.02,342.69,7016261.7653
2026-09-24T17:02:23.542Z,1790269343542,2026-09-25,RSPYUSDT,spot,SPY,767.88,767.92,767.9,0.5209,1500.0,160.0,767.93,4340636949.917777
2026-09-24T17:02:23.542Z,1790269343542,2026-09-25,SPYUSDT,perp,SPY,768.55,768.56,768.555,0.1301,0.01,4.3,768.4,3666666.9482
2026-09-24T17:02:23.542Z,1790269343542,2026-09-25,RQQQUSDT,spot,QQQ,741.44,741.52,741.48,1.0789,340.0,60.0,741.48,3904845270.955075
2026-09-24T17:02:23.542Z,1790269343542,2026-09-25,QQQUSDT,perp,QQQ,742.06,742.07,742.065,0.1348,255.26,0.62,742.05,6010449.9968
2026-09-24T17:02:23.542Z,1790269343542,2026-09-25,RSOXLUSDT,spot,SOXL,145.68,145.73,145.70499999999998,3.4316,110.0,50.0,145.71,1654897135.5419385
2026-09-24T17:02:23.542Z,1790269343542,2026-09-25,SOXLUSDT,perp,SOXL,145.84,145.86,145.85000000000002,1.3713,146.04,41.07,145.85,154707550.6483
2026-09-24T17:02:23.542Z,1790269343542,2026-09-25,RHOODUSDT,spot,HOOD,121.55,121.58,121.565,2.4678,295.0,227.0,121.59,207227209.66853768
2026-09-24T17:02:23.542Z,1790269343542,2026-09-25,HOODUSDT,perp,HOOD,121.74,121.76,121.75,1.6427,9.63,30.4,121.76,7820790.0655
2026-09-24T17:02:23.542Z,1790269343542,2026-09-25,RMRVLUSDT,spot,MRVL,260.0,260.21,260.105,8.0737,56.0,3.0,260.06,371220576.9477902
2026-09-24T17:02:23.542Z,1790269343542,2026-09-25,MRVLUSDT,perp,MRVL,260.3,260.31,260.305,0.3842,3.21,92.23,260.29,9701186.7105
2026-09-24T17:03:23.546Z,1790269403546,2026-09-25,RTSLAUSDT,spot,TSLA,382.48,382.58,382.53,2.6142,9.0,112.0,382.59,2349767022.4491
2026-09-24T17:03:23.546Z,1790269403546,2026-09-25,TSLAUSDT,perp,TSLA,382.67,382.7,382.685,0.7839,0.59,0.31,382.76,20818938.1715
2026-09-24T17:03:23.546Z,1790269403546,2026-09-25,RNVDAUSDT,spot,NVDA,224.36,224.37,224.365,0.4457,100.0,99.0,224.41,1858301902.8834
2026-09-24T17:03:23.546Z,1790269403546,2026-09-25,NVDAUSDT,perp,NVDA,224.7,224.71,224.70499999999998,0.445,12.22,18.21,224.7,11412430.1778
2026-09-24T17:03:23.546Z,1790269403546,2026-09-25,RAAPLUSDT,spot,AAPL,338.5,338.53,338.515,0.8862,22.0,120.0,338.45,936607742.0164741
2026-09-24T17:03:23.546Z,1790269403546,2026-09-25,AAPLUSDT,perp,AAPL,338.7,338.71,338.705,0.2952,1.11,10.03,338.7,6616913.8801
2026-09-24T17:03:23.546Z,1790269403546,2026-09-25,RMETAUSDT,spot,META,770.57,771.18,770.875,7.9131,2.0,80.0,771.46,3337905416.795902
2026-09-24T17:03:23.546Z,1790269403546,2026-09-25,METAUSDT,perp,META,771.78,771.94,771.86,2.0729,4.05,2.01,771.92,14336825.1122
2026-09-24T17:03:23.546Z,1790269403546,2026-09-25,RGOOGLUSDT,spot,GOOGL,342.69,342.76,342.725,2.0425,10.0,10.0,342.74,1132818364.735992
2026-09-24T17:03:23.546Z,1790269403546,2026-09-25,GOOGLUSDT,perp,GOOGL,343.01,343.08,343.04499999999996,2.0405,12.49,36.9,343.08,7017144.9287
2026-09-24T17:03:23.546Z,1790269403546,2026-09-25,RSPYUSDT,spot,SPY,768.51,768.54,768.525,0.3904,57.0,134.0,768.52,4389042642.917377
2026-09-24T17:03:23.546Z,1790269403546,2026-09-25,SPYUSDT,perp,SPY,769.14,769.15,769.145,0.13,0.38,5.22,769.03,3669719.2393
2026-09-24T17:03:23.546Z,1790269403546,2026-09-25,RQQQUSDT,spot,QQQ,742.26,742.29,742.275,0.4042,90.0,840.0,742.21,3957526539.029775
2026-09-24T17:03:23.546Z,1790269403546,2026-09-25,QQQUSDT,perp,QQQ,743.1,743.11,743.105,0.1346,81.36,45.84,742.94,6010537.0054
2026-09-24T17:03:23.546Z,1790269403546,2026-09-25,RSOXLUSDT,spot,SOXL,146.59,146.62,146.60500000000002,2.0463,110.0,40.0,146.65,1673733675.7412386
2026-09-24T17:03:23.546Z,1790269403546,2026-09-25,SOXLUSDT,perp,SOXL,146.87,146.9,146.885,2.0424,27.96,13.58,146.87,154156175.0183
2026-09-24T17:03:23.546Z,1790269403546,2026-09-25,RHOODUSDT,spot,HOOD,121.35,121.4,121.375,4.1195,10.0,100.0,121.89,210820378.62853768
2026-09-24T17:03:23.546Z,1790269403546,2026-09-25,HOODUSDT,perp,HOOD,122.05,122.1,122.07499999999999,4.0958,8.85,30.4,122.07,7821541.9675
2026-09-24T17:03:23.546Z,1790269403546,2026-09-25,RMRVLUSDT,spot,MRVL,260.93,261.0,260.96500000000003,2.6824,1.0,2046.0,260.78,377803778.78379023
2026-09-24T17:03:23.546Z,1790269403546,2026-09-25,MRVLUSDT,perp,MRVL,261.23,261.27,261.25,1.5311,0.21,116.82,261.24,9701150.5697
2026-09-24T17:04:23.551Z,1790269463551,2026-09-25,RTSLAUSDT,spot,TSLA,382.15,382.33,382.24,4.7091,56.0,81.0,382.31,2378904888.917
2026-09-24T17:04:23.551Z,1790269463551,2026-09-25,TSLAUSDT,perp,TSLA,382.44,382.49,382.46500000000003,1.3073,0.21,0.59,382.3,20815119.9511
2026-09-24T17:04:23.551Z,1790269463551,2026-09-25,RNVDAUSDT,spot,NVDA,224.27,224.29,224.28,0.8917,120.0,384.0,224.3,1893949115.7395
2026-09-24T17:04:23.551Z,1790269463551,2026-09-25,NVDAUSDT,perp,NVDA,224.66,224.67,224.665,0.4451,10.75,8.55,224.65,11478698.0723
2026-09-24T17:04:23.551Z,1790269463551,2026-09-25,RAAPLUSDT,spot,AAPL,338.39,338.42,338.405,0.8865,30.0,100.0,338.16,943811007.0068741
2026-09-24T17:04:23.551Z,1790269463551,2026-09-25,AAPLUSDT,perp,AAPL,338.4,338.41,338.405,0.2955,25.84,2.1,338.41,6624200.5493
2026-09-24T17:04:23.551Z,1790269463551,2026-09-25,RMETAUSDT,spot,META,771.01,771.49,771.25,6.2237,34.0,10.0,772.17,3409139087.991902
2026-09-24T17:04:23.551Z,1790269463551,2026-09-25,METAUSDT,perp,META,772.54,772.65,772.595,1.4238,2.0,0.05,772.14,14337133.5399
2026-09-24T17:04:23.551Z,1790269463551,2026-09-25,RGOOGLUSDT,spot,GOOGL,342.54,342.6,342.57000000000005,1.7515,1.0,5.0,342.53,1153646363.248192
2026-09-24T17:04:23.551Z,1790269463551,2026-09-25,GOOGLUSDT,perp,GOOGL,342.92,342.98,342.95000000000005,1.7495,22.8,10.63,342.92,7022502.0659
2026-09-24T17:04:23.551Z,1790269463551,2026-09-25,RSPYUSDT,spot,SPY,768.14,768.17,768.155,0.3905,260.0,190.0,768.17,4590950537.1912775
2026-09-24T17:04:23.551Z,1790269463551,2026-09-25,SPYUSDT,perp,SPY,768.64,768.65,768.645,0.1301,0.42,0.06,768.72,3669330.2568
2026-09-24T17:04:23.551Z,1790269463551,2026-09-25,RQQQUSDT,spot,QQQ,742.04,742.08,742.06,0.539,90.0,890.0,742.1,4068968248.391175
2026-09-24T17:04:23.551Z,1790269463551,2026-09-25,QQQUSDT,perp,QQQ,742.73,742.74,742.735,0.1346,159.98,0.26,742.68,6010417.4086
2026-09-24T17:04:23.551Z,1790269463551,2026-09-25,RSOXLUSDT,spot,SOXL,146.61,146.65,146.63,2.728,12.0,49.0,146.71,1716201910.8424385
2026-09-24T17:04:23.551Z,1790269463551,2026-09-25,SOXLUSDT,perp,SOXL,146.87,146.89,146.88,1.3617,16.04,272.3,146.89,154131848.5387
2026-09-24T17:04:23.551Z,1790269463551,2026-09-25,RHOODUSDT,spot,HOOD,121.71,121.78,121.745,5.7497,100.0,100.0,121.74,211972747.47833768
2026-09-24T17:04:23.551Z,1790269463551,2026-09-25,HOODUSDT,perp,HOOD,121.87,121.93,121.9,4.9221,8.3,30.4,121.87,7807293.6884
2026-09-24T17:04:23.551Z,1790269463551,2026-09-25,RMRVLUSDT,spot,MRVL,260.79,261.0,260.895,8.0492,270.0,288.0,260.95,388159928.4760902
2026-09-24T17:04:23.551Z,1790269463551,2026-09-25,MRVLUSDT,perp,MRVL,260.92,260.93,260.925,0.3833,143.04,0.35,261.02,9712966.3059
2026-09-24T17:05:23.558Z,1790269523558,2026-09-25,RTSLAUSDT,spot,TSLA,382.71,382.79,382.75,2.0901,80.0,54.0,382.59,2409286405.5678
2026-09-24T17:05:23.558Z,1790269523558,2026-09-25,TSLAUSDT,perp,TSLA,382.78,382.81,382.79499999999996,0.7837,15.78,0.59,382.86,20812539.3217
2026-09-24T17:05:23.558Z,1790269523558,2026-09-25,RNVDAUSDT,spot,NVDA,224.1,224.11,224.10500000000002,0.4462,83.0,272.0,224.59,1931073924.8075
2026-09-24T17:05:23.558Z,1790269523558,2026-09-25,NVDAUSDT,perp,NVDA,224.88,224.89,224.885,0.4447,53.87,18.77,224.89,11499109.1645
2026-09-24T17:05:23.558Z,1790269523558,2026-09-25,RAAPLUSDT,spot,AAPL,338.37,338.42,338.395,1.4776,50.0,83.0,338.38,956368450.9334742
2026-09-24T17:05:23.558Z,1790269523558,2026-09-25,AAPLUSDT,perp,AAPL,338.42,338.43,338.425,0.2955,26.44,0.22,338.43,6630142.6441
2026-09-24T17:05:23.558Z,1790269523558,2026-09-25,RMETAUSDT,spot,META,772.03,772.27,772.15,3.1082,79.0,67.0,773.69,3511785029.573502
2026-09-24T17:05:23.558Z,1790269523558,2026-09-25,METAUSDT,perp,META,773.88,773.97,773.925,1.1629,2.35,0.16,774.1,14406691.9958
2026-09-24T17:05:23.558Z,1790269523558,2026-09-25,RGOOGLUSDT,spot,GOOGL,342.69,342.72,342.70500000000004,0.8754,49.0,80.0,342.69,1178998407.266592
2026-09-24T17:05:23.558Z,1790269523558,2026-09-25,GOOGLUSDT,perp,GOOGL,343.02,343.07,343.04499999999996,1.4575,101.58,10.63,343.09,7014844.781
2026-09-24T17:05:23.558Z,1790269523558,2026-09-25,RSPYUSDT,spot,SPY,768.31,768.34,768.325,0.3905,210.0,470.0,768.31,4673862069.446978
2026-09-24T17:05:23.558Z,1790269523558,2026-09-25,SPYUSDT,perp,SPY,768.92,768.93,768.925,0.1301,0.38,0.46,769.03,3671344.6825
2026-09-24T17:05:23.558Z,1790269523558,2026-09-25,RQQQUSDT,spot,QQQ,742.34,742.37,742.355,0.4041,915.0,1.0,742.38,4138559681.591575
2026-09-24T17:05:23.558Z,1790269523558,2026-09-25,QQQUSDT,perp,QQQ,743.03,743.04,743.035,0.1346,146.78,2.1,743.06,6031676.0427
2026-09-24T17:05:23.558Z,1790269523558,2026-09-25,RSOXLUSDT,spot,SOXL,147.02,147.06,147.04000000000002,2.7203,120.0,20.0,147.07,1748822899.1824386
2026-09-24T17:05:23.558Z,1790269523558,2026-09-25,SOXLUSDT,perp,SOXL,147.01,147.02,147.015,0.6802,193.89,12.6,147.06,154339585.2654
2026-09-24T17:05:23.558Z,1790269523558,2026-09-25,RHOODUSDT,spot,HOOD,121.55,121.63,121.59,6.5795,44.0,500.0,121.5,214157814.04833767
2026-09-24T17:05:23.558Z,1790269523558,2026-09-25,HOODUSDT,perp,HOOD,121.65,121.69,121.67,3.2876,394.57,50.17,121.68,7837734.6959
2026-09-24T17:05:23.558Z,1790269523558,2026-09-25,RMRVLUSDT,spot,MRVL,261.04,261.22,261.13,6.8931,5.0,10.0,261.24,397115439.0188902
2026-09-24T17:05:23.558Z,1790269523558,2026-09-25,MRVLUSDT,perp,MRVL,261.32,261.34,261.33,0.7653,57.33,93.71,261.32,9727186.5344
2026-09-24T17:06:23.565Z,1790269583565,2026-09-25,RTSLAUSDT,spot,TSLA,382.19,382.27,382.23,2.093,80.0,60.0,382.33,2421606266.2988
2026-09-24T17:06:23.565Z,1790269583565,2026-09-25,TSLAUSDT,perp,TSLA,382.36,382.39,382.375,0.7846,18.6,0.38,382.39,20837433.8699
2026-09-24T17:06:23.565Z,1790269583565,2026-09-25,RNVDAUSDT,spot,NVDA,224.22,224.24,224.23000000000002,0.8919,226.0,39.0,224.51,1982390175.8065
2026-09-24T17:06:23.565Z,1790269583565,2026-09-25,NVDAUSDT,perp,NVDA,224.8,224.81,224.805,0.4448,59.75,47.97,224.79,11517132.3172
2026-09-24T17:06:23.565Z,1790269583565,2026-09-25,RAAPLUSDT,spot,AAPL,338.41,338.45,338.43,1.1819,1.0,64.0,338.13,961042083.8092741
2026-09-24T17:06:23.565Z,1790269583565,2026-09-25,AAPLUSDT,perp,AAPL,338.4,338.44,338.41999999999996,1.182,49.25,3.69,338.42,6632073.9519
2026-09-24T17:06:23.565Z,1790269583565,2026-09-25,RMETAUSDT,spot,META,772.04,772.14,772.0899999999999,1.2952,120.0,20.0,772.87,3597824209.373002
2026-09-24T17:06:23.565Z,1790269583565,2026-09-25,METAUSDT,perp,META,773.33,773.47,773.4000000000001,1.8102,0.64,0.32,773.29,14418921.6108
2026-09-24T17:06:23.565Z,1790269583565,2026-09-25,RGOOGLUSDT,spot,GOOGL,342.5,342.55,342.525,1.4597,35.0,103.0,342.47,1186740811.341592
2026-09-24T17:06:23.565Z,1790269583565,2026-09-25,GOOGLUSDT,perp,GOOGL,342.95,343.0,342.975,1.4578,10.63,36.88,342.92,7016651.6261
2026-09-24T17:06:23.565Z,1790269583565,2026-09-25,RSPYUSDT,spot,SPY,768.24,768.26,768.25,0.2603,40.0,60.0,768.24,4735723336.113077
2026-09-24T17:06:23.565Z,1790269583565,2026-09-25,SPYUSDT,perp,SPY,768.86,768.87,768.865,0.1301,0.42,1.83,768.7,3671821.309
2026-09-24T17:06:23.565Z,1790269583565,2026-09-25,RQQQUSDT,spot,QQQ,742.11,742.15,742.13,0.539,860.0,316.0,742.16,4158755013.317575
2026-09-24T17:06:23.565Z,1790269583565,2026-09-25,QQQUSDT,perp,QQQ,742.87,742.88,742.875,0.1346,115.61,1.08,742.82,6033017.8089
2026-09-24T17:06:23.565Z,1790269583565,2026-09-25,RSOXLUSDT,spot,SOXL,146.71,146.78,146.745,4.7702,192.0,110.0,146.79,1832853365.2567728
2026-09-24T17:06:23.565Z,1790269583565,2026-09-25,SOXLUSDT,perp,SOXL,146.95,146.98,146.96499999999997,2.0413,62.63,7.61,146.94,154470235.9465
2026-09-24T17:06:23.565Z,1790269583565,2026-09-25,RHOODUSDT,spot,HOOD,121.81,121.94,121.875,10.6667,20.0,103.0,121.52,214881870.57333767
2026-09-24T17:06:23.565Z,1790269583565,2026-09-25,HOODUSDT,perp,HOOD,121.67,121.72,121.695,4.1086,2.37,30.4,121.69,7853652.7205
2026-09-24T17:06:23.565Z,1790269583565,2026-09-25,RMRVLUSDT,spot,MRVL,261.04,261.15,261.095,4.213,28.0,1.0,261.06,399933778.0001902
2026-09-24T17:06:23.565Z,1790269583565,2026-09-25,MRVLUSDT,perp,MRVL,261.33,261.35,261.34000000000003,0.7653,36.93,91.87,261.35,9738654.2114
2026-09-24T17:07:23.576Z,1790269643576,2026-09-25,RTSLAUSDT,spot,TSLA,382.26,382.34,382.29999999999995,2.0926,107.0,60.0,382.25,2437631320.0437
2026-09-24T17:07:23.576Z,1790269643576,2026-09-25,TSLAUSDT,perp,TSLA,382.43,382.46,382.445,0.7844,153.7,0.21,382.51,20847719.0202
2026-09-24T17:07:23.576Z,1790269643576,2026-09-25,RNVDAUSDT,spot,NVDA,224.17,224.18,224.175,0.4461,184.0,200.0,224.54,2013446690.922
2026-09-24T17:07:23.576Z,1790269643576,2026-09-25,NVDAUSDT,perp,NVDA,224.81,224.82,224.815,0.4448,129.04,2.47,224.81,11517051.8008
2026-09-24T17:07:23.576Z,1790269643576,2026-09-25,RAAPLUSDT,spot,AAPL,338.33,338.39,338.36,1.7733,80.0,51.0,338.27,966873808.6435741
2026-09-24T17:07:23.576Z,1790269643576,2026-09-25,AAPLUSDT,perp,AAPL,338.46,338.47,338.46500000000003,0.2955,76.27,0.71,338.49,6626880.7131
2026-09-24T17:07:23.576Z,1790269643576,2026-09-25,RMETAUSDT,spot,META,772.74,772.89,772.815,1.941,130.0,41.0,772.66,3632170786.251802
2026-09-24T17:07:23.576Z,1790269643576,2026-09-25,METAUSDT,perp,META,773.0,773.02,773.01,0.2587,1.04,2.13,773.39,14417213.446
2026-09-24T17:07:23.576Z,1790269643576,2026-09-25,RGOOGLUSDT,spot,GOOGL,342.51,342.56,342.53499999999997,1.4597,10.0,10.0,342.5,1191864759.660892
2026-09-24T17:07:23.576Z,1790269643576,2026-09-25,GOOGLUSDT,perp,GOOGL,342.95,343.0,342.975,1.4578,23.71,10.63,342.92,7005560.6982
2026-09-24T17:07:23.576Z,1790269643576,2026-09-25,RSPYUSDT,spot,SPY,768.41,768.42,768.415,0.1301,40.0,80.0,768.45,4818839482.374377
2026-09-24T17:07:23.576Z,1790269643576,2026-09-25,SPYUSDT,perp,SPY,769.03,769.04,769.035,0.13,0.02,33.5,769.02,3673589.8273
2026-09-24T17:07:23.576Z,1790269643576,2026-09-25,RQQQUSDT,spot,QQQ,742.22,742.26,742.24,0.5389,935.0,42.0,742.22,4191660317.095975
2026-09-24T17:07:23.576Z,1790269643576,2026-09-25,QQQUSDT,perp,QQQ,742.88,742.89,742.885,0.1346,252.69,1.43,742.95,6033190.585
2026-09-24T17:07:23.576Z,1790269643576,2026-09-25,RSOXLUSDT,spot,SOXL,146.81,146.87,146.84,4.0861,30.0,140.0,146.89,1841311120.8297727
2026-09-24T17:07:23.576Z,1790269643576,2026-09-25,SOXLUSDT,perp,SOXL,146.93,146.94,146.935,0.6806,29.15,8.2,146.94,154542163.4169
2026-09-24T17:07:23.576Z,1790269643576,2026-09-25,RHOODUSDT,spot,HOOD,121.54,121.68,121.61000000000001,11.5122,400.0,20.0,121.54,215782660.78333768
2026-09-24T17:07:23.576Z,1790269643576,2026-09-25,HOODUSDT,perp,HOOD,121.69,121.73,121.71000000000001,3.2865,400.8,30.4,121.65,7840412.9012
2026-09-24T17:07:23.576Z,1790269643576,2026-09-25,RMRVLUSDT,spot,MRVL,261.0,261.1,261.05,3.8307,1.0,10.0,261.1,405849721.8345902
2026-09-24T17:07:23.576Z,1790269643576,2026-09-25,MRVLUSDT,perp,MRVL,261.17,261.2,261.185,1.1486,0.21,1.89,261.15,9741229.0928
2026-09-24T17:08:23.590Z,1790269703590,2026-09-25,RTSLAUSDT,spot,TSLA,381.75,381.85,381.8,2.6192,44.0,56.0,381.81,2462770742.1551
2026-09-24T17:08:23.590Z,1790269703590,2026-09-25,TSLAUSDT,perp,TSLA,381.89,381.92,381.905,0.7855,0.21,73.69,381.95,20834774.2421
2026-09-24T17:08:23.590Z,1790269703590,2026-09-25,RNVDAUSDT,spot,NVDA,224.38,224.4,224.39,0.8913,360.0,20.0,224.44,2051217746.354
2026-09-24T17:08:23.590Z,1790269703590,2026-09-25,NVDAUSDT,perp,NVDA,224.73,224.74,224.735,0.445,73.19,14.57,224.72,11522094.1825
2026-09-24T17:08:23.590Z,1790269703590,2026-09-25,RAAPLUSDT,spot,AAPL,338.4,338.45,338.42499999999995,1.4774,40.0,46.0,338.11,974654051.3862741
2026-09-24T17:08:23.590Z,1790269703590,2026-09-25,AAPLUSDT,perp,AAPL,338.38,338.39,338.385,0.2955,1.5,8.8,338.4,6605849.4714
2026-09-24T17:08:23.590Z,1790269703590,2026-09-25,RMETAUSDT,spot,META,772.75,772.99,772.87,3.1053,63.0,46.0,771.99,3682810583.055602
2026-09-24T17:08:23.590Z,1790269703590,2026-09-25,METAUSDT,perp,META,772.12,772.27,772.1949999999999,1.9425,0.04,1.96,772.05,14317759.5931
2026-09-24T17:08:23.590Z,1790269703590,2026-09-25,RGOOGLUSDT,spot,GOOGL,342.52,342.57,342.54499999999996,1.4597,10.0,20.0,342.5,1200317391.112492
2026-09-24T17:08:23.590Z,1790269703590,2026-09-25,GOOGLUSDT,perp,GOOGL,342.88,342.93,342.905,1.4581,23.85,10.63,342.92,7006804.163
2026-09-24T17:08:23.590Z,1790269703590,2026-09-25,RSPYUSDT,spot,SPY,768.22,768.25,768.235,0.3905,100.0,210.0,768.26,4911373308.577977
2026-09-24T17:08:23.590Z,1790269703590,2026-09-25,SPYUSDT,perp,SPY,768.91,768.92,768.915,0.1301,0.01,40.45,768.86,3679840.2804
2026-09-24T17:08:23.590Z,1790269703590,2026-09-25,RQQQUSDT,spot,QQQ,742.03,742.07,742.05,0.539,155.0,197.0,742.07,4227444480.525675
2026-09-24T17:08:23.590Z,1790269703590,2026-09-25,QQQUSDT,perp,QQQ,742.75,742.76,742.755,0.1346,87.11,0.29,742.74,6032994.3868
2026-09-24T17:08:23.590Z,1790269703590,2026-09-25,RSOXLUSDT,spot,SOXL,146.63,146.68,146.655,3.4094,110.0,30.0,146.6,1855422666.1369727
2026-09-24T17:08:23.590Z,1790269703590,2026-09-25,SOXLUSDT,perp,SOXL,146.82,146.83,146.825,0.6811,24.18,116.34,146.79,154729475.2158
2026-09-24T17:08:23.590Z,1790269703590,2026-09-25,RHOODUSDT,spot,HOOD,121.43,121.58,121.505,12.3452,1806.0,100.0,121.57,216281110.68833768
2026-09-24T17:08:23.590Z,1790269703590,2026-09-25,HOODUSDT,perp,HOOD,121.73,121.76,121.745,2.4642,394.66,30.53,121.77,7839102.8637
2026-09-24T17:08:23.590Z,1790269703590,2026-09-25,RMRVLUSDT,spot,MRVL,260.88,261.06,260.97,6.8973,46.0,51.0,260.92,408752141.22709024
2026-09-24T17:08:23.590Z,1790269703590,2026-09-25,MRVLUSDT,perp,MRVL,261.13,261.17,261.15,1.5317,44.65,93.2,261.16,9740861.49
2026-09-24T17:09:23.596Z,1790269763596,2026-09-25,RTSLAUSDT,spot,TSLA,381.75,381.84,381.79499999999996,2.3573,40.0,114.0,381.84,2491916481.9265
2026-09-24T17:09:23.596Z,1790269763596,2026-09-25,TSLAUSDT,perp,TSLA,381.95,381.97,381.96000000000004,0.5236,1.16,1.96,381.95,20846036.427
2026-09-24T17:09:23.596Z,1790269763596,2026-09-25,RNVDAUSDT,spot,NVDA,224.31,224.34,224.325,1.3373,165.0,407.0,224.49,2067586185.1198
2026-09-24T17:09:23.596Z,1790269763596,2026-09-25,NVDAUSDT,perp,NVDA,224.74,224.75,224.745,0.4449,72.04,1.8,224.75,11530799.8185
2026-09-24T17:09:23.596Z,1790269763596,2026-09-25,RAAPLUSDT,spot,AAPL,338.14,338.2,338.16999999999996,1.7743,45.0,60.0,338.17,978851204.7780741
2026-09-24T17:09:23.596Z,1790269763596,2026-09-25,AAPLUSDT,perp,AAPL,338.37,338.38,338.375,0.2955,1.06,9.87,338.4,6600544.0043
2026-09-24T17:09:23.596Z,1790269763596,2026-09-25,RMETAUSDT,spot,META,772.23,772.34,772.2850000000001,1.4243,45.0,16.0,771.51,3706193091.215902
2026-09-24T17:09:23.596Z,1790269763596,2026-09-25,METAUSDT,perp,META,771.77,771.87,771.8199999999999,1.2956,1.81,1.81,771.92,14299715.2943
2026-09-24T17:09:23.596Z,1790269763596,2026-09-25,RGOOGLUSDT,spot,GOOGL,342.36,342.43,342.395,2.0444,10.0,29.0,342.42,1207502076.311492
2026-09-24T17:09:23.596Z,1790269763596,2026-09-25,GOOGLUSDT,perp,GOOGL,342.87,342.9,342.885,0.8749,10.63,10.69,342.84,7009576.0919
2026-09-24T17:09:23.596Z,1790269763596,2026-09-25,RSPYUSDT,spot,SPY,768.27,768.3,768.285,0.3905,150.0,70.0,768.22,4980735604.228078
2026-09-24T17:09:23.596Z,1790269763596,2026-09-25,SPYUSDT,perp,SPY,768.96,768.97,768.965,0.13,0.03,36.4,768.91,3680916.7177
2026-09-24T17:09:23.596Z,1790269763596,2026-09-25,RQQQUSDT,spot,QQQ,741.93,741.96,741.9449999999999,0.4043,40.0,115.0,741.98,4250075971.945275
2026-09-24T17:09:23.596Z,1790269763596,2026-09-25,QQQUSDT,perp,QQQ,742.75,742.76,742.755,0.1346,80.79,4.81,742.65,6031901.2468
2026-09-24T17:09:23.596Z,1790269763596,2026-09-25,RSOXLUSDT,spot,SOXL,146.46,146.52,146.49,4.0958,14.0,100.0,146.51,1864313870.0378728
2026-09-24T17:09:23.596Z,1790269763596,2026-09-25,SOXLUSDT,perp,SOXL,146.63,146.65,146.64,1.3639,7.18,165.12,146.63,154726329.2161
2026-09-24T17:09:23.596Z,1790269763596,2026-09-25,RHOODUSDT,spot,HOOD,121.48,121.57,121.525,7.4059,300.0,380.0,121.64,216811578.6691377
2026-09-24T17:09:23.596Z,1790269763596,2026-09-25,HOODUSDT,perp,HOOD,121.81,121.85,121.83,3.2833,394.49,30.4,121.78,7838721.8056
2026-09-24T17:09:23.596Z,1790269763596,2026-09-25,RMRVLUSDT,spot,MRVL,260.7,260.93,260.815,8.8185,200.0,13.0,260.85,410404227.9552902
2026-09-24T17:09:23.596Z,1790269763596,2026-09-25,MRVLUSDT,perp,MRVL,261.04,261.09,261.065,1.9152,0.83,11.5,261.02,9733628.3224
2026-09-24T17:10:23.611Z,1790269823611,2026-09-25,RTSLAUSDT,spot,TSLA,381.66,381.78,381.72,3.1437,56.0,142.0,381.7,2512437230.6689
2026-09-24T17:10:23.611Z,1790269823611,2026-09-25,TSLAUSDT,perp,TSLA,381.78,381.83,381.80499999999995,1.3096,0.38,17.63,381.74,20932376.8453
2026-09-24T17:10:23.611Z,1790269823611,2026-09-25,RNVDAUSDT,spot,NVDA,224.53,224.55,224.54000000000002,0.8907,25.0,243.0,224.35,2092844247.1538
2026-09-24T17:10:23.611Z,1790269823611,2026-09-25,NVDAUSDT,perp,NVDA,224.59,224.6,224.595,0.4452,76.77,5.28,224.6,11564418.6024
2026-09-24T17:10:23.611Z,1790269823611,2026-09-25,RAAPLUSDT,spot,AAPL,338.36,338.43,338.395,2.0686,55.0,1006.0,337.96,991039401.0250741
2026-09-24T17:10:23.611Z,1790269823611,2026-09-25,AAPLUSDT,perp,AAPL,338.19,338.2,338.195,0.2957,122.43,0.02,338.19,6597366.9018
2026-09-24T17:10:23.611Z,1790269823611,2026-09-25,RMETAUSDT,spot,META,771.5,771.65,771.575,1.9441,108.0,40.0,771.68,3728289952.0241017
2026-09-24T17:10:23.611Z,1790269823611,2026-09-25,METAUSDT,perp,META,771.75,771.86,771.8050000000001,1.4252,5.73,1.68,771.7,14293887.2644
2026-09-24T17:10:23.611Z,1790269823611,2026-09-25,RGOOGLUSDT,spot,GOOGL,342.26,342.34,342.29999999999995,2.3371,10.0,60.0,342.3,1214882717.202292
2026-09-24T17:10:23.611Z,1790269823611,2026-09-25,GOOGLUSDT,perp,GOOGL,342.69,342.72,342.70500000000004,0.8754,10.69,10.63,342.65,7008899.0238
2026-09-24T17:10:23.611Z,1790269823611,2026-09-25,RSPYUSDT,spot,SPY,767.99,768.01,768.0,0.2604,40.0,80.0,768.01,5078584482.056678
2026-09-24T17:10:23.611Z,1790269823611,2026-09-25,SPYUSDT,perp,SPY,768.69,768.7,768.695,0.1301,0.05,32.2,768.64,3682877.0638
2026-09-24T17:10:23.611Z,1790269823611,2026-09-25,RQQQUSDT,spot,QQQ,741.54,741.58,741.56,0.5394,955.0,126.0,741.58,4285158214.785275
2026-09-24T17:10:23.611Z,1790269823611,2026-09-25,QQQUSDT,perp,QQQ,742.22,742.23,742.225,0.1347,287.74,0.22,742.27,6042125.0924
2026-09-24T17:10:23.611Z,1790269823611,2026-09-25,RSOXLUSDT,spot,SOXL,145.99,146.03,146.01,2.7395,9.0,9.0,145.93,1878283033.1883729
2026-09-24T17:10:23.611Z,1790269823611,2026-09-25,SOXLUSDT,perp,SOXL,146.06,146.08,146.07,1.3692,4.26,2.5,146.06,155568497.5792
2026-09-24T17:10:23.611Z,1790269823611,2026-09-25,RHOODUSDT,spot,HOOD,121.54,121.6,121.57,4.9354,500.0,23.0,121.56,218107094.65163767
2026-09-24T17:10:23.611Z,1790269823611,2026-09-25,HOODUSDT,perp,HOOD,121.67,121.68,121.67500000000001,0.8219,0.05,30.4,121.69,7847218.6212
2026-09-24T17:10:23.611Z,1790269823611,2026-09-25,RMRVLUSDT,spot,MRVL,260.35,260.57,260.46000000000004,8.4466,6.0,34.0,260.55,412417688.39629024
2026-09-24T17:10:23.611Z,1790269823611,2026-09-25,MRVLUSDT,perp,MRVL,260.58,260.61,260.595,1.1512,0.21,18.86,260.67,9744025.0871
2026-09-24T17:11:23.611Z,1790269883611,2026-09-25,RTSLAUSDT,spot,TSLA,381.36,381.47,381.415,2.884,39.0,49.0,381.37,2550473743.6157
2026-09-24T17:11:23.611Z,1790269883611,2026-09-25,TSLAUSDT,perp,TSLA,381.61,381.62,381.615,0.262,54.98,73.37,381.62,20943482.029
2026-09-24T17:11:23.611Z,1790269883611,2026-09-25,RNVDAUSDT,spot,NVDA,224.52,224.54,224.53,0.8907,325.0,114.0,224.25,2195748821.011225
2026-09-24T17:11:23.611Z,1790269883611,2026-09-25,NVDAUSDT,perp,NVDA,224.54,224.55,224.54500000000002,0.4453,72.97,10.6,224.55,11580015.9027
2026-09-24T17:11:23.611Z,1790269883611,2026-09-25,RAAPLUSDT,spot,AAPL,338.11,338.15,338.13,1.183,100.0,105.0,338.03,996053618.8549742
2026-09-24T17:11:23.611Z,1790269883611,2026-09-25,AAPLUSDT,perp,AAPL,338.26,338.27,338.265,0.2956,31.82,0.8,338.24,6587710.2917
2026-09-24T17:11:23.611Z,1790269883611,2026-09-25,RMETAUSDT,spot,META,771.49,771.7,771.595,2.7216,133.0,120.0,770.87,3771382229.9261017
2026-09-24T17:11:23.611Z,1790269883611,2026-09-25,METAUSDT,perp,META,770.98,771.14,771.06,2.0751,1.55,1.63,771.04,14275323.7275
2026-09-24T17:11:23.611Z,1790269883611,2026-09-25,RGOOGLUSDT,spot,GOOGL,342.26,342.33,342.29499999999996,2.045,127.0,200.0,342.29,1233044317.8698933
2026-09-24T17:11:23.611Z,1790269883611,2026-09-25,GOOGLUSDT,perp,GOOGL,342.65,342.69,342.66999999999996,1.1673,10.69,10.63,342.48,7007498.9264
2026-09-24T17:11:23.611Z,1790269883611,2026-09-25,RSPYUSDT,spot,SPY,767.72,767.75,767.735,0.3908,250.0,170.0,767.78,5157196678.436077
2026-09-24T17:11:23.611Z,1790269883611,2026-09-25,SPYUSDT,perp,SPY,768.4,768.41,768.405,0.1301,3.91,0.4,768.46,3681956.7163
2026-09-24T17:11:23.611Z,1790269883611,2026-09-25,RQQQUSDT,spot,QQQ,741.25,741.27,741.26,0.2698,105.0,41.0,741.32,4328158780.300475
2026-09-24T17:11:23.611Z,1790269883611,2026-09-25,QQQUSDT,perp,QQQ,742.03,742.04,742.035,0.1348,6.45,0.21,741.96,6040338.6036
2026-09-24T17:11:23.611Z,1790269883611,2026-09-25,RSOXLUSDT,spot,SOXL,145.57,145.61,145.59,2.7474,39.0,147.0,145.64,1892025009.8823729
2026-09-24T17:11:23.611Z,1790269883611,2026-09-25,SOXLUSDT,perp,SOXL,145.78,145.81,145.79500000000002,2.0577,54.71,6.23,145.84,155634391.3428
2026-09-24T17:11:23.611Z,1790269883611,2026-09-25,RHOODUSDT,spot,HOOD,121.62,121.66,121.64,3.2884,20.0,54.0,121.37,224458610.15870345
2026-09-24T17:11:23.611Z,1790269883611,2026-09-25,HOODUSDT,perp,HOOD,121.55,121.58,121.565,2.4678,2.12,30.4,121.61,7842304.6195
2026-09-24T17:11:23.611Z,1790269883611,2026-09-25,RMRVLUSDT,spot,MRVL,260.35,260.6,260.475,9.5979,10.0,20.0,260.61,418643974.65133417
2026-09-24T17:11:23.611Z,1790269883611,2026-09-25,MRVLUSDT,perp,MRVL,260.69,260.75,260.72,2.3013,0.55,30.79,260.71,9749411.0873
2026-09-24T17:12:23.616Z,1790269943616,2026-09-25,RTSLAUSDT,spot,TSLA,381.55,381.58,381.565,0.7862,40.0,27.0,381.55,2584983091.0514
2026-09-24T17:12:23.616Z,1790269943616,2026-09-25,TSLAUSDT,perp,TSLA,381.71,381.74,381.725,0.7859,21.59,0.89,381.77,20945222.0953
2026-09-24T17:12:23.616Z,1790269943616,2026-09-25,RNVDAUSDT,spot,NVDA,224.49,224.52,224.505,1.3363,442.0,204.0,224.33,2234841907.3881254
2026-09-24T17:12:23.616Z,1790269943616,2026-09-25,NVDAUSDT,perp,NVDA,224.61,224.62,224.615,0.4452,73.7,8.7,224.6,11577009.073
2026-09-24T17:12:23.616Z,1790269943616,2026-09-25,RAAPLUSDT,spot,AAPL,338.23,338.29,338.26,1.7738,25.0,122.0,338.05,1006476178.9766741
2026-09-24T17:12:23.616Z,1790269943616,2026-09-25,AAPLUSDT,perp,AAPL,338.25,338.26,338.255,0.2956,128.14,1.22,338.27,6594184.4472
2026-09-24T17:12:23.616Z,1790269943616,2026-09-25,RMETAUSDT,spot,META,770.8,771.03,770.915,2.9835,120.0,70.0,771.55,3804794571.685702
2026-09-24T17:12:23.616Z,1790269943616,2026-09-25,METAUSDT,perp,META,771.75,771.84,771.7950000000001,1.1661,1.52,1.52,771.67,14263891.7161
2026-09-24T17:12:23.616Z,1790269943616,2026-09-25,RGOOGLUSDT,spot,GOOGL,342.43,342.47,342.45000000000005,1.1681,1.0,10.0,342.44,1249814322.2046933
2026-09-24T17:12:23.616Z,1790269943616,2026-09-25,GOOGLUSDT,perp,GOOGL,342.81,342.85,342.83000000000004,1.1668,10.93,10.63,342.87,7006259.4726
2026-09-24T17:12:23.616Z,1790269943616,2026-09-25,RSPYUSDT,spot,SPY,767.83,767.86,767.845,0.3907,70.0,80.0,767.88,5210277257.469077
2026-09-24T17:12:23.616Z,1790269943616,2026-09-25,SPYUSDT,perp,SPY,768.48,768.49,768.485,0.1301,0.48,35.28,768.4,3681949.0487
2026-09-24T17:12:23.616Z,1790269943616,2026-09-25,RQQQUSDT,spot,QQQ,741.33,741.36,741.345,0.4047,235.0,295.0,741.3,4366613712.038375
2026-09-24T17:12:23.616Z,1790269943616,2026-09-25,QQQUSDT,perp,QQQ,742.13,742.14,742.135,0.1347,71.28,1.39,742.1,6040066.7799
2026-09-24T17:12:23.616Z,1790269943616,2026-09-25,RSOXLUSDT,spot,SOXL,145.61,145.65,145.63,2.7467,50.0,12.0,145.57,1905414748.1669726
2026-09-24T17:12:23.616Z,1790269943616,2026-09-25,SOXLUSDT,perp,SOXL,145.76,145.77,145.765,0.686,30.33,105.27,145.77,155710739.5465
2026-09-24T17:12:23.616Z,1790269943616,2026-09-25,RHOODUSDT,spot,HOOD,121.49,121.54,121.515,4.1147,511.0,157.0,121.4,226132220.51150346
2026-09-24T17:12:23.616Z,1790269943616,2026-09-25,HOODUSDT,perp,HOOD,121.56,121.6,121.58,3.29,427.84,30.4,121.57,7841220.8423
2026-09-24T17:12:23.616Z,1790269943616,2026-09-25,RMRVLUSDT,spot,MRVL,260.2,260.44,260.32,9.2194,1.0,22.0,260.33,420437939.9843342
2026-09-24T17:12:23.616Z,1790269943616,2026-09-25,MRVLUSDT,perp,MRVL,260.51,260.52,260.515,0.3839,29.52,1.05,260.55,9751300.9024
2026-09-24T17:13:23.628Z,1790270003628,2026-09-25,RTSLAUSDT,spot,TSLA,381.59,381.69,381.64,2.6203,10.0,1.0,381.65,2596727998.3424
2026-09-24T17:13:23.628Z,1790270003628,2026-09-25,TSLAUSDT,perp,TSLA,381.86,381.88,381.87,0.5237,168.85,73.37,381.82,20955020.7851
2026-09-24T17:13:23.628Z,1790270003628,2026-09-25,RNVDAUSDT,spot,NVDA,224.43,224.44,224.435,0.4456,92.0,111.0,224.27,2254462804.1005254
2026-09-24T17:13:23.628Z,1790270003628,2026-09-25,NVDAUSDT,perp,NVDA,224.58,224.59,224.585,0.4453,78.53,6.5,224.58,11583215.1107
2026-09-24T17:13:23.628Z,1790270003628,2026-09-25,RAAPLUSDT,spot,AAPL,338.11,338.16,338.135,1.4787,50.0,39.0,338.11,1014994421.0468742
2026-09-24T17:13:23.628Z,1790270003628,2026-09-25,AAPLUSDT,perp,AAPL,338.3,338.31,338.305,0.2956,2.82,1.04,338.26,6591628.3146
2026-09-24T17:13:23.628Z,1790270003628,2026-09-25,RMETAUSDT,spot,META,771.62,771.82,771.72,2.5916,36.0,167.0,771.6,3837474820.934002
2026-09-24T17:13:23.628Z,1790270003628,2026-09-25,METAUSDT,perp,META,772.02,772.14,772.0799999999999,1.5542,1.59,0.01,772.04,14260160.0117
2026-09-24T17:13:23.628Z,1790270003628,2026-09-25,RGOOGLUSDT,spot,GOOGL,342.63,342.7,342.66499999999996,2.0428,10.0,100.0,342.63,1255536399.525993
2026-09-24T17:13:23.628Z,1790270003628,2026-09-25,GOOGLUSDT,perp,GOOGL,342.96,342.97,342.96500000000003,0.2916,48.94,10.63,343.0,7003136.7309
2026-09-24T17:13:23.628Z,1790270003628,2026-09-25,RSPYUSDT,spot,SPY,767.89,767.93,767.91,0.5209,370.0,170.0,767.97,5254553373.698578
2026-09-24T17:13:23.628Z,1790270003628,2026-09-25,SPYUSDT,perp,SPY,768.57,768.58,768.575,0.1301,0.06,34.48,768.38,3683862.606
2026-09-24T17:13:23.628Z,1790270003628,2026-09-25,RQQQUSDT,spot,QQQ,741.3,741.33,741.315,0.4047,160.0,136.0,741.27,4389508010.683375
2026-09-24T17:13:23.628Z,1790270003628,2026-09-25,QQQUSDT,perp,QQQ,742.05,742.06,742.055,0.1348,132.25,0.06,742.1,6041171.2208
2026-09-24T17:13:23.628Z,1790270003628,2026-09-25,RSOXLUSDT,spot,SOXL,145.37,145.41,145.39,2.7512,34.0,70.0,145.41,1920915878.9319727
2026-09-24T17:13:23.628Z,1790270003628,2026-09-25,SOXLUSDT,perp,SOXL,145.53,145.54,145.535,0.6871,30.72,11.51,145.54,155779868.7763
2026-09-24T17:13:23.628Z,1790270003628,2026-09-25,RHOODUSDT,spot,HOOD,121.31,121.41,121.36,8.2399,539.0,20.0,121.48,226959505.58650345
2026-09-24T17:13:23.628Z,1790270003628,2026-09-25,HOODUSDT,perp,HOOD,121.63,121.65,121.64,1.6442,2.41,30.4,121.57,7841016.2586
2026-09-24T17:13:23.628Z,1790270003628,2026-09-25,RMRVLUSDT,spot,MRVL,260.11,260.28,260.195,6.5336,100.0,123.0,260.27,424996377.49433416
2026-09-24T17:13:23.628Z,1790270003628,2026-09-25,MRVLUSDT,perp,MRVL,260.43,260.44,260.435,0.384,28.19,105.8,260.43,9756840.4911
2026-09-24T17:14:23.636Z,1790270063636,2026-09-25,RTSLAUSDT,spot,TSLA,382.1,382.23,382.165,3.4017,40.0,189.0,382.2,2620475529.4795
2026-09-24T17:14:23.636Z,1790270063636,2026-09-25,TSLAUSDT,perp,TSLA,382.38,382.43,382.405,1.3075,0.16,73.66,382.4,20959847.2484
2026-09-24T17:14:23.636Z,1790270063636,2026-09-25,RNVDAUSDT,spot,NVDA,224.51,224.54,224.52499999999998,1.3362,795.0,330.0,224.34,2270289933.8108253
2026-09-24T17:14:23.636Z,1790270063636,2026-09-25,NVDAUSDT,perp,NVDA,224.69,224.7,224.695,0.445,76.4,0.56,224.69,11584663.907
2026-09-24T17:14:23.636Z,1790270063636,2026-09-25,RAAPLUSDT,spot,AAPL,338.18,338.2,338.19,0.5914,37.0,54.0,338.3,1021032701.7766742
2026-09-24T17:14:23.636Z,1790270063636,2026-09-25,AAPLUSDT,perp,AAPL,338.55,338.56,338.555,0.2954,1.76,8.8,338.5,6586021.6241
2026-09-24T17:14:23.636Z,1790270063636,2026-09-25,RMETAUSDT,spot,META,771.89,772.08,771.985,2.4612,1.0,11.0,771.87,3879483383.755202
2026-09-24T17:14:23.636Z,1790270063636,2026-09-25,METAUSDT,perp,META,772.23,772.33,772.28,1.2949,1.54,1.53,772.17,14256534.5261
2026-09-24T17:14:23.636Z,1790270063636,2026-09-25,RGOOGLUSDT,spot,GOOGL,342.75,342.8,342.775,1.4587,35.0,26.0,342.73,1260484268.461393
2026-09-24T17:14:23.636Z,1790270063636,2026-09-25,GOOGLUSDT,perp,GOOGL,343.22,343.23,343.225,0.2914,0.3,10.63,343.15,7012424.8055
2026-09-24T17:14:23.636Z,1790270063636,2026-09-25,RSPYUSDT,spot,SPY,768.46,768.48,768.47,0.2603,420.0,20.0,768.45,5322645245.617578
2026-09-24T17:14:23.636Z,1790270063636,2026-09-25,SPYUSDT,perp,SPY,769.17,769.18,769.175,0.13,0.05,38.09,769.07,3682770.5551
2026-09-24T17:14:23.636Z,1790270063636,2026-09-25,RQQQUSDT,spot,QQQ,741.82,741.84,741.83,0.2696,1015.0,25.0,741.77,4510364543.416075
2026-09-24T17:14:23.636Z,1790270063636,2026-09-25,QQQUSDT,perp,QQQ,742.65,742.66,742.655,0.1347,85.85,5.46,742.55,6060124.943
2026-09-24T17:14:23.636Z,1790270063636,2026-09-25,RSOXLUSDT,spot,SOXL,145.75,145.78,145.765,2.0581,50.0,60.0,145.75,1930411314.1352727
2026-09-24T17:14:23.636Z,1790270063636,2026-09-25,SOXLUSDT,perp,SOXL,145.9,145.91,145.905,0.6854,8.55,38.3,145.89,155759127.7778
2026-09-24T17:14:23.636Z,1790270063636,2026-09-25,RHOODUSDT,spot,HOOD,121.38,121.45,121.41499999999999,5.7654,80.0,105.0,121.71,228166112.11430344
2026-09-24T17:14:23.636Z,1790270063636,2026-09-25,HOODUSDT,perp,HOOD,121.88,121.9,121.89,1.6408,2.4,30.4,121.84,7836797.2094
2026-09-24T17:14:23.636Z,1790270063636,2026-09-25,RMRVLUSDT,spot,MRVL,260.54,260.67,260.605,4.9884,3.0,5.0,260.54,426956161.0139342
2026-09-24T17:14:23.636Z,1790270063636,2026-09-25,MRVLUSDT,perp,MRVL,260.76,260.78,260.77,0.767,26.18,1.26,260.73,9758617.3836
2026-09-24T17:15:23.637Z,1790270123637,2026-09-25,RTSLAUSDT,spot,TSLA,382.11,382.16,382.135,1.3084,1.0,103.0,382.11,2657959608.859
2026-09-24T17:15:23.637Z,1790270123637,2026-09-25,TSLAUSDT,perp,TSLA,382.11,382.15,382.13,1.0468,15.78,0.21,382.25,20981553.9347
2026-09-24T17:15:23.637Z,1790270123637,2026-09-25,RNVDAUSDT,spot,NVDA,224.31,224.33,224.32,0.8916,261.0,31.0,224.42,2286190157.502025
2026-09-24T17:15:23.637Z,1790270123637,2026-09-25,NVDAUSDT,perp,NVDA,224.59,224.6,224.595,0.4452,68.02,12.32,224.65,11585351.6848
2026-09-24T17:15:23.637Z,1790270123637,2026-09-25,RAAPLUSDT,spot,AAPL,337.96,338.02,337.99,1.7752,73.0,60.0,338.3,1034801600.7912742
2026-09-24T17:15:23.637Z,1790270123637,2026-09-25,AAPLUSDT,perp,AAPL,338.52,338.53,338.525,0.2954,1.57,9.55,338.54,6587105.8405
2026-09-24T17:15:23.637Z,1790270123637,2026-09-25,RMETAUSDT,spot,META,772.41,772.59,772.5,2.3301,1.0,80.0,772.3,3913111603.672402
2026-09-24T17:15:23.637Z,1790270123637,2026-09-25,METAUSDT,perp,META,772.53,772.6,772.565,0.9061,0.01,1.43,772.53,14256919.1572
2026-09-24T17:15:23.637Z,1790270123637,2026-09-25,RGOOGLUSDT,spot,GOOGL,342.54,342.58,342.56,1.1677,2.0,10.0,342.56,1273416345.9716933
2026-09-24T17:15:23.637Z,1790270123637,2026-09-25,GOOGLUSDT,perp,GOOGL,343.03,343.06,343.04499999999996,0.8745,10.63,11.23,343.02,7020973.278
2026-09-24T17:15:23.637Z,1790270123637,2026-09-25,RSPYUSDT,spot,SPY,768.12,768.15,768.135,0.3906,170.0,210.0,768.06,5343307035.309978
2026-09-24T17:15:23.637Z,1790270123637,2026-09-25,SPYUSDT,perp,SPY,768.74,768.75,768.745,0.1301,0.42,32.86,768.77,3681757.74
2026-09-24T17:15:23.637Z,1790270123637,2026-09-25,RQQQUSDT,spot,QQQ,741.38,741.42,741.4,0.5395,915.0,215.0,741.32,4529747296.259875
2026-09-24T17:15:23.637Z,1790270123637,2026-09-25,QQQUSDT,perp,QQQ,742.12,742.13,742.125,0.1347,218.38,0.87,742.1,6061216.356
2026-09-24T17:15:23.637Z,1790270123637,2026-09-25,RSOXLUSDT,spot,SOXL,145.17,145.22,145.195,3.4436,117.0,140.0,145.24,1949504716.3750727
2026-09-24T17:15:23.637Z,1790270123637,2026-09-25,SOXLUSDT,perp,SOXL,145.38,145.39,145.385,0.6878,9.77,75.89,145.38,155773559.0866
2026-09-24T17:15:23.637Z,1790270123637,2026-09-25,RHOODUSDT,spot,HOOD,121.45,121.51,121.48,4.9391,1243.0,500.0,121.69,229718878.87470344
2026-09-24T17:15:23.637Z,1790270123637,2026-09-25,HOODUSDT,perp,HOOD,121.82,121.85,121.835,2.4623,9.48,30.4,121.85,7834744.9311
2026-09-24T17:15:23.637Z,1790270123637,2026-09-25,RMRVLUSDT,spot,MRVL,260.05,260.26,260.155,8.0721,20.0,54.0,260.27,429243913.6414342
2026-09-24T17:15:23.637Z,1790270123637,2026-09-25,MRVLUSDT,perp,MRVL,260.3,260.32,260.31,0.7683,62.08,2.1,260.32,9758547.9095
2026-09-24T17:16:23.650Z,1790270183650,2026-09-25,RTSLAUSDT,spot,TSLA,382.08,382.16,382.12,2.0936,2.0,4.0,382.03,2678324429.4192
2026-09-24T17:16:23.650Z,1790270183650,2026-09-25,TSLAUSDT,perp,TSLA,382.28,382.31,382.29499999999996,0.7847,15.78,0.38,382.2,20982444.0465
2026-09-24T17:16:23.650Z,1790270183650,2026-09-25,RNVDAUSDT,spot,NVDA,224.25,224.28,224.265,1.3377,149.0,147.0,224.45,2305523221.2623253
2026-09-24T17:16:23.650Z,1790270183650,2026-09-25,NVDAUSDT,perp,NVDA,224.72,224.73,224.725,0.445,75.69,53.81,224.73,11592700.2819
2026-09-24T17:16:23.650Z,1790270183650,2026-09-25,RAAPLUSDT,spot,AAPL,337.94,337.99,337.96500000000003,1.4794,30.0,50.0,338.48,1042962454.7073741
2026-09-24T17:16:23.650Z,1790270183650,2026-09-25,AAPLUSDT,perp,AAPL,338.65,338.66,338.655,0.2953,2.96,8.99,338.62,6588615.8542
2026-09-24T17:16:23.650Z,1790270183650,2026-09-25,RMETAUSDT,spot,META,772.26,772.49,772.375,2.9778,65.0,99.0,772.34,3927456348.822302
2026-09-24T17:16:23.650Z,1790270183650,2026-09-25,METAUSDT,perp,META,772.67,772.79,772.73,1.5529,1.25,5.3,772.57,14255057.7244
2026-09-24T17:16:23.650Z,1790270183650,2026-09-25,RGOOGLUSDT,spot,GOOGL,342.58,342.65,342.615,2.0431,10.0,10.0,342.65,1279270258.5185933
2026-09-24T17:16:23.650Z,1790270183650,2026-09-25,GOOGLUSDT,perp,GOOGL,343.01,343.03,343.02,0.5831,14.7,27.02,343.03,7020983.7012
2026-09-24T17:16:23.650Z,1790270183650,2026-09-25,RSPYUSDT,spot,SPY,768.26,768.3,768.28,0.5206,290.0,230.0,768.25,5365510515.908578
2026-09-24T17:16:23.650Z,1790270183650,2026-09-25,SPYUSDT,perp,SPY,768.89,768.9,768.895,0.1301,0.02,1.38,768.82,3684310.1968
2026-09-24T17:16:23.650Z,1790270183650,2026-09-25,RQQQUSDT,spot,QQQ,741.46,741.49,741.475,0.4046,215.0,115.0,741.47,4554581345.153375
2026-09-24T17:16:23.650Z,1790270183650,2026-09-25,QQQUSDT,perp,QQQ,742.31,742.32,742.315,0.1347,1.21,1.16,742.23,6065826.3002
2026-09-24T17:16:23.650Z,1790270183650,2026-09-25,RSOXLUSDT,spot,SOXL,145.26,145.3,145.28,2.7533,140.0,11.0,145.24,1958797693.3197727
2026-09-24T17:16:23.650Z,1790270183650,2026-09-25,SOXLUSDT,perp,SOXL,145.46,145.47,145.465,0.6875,35.5,110.12,145.43,155948140.5176
2026-09-24T17:16:23.650Z,1790270183650,2026-09-25,RHOODUSDT,spot,HOOD,121.71,121.75,121.72999999999999,3.286,200.0,500.0,121.78,231023187.35970345
2026-09-24T17:16:23.650Z,1790270183650,2026-09-25,HOODUSDT,perp,HOOD,121.96,122.0,121.97999999999999,3.2792,6.97,30.51,121.98,7834544.8804
2026-09-24T17:16:23.650Z,1790270183650,2026-09-25,RMRVLUSDT,spot,MRVL,260.05,260.39,260.22,13.0659,40.0,60.0,260.31,432660211.6597342
2026-09-24T17:16:23.650Z,1790270183650,2026-09-25,MRVLUSDT,perp,MRVL,260.32,260.37,260.345,1.9205,0.03,11.53,260.37,9764249.2612
2026-09-24T17:17:23.660Z,1790270243660,2026-09-25,RTSLAUSDT,spot,TSLA,382.02,382.11,382.065,2.3556,110.0,33.0,382.07,2691325814.1627
2026-09-24T17:17:23.660Z,1790270243660,2026-09-25,TSLAUSDT,perp,TSLA,382.29,382.3,382.295,0.2616,25.96,0.38,382.18,20977172.955
2026-09-24T17:17:23.660Z,1790270243660,2026-09-25,RNVDAUSDT,spot,NVDA,224.32,224.34,224.32999999999998,0.8915,249.0,174.0,224.47,2316909416.085825
2026-09-24T17:17:23.660Z,1790270243660,2026-09-25,NVDAUSDT,perp,NVDA,224.71,224.72,224.715,0.445,107.77,2.55,224.73,11591809.5021
2026-09-24T17:17:23.660Z,1790270243660,2026-09-25,RAAPLUSDT,spot,AAPL,338.1,338.14,338.12,1.183,501.0,66.0,338.42,1059003388.3434741
2026-09-24T17:17:23.660Z,1790270243660,2026-09-25,AAPLUSDT,perp,AAPL,338.65,338.66,338.655,0.2953,1.57,36.16,338.66,6589229.8114
2026-09-24T17:17:23.660Z,1790270243660,2026-09-25,RMETAUSDT,spot,META,771.88,772.25,772.065,4.7923,26.0,52.0,771.94,3944603495.126902
2026-09-24T17:17:23.660Z,1790270243660,2026-09-25,METAUSDT,perp,META,772.17,772.27,772.22,1.295,1.15,1.15,772.08,14236177.7954
2026-09-24T17:17:23.660Z,1790270243660,2026-09-25,RGOOGLUSDT,spot,GOOGL,342.25,342.31,342.28,1.753,10.0,1.0,342.29,1289091071.900993
2026-09-24T17:17:23.660Z,1790270243660,2026-09-25,GOOGLUSDT,perp,GOOGL,342.59,342.6,342.595,0.2919,30.0,0.6,342.68,7020982.0409
2026-09-24T17:17:23.660Z,1790270243660,2026-09-25,RSPYUSDT,spot,SPY,768.26,768.28,768.27,0.2603,100.0,170.0,768.31,5391031669.056377
2026-09-24T17:17:23.660Z,1790270243660,2026-09-25,SPYUSDT,perp,SPY,768.79,768.8,768.795,0.1301,2.53,0.2,768.91,3680949.4056
2026-09-24T17:17:23.660Z,1790270243660,2026-09-25,RQQQUSDT,spot,QQQ,741.32,741.35,741.335,0.4047,180.0,1759.0,741.41,4569160690.622775
2026-09-24T17:17:23.660Z,1790270243660,2026-09-25,QQQUSDT,perp,QQQ,741.94,741.95,741.945,0.1348,59.29,2.07,741.92,6062386.5358
2026-09-24T17:17:23.660Z,1790270243660,2026-09-25,RSOXLUSDT,spot,SOXL,145.1,145.14,145.12,2.7563,50.0,40.0,145.2,1964201013.6286728
2026-09-24T17:17:23.660Z,1790270243660,2026-09-25,SOXLUSDT,perp,SOXL,145.29,145.31,145.3,1.3765,72.19,105.68,145.29,155990624.1271
2026-09-24T17:17:23.660Z,1790270243660,2026-09-25,RHOODUSDT,spot,HOOD,121.65,121.7,121.67500000000001,4.1093,531.0,573.0,121.77,232459364.87370345
2026-09-24T17:17:23.660Z,1790270243660,2026-09-25,HOODUSDT,perp,HOOD,121.95,121.98,121.965,2.4597,9.37,30.4,121.92,7843708.6517
2026-09-24T17:17:23.660Z,1790270243660,2026-09-25,RMRVLUSDT,spot,MRVL,260.09,260.28,260.18499999999995,7.3025,5.0,47.0,260.18,433543314.74793416
2026-09-24T17:17:23.660Z,1790270243660,2026-09-25,MRVLUSDT,perp,MRVL,260.35,260.38,260.365,1.1522,19.7,11.53,260.32,9766440.0212
2026-09-24T17:18:23.673Z,1790270303673,2026-09-25,RTSLAUSDT,spot,TSLA,382.12,382.24,382.18,3.1399,90.0,2.0,382.19,2699787923.7728
2026-09-24T17:18:23.673Z,1790270303673,2026-09-25,TSLAUSDT,perp,TSLA,382.38,382.4,382.39,0.523,8.49,0.13,382.35,20987097.8726
2026-09-24T17:18:23.673Z,1790270303673,2026-09-25,RNVDAUSDT,spot,NVDA,224.28,224.29,224.285,0.4459,225.0,342.0,224.49,2328345913.227825
2026-09-24T17:18:23.673Z,1790270303673,2026-09-25,NVDAUSDT,perp,NVDA,224.76,224.77,224.765,0.4449,106.34,5.65,224.75,11601211.9437
2026-09-24T17:18:23.673Z,1790270303673,2026-09-25,RAAPLUSDT,spot,AAPL,338.23,338.25,338.24,0.5913,23.0,1.0,338.4,1066534600.3884741
2026-09-24T17:18:23.673Z,1790270303673,2026-09-25,AAPLUSDT,perp,AAPL,338.59,338.6,338.595,0.2953,1.47,36.38,338.51,6597352.6953
2026-09-24T17:18:23.673Z,1790270303673,2026-09-25,RMETAUSDT,spot,META,772.08,772.22,772.1500000000001,1.8131,54.0,100.0,772.05,3953633672.517002
2026-09-24T17:18:23.673Z,1790270303673,2026-09-25,METAUSDT,perp,META,772.42,772.53,772.4749999999999,1.424,0.99,0.99,772.56,14233208.4885
2026-09-24T17:18:23.673Z,1790270303673,2026-09-25,RGOOGLUSDT,spot,GOOGL,342.3,342.37,342.33500000000004,2.0448,10.0,1.0,342.33,1296326105.6054933
2026-09-24T17:18:23.673Z,1790270303673,2026-09-25,GOOGLUSDT,perp,GOOGL,342.48,342.53,342.505,1.4598,21.83,37.36,342.55,7022364.5892
2026-09-24T17:18:23.673Z,1790270303673,2026-09-25,RSPYUSDT,spot,SPY,768.24,768.25,768.245,0.1302,40.0,250.0,768.25,5420301957.497377
2026-09-24T17:18:23.673Z,1790270303673,2026-09-25,SPYUSDT,perp,SPY,768.82,768.83,768.825,0.1301,4.3,0.4,768.88,3681305.0882
2026-09-24T17:18:23.673Z,1790270303673,2026-09-25,RQQQUSDT,spot,QQQ,741.5,741.55,741.525,0.6743,260.0,1120.0,741.49,4590348273.337175
2026-09-24T17:18:23.673Z,1790270303673,2026-09-25,QQQUSDT,perp,QQQ,742.24,742.25,742.245,0.1347,13.6,0.36,742.28,6060660.7636
2026-09-24T17:18:23.673Z,1790270303673,2026-09-25,RSOXLUSDT,spot,SOXL,145.52,145.57,145.54500000000002,3.4354,110.0,200.0,145.5,2012920310.4424782
2026-09-24T17:18:23.673Z,1790270303673,2026-09-25,SOXLUSDT,perp,SOXL,145.7,145.71,145.70499999999998,0.6863,7.82,6.0,145.68,156184696.5922
2026-09-24T17:18:23.673Z,1790270303673,2026-09-25,RHOODUSDT,spot,HOOD,121.79,121.86,121.825,5.7459,100.0,500.0,121.73,233007825.60370344
2026-09-24T17:18:23.673Z,1790270303673,2026-09-25,HOODUSDT,perp,HOOD,121.91,121.93,121.92,1.6404,30.81,30.4,121.9,7842126.1497
2026-09-24T17:18:23.673Z,1790270303673,2026-09-25,RMRVLUSDT,spot,MRVL,260.14,260.42,260.28,10.7576,1.0,20.0,260.29,435661383.67793417
2026-09-24T17:18:23.673Z,1790270303673,2026-09-25,MRVLUSDT,perp,MRVL,260.54,260.55,260.545,0.3838,26.51,13.62,260.47,9770859.7644
2026-09-24T17:19:23.681Z,1790270363681,2026-09-25,RTSLAUSDT,spot,TSLA,381.8,381.88,381.84000000000003,2.0951,59.0,115.0,381.88,2718833081.79
2026-09-24T17:19:23.681Z,1790270363681,2026-09-25,TSLAUSDT,perp,TSLA,381.97,381.99,381.98,0.5236,15.78,0.38,381.97,20996866.4141
2026-09-24T17:19:23.681Z,1790270363681,2026-09-25,RNVDAUSDT,spot,NVDA,224.44,224.46,224.45,0.8911,543.0,346.0,224.29,2352404600.3357253
2026-09-24T17:19:23.681Z,1790270363681,2026-09-25,NVDAUSDT,perp,NVDA,224.55,224.56,224.555,0.4453,71.92,24.23,224.57,11623298.4206
2026-09-24T17:19:23.681Z,1790270363681,2026-09-25,RAAPLUSDT,spot,AAPL,338.36,338.4,338.38,1.1821,125.0,20.0,338.26,1080243115.0186741
2026-09-24T17:19:23.681Z,1790270363681,2026-09-25,AAPLUSDT,perp,AAPL,338.38,338.39,338.385,0.2955,2.8,9.73,338.41,6606145.1889
2026-09-24T17:19:23.681Z,1790270363681,2026-09-25,RMETAUSDT,spot,META,771.77,771.94,771.855,2.2025,12.0,120.0,771.77,3965496766.829802
2026-09-24T17:19:23.681Z,1790270363681,2026-09-25,METAUSDT,perp,META,772.03,772.18,772.105,1.9427,0.89,0.89,772.26,14232797.7356
2026-09-24T17:19:23.681Z,1790270363681,2026-09-25,RGOOGLUSDT,spot,GOOGL,341.9,341.95,341.92499999999995,1.4623,1.0,78.0,341.89,1313729689.0765932
2026-09-24T17:19:23.681Z,1790270363681,2026-09-25,GOOGLUSDT,perp,GOOGL,342.38,342.39,342.385,0.2921,10.63,0.6,342.45,7022101.8716
2026-09-24T17:19:23.681Z,1790270363681,2026-09-25,RSPYUSDT,spot,SPY,767.71,767.74,767.725,0.3908,440.0,430.0,767.72,5460120024.349578
2026-09-24T17:19:23.681Z,1790270363681,2026-09-25,SPYUSDT,perp,SPY,768.37,768.38,768.375,0.1301,2.33,1.69,768.58,3672234.0622
2026-09-24T17:19:23.681Z,1790270363681,2026-09-25,RQQQUSDT,spot,QQQ,740.95,740.98,740.965,0.4049,355.0,215.0,740.96,4635008073.885175
2026-09-24T17:19:23.681Z,1790270363681,2026-09-25,QQQUSDT,perp,QQQ,741.68,741.69,741.685,0.1348,54.57,2.53,741.66,6103455.5568
2026-09-24T17:19:23.681Z,1790270363681,2026-09-25,RSOXLUSDT,spot,SOXL,144.98,145.01,144.995,2.069,1.0,74.0,145.0,2020545996.328478
2026-09-24T17:19:23.681Z,1790270363681,2026-09-25,SOXLUSDT,perp,SOXL,145.17,145.19,145.18,1.3776,7.11,96.32,145.18,155982293.2118
2026-09-24T17:19:23.681Z,1790270363681,2026-09-25,RHOODUSDT,spot,HOOD,121.67,121.76,121.715,7.3943,500.0,20.0,121.58,234093516.44410345
2026-09-24T17:19:23.681Z,1790270363681,2026-09-25,HOODUSDT,perp,HOOD,121.76,121.78,121.77000000000001,1.6424,30.4,30.4,121.76,7838947.732
2026-09-24T17:19:23.681Z,1790270363681,2026-09-25,RMRVLUSDT,spot,MRVL,259.8,259.93,259.865,5.0026,80.0,60.0,259.87,439138536.0479342
2026-09-24T17:19:23.681Z,1790270363681,2026-09-25,MRVLUSDT,perp,MRVL,260.03,260.07,260.04999999999995,1.5382,36.5,17.18,260.06,9790514.758
2026-09-24T17:20:23.687Z,1790270423687,2026-09-25,RTSLAUSDT,spot,TSLA,381.61,381.76,381.685,3.9299,29.0,287.0,381.6,2734343421.5362
2026-09-24T17:20:23.687Z,1790270423687,2026-09-25,TSLAUSDT,perp,TSLA,381.82,381.83,381.825,0.2619,31.56,0.2,381.8,21104828.6765
2026-09-24T17:20:23.687Z,1790270423687,2026-09-25,RNVDAUSDT,spot,NVDA,224.36,224.38,224.37,0.8914,550.0,20.0,224.16,2368850277.062825
2026-09-24T17:20:23.687Z,1790270423687,2026-09-25,NVDAUSDT,perp,NVDA,224.44,224.45,224.445,0.4455,111.33,5.55,224.43,11628802.2191
2026-09-24T17:20:23.687Z,1790270423687,2026-09-25,RAAPLUSDT,spot,AAPL,338.38,338.4,338.39,0.591,18.0,37.0,338.11,1089266626.032474
2026-09-24T17:20:23.687Z,1790270423687,2026-09-25,AAPLUSDT,perp,AAPL,338.3,338.31,338.305,0.2956,0.82,9.74,338.29,6604425.3007
2026-09-24T17:20:23.687Z,1790270423687,2026-09-25,RMETAUSDT,spot,META,771.7,771.9,771.8,2.5913,13.0,13.0,771.85,3984513105.364802
2026-09-24T17:20:23.687Z,1790270423687,2026-09-25,METAUSDT,perp,META,772.16,772.29,772.2249999999999,1.6834,0.16,0.01,771.99,14236836.0517
2026-09-24T17:20:23.687Z,1790270423687,2026-09-25,RGOOGLUSDT,spot,GOOGL,341.86,341.91,341.885,1.4625,10.0,20.0,341.88,1318382924.9329932
2026-09-24T17:20:23.687Z,1790270423687,2026-09-25,GOOGLUSDT,perp,GOOGL,342.29,342.31,342.3,0.5843,10.63,0.6,342.27,7021144.2853
2026-09-24T17:20:23.687Z,1790270423687,2026-09-25,RSPYUSDT,spot,SPY,767.4,767.42,767.41,0.2606,300.0,150.0,767.38,5501155793.113777
2026-09-24T17:20:23.687Z,1790270423687,2026-09-25,SPYUSDT,perp,SPY,768.07,768.08,768.075,0.1302,0.01,15.23,768.01,3673063.6488
2026-09-24T17:20:23.687Z,1790270423687,2026-09-25,RQQQUSDT,spot,QQQ,740.56,740.6,740.5799999999999,0.5401,140.0,215.0,740.62,4674474149.298275
2026-09-24T17:20:23.687Z,1790270423687,2026-09-25,QQQUSDT,perp,QQQ,741.16,741.17,741.165,0.1349,205.25,0.75,741.19,6106118.0633
2026-09-24T17:20:23.687Z,1790270423687,2026-09-25,RSOXLUSDT,spot,SOXL,144.66,144.69,144.675,2.0736,50.0,130.0,144.73,2039543165.679778
2026-09-24T17:20:23.687Z,1790270423687,2026-09-25,SOXLUSDT,perp,SOXL,144.96,144.97,144.965,0.6898,12.36,1.35,144.96,155965520.6466
2026-09-24T17:20:23.687Z,1790270423687,2026-09-25,RHOODUSDT,spot,HOOD,121.57,121.64,121.60499999999999,5.7563,580.0,343.0,121.43,235210767.06690344
2026-09-24T17:20:23.687Z,1790270423687,2026-09-25,HOODUSDT,perp,HOOD,121.6,121.62,121.61,1.6446,40.02,30.4,121.6,7838506.2489
2026-09-24T17:20:23.687Z,1790270423687,2026-09-25,RMRVLUSDT,spot,MRVL,259.18,259.41,259.295,8.8702,170.0,100.0,259.22,443118998.9129342
2026-09-24T17:20:23.687Z,1790270423687,2026-09-25,MRVLUSDT,perp,MRVL,259.56,259.57,259.565,0.3853,41.93,12.82,259.56,9794998.5635
2026-09-24T17:21:23.702Z,1790270483702,2026-09-25,RTSLAUSDT,spot,TSLA,381.55,381.66,381.605,2.8826,50.0,20.0,381.71,2750248852.6615
2026-09-24T17:21:23.702Z,1790270483702,2026-09-25,TSLAUSDT,perp,TSLA,381.77,381.8,381.78499999999997,0.7858,16.16,15.78,381.78,21102044.544
2026-09-24T17:21:23.702Z,1790270483702,2026-09-25,RNVDAUSDT,spot,NVDA,224.42,224.43,224.425,0.4456,84.0,7.0,224.28,2395553834.862925
2026-09-24T17:21:23.702Z,1790270483702,2026-09-25,NVDAUSDT,perp,NVDA,224.57,224.58,224.575,0.4453,58.03,5.41,224.57,11632709.0323
2026-09-24T17:21:23.702Z,1790270483702,2026-09-25,RAAPLUSDT,spot,AAPL,338.29,338.35,338.32000000000005,1.7735,51.0,60.0,338.09,1096357747.7170742
2026-09-24T17:21:23.702Z,1790270483702,2026-09-25,AAPLUSDT,perp,AAPL,338.29,338.3,338.295,0.2956,30.4,1.05,338.32,6605137.1697
2026-09-24T17:21:23.702Z,1790270483702,2026-09-25,RMETAUSDT,spot,META,771.46,771.82,771.6400000000001,4.6654,9.0,145.0,771.64,4020415615.863002
2026-09-24T17:21:23.702Z,1790270483702,2026-09-25,METAUSDT,perp,META,772.03,772.06,772.045,0.3886,0.45,0.01,771.81,14219051.1444
2026-09-24T17:21:23.702Z,1790270483702,2026-09-25,RGOOGLUSDT,spot,GOOGL,341.88,341.93,341.905,1.4624,10.0,20.0,341.82,1325605032.532493
2026-09-24T17:21:23.702Z,1790270483702,2026-09-25,GOOGLUSDT,perp,GOOGL,342.32,342.34,342.33,0.5842,10.63,11.23,342.33,7015404.9688
2026-09-24T17:21:23.702Z,1790270483702,2026-09-25,RSPYUSDT,spot,SPY,767.57,767.59,767.58,0.2606,310.0,350.0,767.62,5540415451.462977
2026-09-24T17:21:23.702Z,1790270483702,2026-09-25,SPYUSDT,perp,SPY,768.26,768.27,768.265,0.1302,0.73,26.57,768.21,3682812.2313
2026-09-24T17:21:23.702Z,1790270483702,2026-09-25,RQQQUSDT,spot,QQQ,740.88,740.92,740.9,0.5399,215.0,279.0,740.82,4711682761.988475
2026-09-24T17:21:23.702Z,1790270483702,2026-09-25,QQQUSDT,perp,QQQ,741.5,741.51,741.505,0.1349,69.35,2.01,741.4,6107563.6388
2026-09-24T17:21:23.702Z,1790270483702,2026-09-25,RSOXLUSDT,spot,SOXL,145.02,145.06,145.04000000000002,2.7579,92.0,110.0,145.09,2055198382.0419781
2026-09-24T17:21:23.702Z,1790270483702,2026-09-25,SOXLUSDT,perp,SOXL,144.99,145.0,144.995,0.6897,5.35,38.44,144.99,155716947.3779
2026-09-24T17:21:23.702Z,1790270483702,2026-09-25,RHOODUSDT,spot,HOOD,121.44,121.52,121.47999999999999,6.5854,520.0,100.0,121.53,235582087.61690345
2026-09-24T17:21:23.702Z,1790270483702,2026-09-25,HOODUSDT,perp,HOOD,121.57,121.61,121.59,3.2897,78.24,26.34,121.67,7840623.6214
2026-09-24T17:21:23.702Z,1790270483702,2026-09-25,RMRVLUSDT,spot,MRVL,259.19,259.42,259.305,8.8699,40.0,20.0,259.38,446474982.21293414
2026-09-24T17:21:23.702Z,1790270483702,2026-09-25,MRVLUSDT,perp,MRVL,259.53,259.55,259.53999999999996,0.7706,28.07,2.1,259.52,9790625.0875
2026-09-24T17:22:23.710Z,1790270543710,2026-09-25,RTSLAUSDT,spot,TSLA,381.54,381.65,381.595,2.8826,160.0,244.0,381.61,2762902399.4496
2026-09-24T17:22:23.710Z,1790270543710,2026-09-25,TSLAUSDT,perp,TSLA,381.68,381.69,381.685,0.262,15.78,0.34,381.73,21109300.96
2026-09-24T17:22:23.710Z,1790270543710,2026-09-25,RNVDAUSDT,spot,NVDA,224.41,224.43,224.42000000000002,0.8912,249.0,18.0,224.26,2510921533.615943
2026-09-24T17:22:23.710Z,1790270543710,2026-09-25,NVDAUSDT,perp,NVDA,224.58,224.59,224.585,0.4453,73.57,52.17,224.58,11635415.956
2026-09-24T17:22:23.710Z,1790270543710,2026-09-25,RAAPLUSDT,spot,AAPL,338.38,338.42,338.4,1.182,187.0,20.0,338.01,1113917595.3517957
2026-09-24T17:22:23.710Z,1790270543710,2026-09-25,AAPLUSDT,perp,AAPL,338.27,338.28,338.275,0.2956,2.74,33.35,338.23,6605673.3282
2026-09-24T17:22:23.710Z,1790270543710,2026-09-25,RMETAUSDT,spot,META,771.15,771.32,771.235,2.2043,10.0,40.0,771.28,4044324774.998602
2026-09-24T17:22:23.710Z,1790270543710,2026-09-25,METAUSDT,perp,META,771.61,771.72,771.665,1.4255,0.72,0.01,771.71,14216268.54
2026-09-24T17:22:23.710Z,1790270543710,2026-09-25,RGOOGLUSDT,spot,GOOGL,341.91,341.95,341.93,1.1698,40.0,20.0,341.92,1355226624.1189137
2026-09-24T17:22:23.710Z,1790270543710,2026-09-25,GOOGLUSDT,perp,GOOGL,342.37,342.39,342.38,0.5841,10.63,0.6,342.27,7015330.6988
2026-09-24T17:22:23.710Z,1790270543710,2026-09-25,RSPYUSDT,spot,SPY,767.76,767.78,767.77,0.2605,491.0,21.0,767.75,5804474361.056715
2026-09-24T17:22:23.710Z,1790270543710,2026-09-25,SPYUSDT,perp,SPY,768.41,768.42,768.415,0.1301,0.41,7.82,768.16,3683326.8986
2026-09-24T17:22:23.710Z,1790270543710,2026-09-25,RQQQUSDT,spot,QQQ,740.93,740.98,740.9549999999999,0.6748,940.0,116.0,740.96,4877868467.253399
2026-09-24T17:22:23.710Z,1790270543710,2026-09-25,QQQUSDT,perp,QQQ,741.59,741.6,741.595,0.1348,90.2,1.52,741.77,6105670.6301
2026-09-24T17:22:23.710Z,1790270543710,2026-09-25,RSOXLUSDT,spot,SOXL,144.97,145.01,144.99,2.7588,150.0,150.0,145.0,2059511048.0579782
2026-09-24T17:22:23.710Z,1790270543710,2026-09-25,SOXLUSDT,perp,SOXL,145.07,145.08,145.075,0.6893,11.07,36.25,145.08,155718681.2409
2026-09-24T17:22:23.710Z,1790270543710,2026-09-25,RHOODUSDT,spot,HOOD,121.46,121.58,121.52,9.8749,613.0,592.0,121.56,244331924.90239838
2026-09-24T17:22:23.710Z,1790270543710,2026-09-25,HOODUSDT,perp,HOOD,121.67,121.7,121.685,2.4654,30.4,30.4,121.66,7839182.8922
2026-09-24T17:22:23.710Z,1790270543710,2026-09-25,RMRVLUSDT,spot,MRVL,259.29,259.46,259.375,6.5542,1.0,22.0,259.36,462884022.1443157
2026-09-24T17:22:23.710Z,1790270543710,2026-09-25,MRVLUSDT,perp,MRVL,259.61,259.64,259.625,1.1555,8.69,1.09,259.6,9790112.2911
2026-09-24T17:23:23.713Z,1790270603713,2026-09-25,RTSLAUSDT,spot,TSLA,381.48,381.59,381.53499999999997,2.8831,80.0,13.0,381.51,2789299918.6914
2026-09-24T17:23:23.713Z,1790270603713,2026-09-25,TSLAUSDT,perp,TSLA,381.66,381.68,381.67,0.524,62.25,0.38,381.69,21165728.8731
2026-09-24T17:23:23.713Z,1790270603713,2026-09-25,RNVDAUSDT,spot,NVDA,224.34,224.36,224.35000000000002,0.8915,101.0,360.0,224.4,2537864076.231143
2026-09-24T17:23:23.713Z,1790270603713,2026-09-25,NVDAUSDT,perp,NVDA,224.65,224.66,224.655,0.4451,75.49,42.28,224.66,11631997.6368
2026-09-24T17:23:23.713Z,1790270603713,2026-09-25,RAAPLUSDT,spot,AAPL,338.22,338.26,338.24,1.1826,20.0,89.0,338.14,1135122300.2713957
2026-09-24T17:23:23.713Z,1790270603713,2026-09-25,AAPLUSDT,perp,AAPL,338.29,338.3,338.295,0.2956,1.02,9.74,338.34,6603816.901
2026-09-24T17:23:23.713Z,1790270603713,2026-09-25,RMETAUSDT,spot,META,770.54,770.87,770.7049999999999,4.2818,47.0,26.0,770.81,4067470647.460102
2026-09-24T17:23:23.713Z,1790270603713,2026-09-25,METAUSDT,perp,META,770.79,770.9,770.845,1.427,0.66,0.65,770.87,14140261.9504
2026-09-24T17:23:23.713Z,1790270603713,2026-09-25,RGOOGLUSDT,spot,GOOGL,341.78,341.82,341.79999999999995,1.1703,10.0,20.0,341.85,1358273108.2802136
2026-09-24T17:23:23.713Z,1790270603713,2026-09-25,GOOGLUSDT,perp,GOOGL,342.19,342.21,342.2,0.5845,10.63,0.6,342.22,7007401.2833
2026-09-24T17:23:23.713Z,1790270603713,2026-09-25,RSPYUSDT,spot,SPY,767.64,767.66,767.65,0.2605,370.0,100.0,767.6,5839156754.930315
2026-09-24T17:23:23.713Z,1790270603713,2026-09-25,SPYUSDT,perp,SPY,768.35,768.36,768.355,0.1301,0.01,15.98,768.31,3684248.8749
2026-09-24T17:23:23.713Z,1790270603713,2026-09-25,RQQQUSDT,spot,QQQ,740.81,740.85,740.8299999999999,0.5399,335.0,235.0,740.81,4919000916.499499
2026-09-24T17:23:23.713Z,1790270603713,2026-09-25,QQQUSDT,perp,QQQ,741.61,741.62,741.615,0.1348,8.15,0.15,741.51,6105893.1704
2026-09-24T17:23:23.713Z,1790270603713,2026-09-25,RSOXLUSDT,spot,SOXL,144.98,145.04,145.01,4.1376,131.0,110.0,144.93,2064960485.1296782
2026-09-24T17:23:23.713Z,1790270603713,2026-09-25,SOXLUSDT,perp,SOXL,145.2,145.21,145.20499999999998,0.6887,73.57,4.62,145.21,155394850.9125
2026-09-24T17:23:23.713Z,1790270603713,2026-09-25,RHOODUSDT,spot,HOOD,121.46,121.54,121.5,6.5844,20.0,600.0,121.48,245144935.40239838
2026-09-24T17:23:23.713Z,1790270603713,2026-09-25,HOODUSDT,perp,HOOD,121.59,121.64,121.61500000000001,4.1113,84.22,29.43,121.66,7836583.2504
2026-09-24T17:23:23.713Z,1790270603713,2026-09-25,RMRVLUSDT,spot,MRVL,259.3,259.51,259.405,8.0954,156.0,3.0,259.38,464085171.5778158
2026-09-24T17:23:23.713Z,1790270603713,2026-09-25,MRVLUSDT,perp,MRVL,259.66,259.67,259.665,0.3851,17.18,1.26,259.65,9793029.3137
2026-09-24T17:24:23.728Z,1790270663728,2026-09-25,RTSLAUSDT,spot,TSLA,381.24,381.35,381.295,2.8849,160.0,84.0,381.33,2821536256.2565
2026-09-24T17:24:23.728Z,1790270663728,2026-09-25,TSLAUSDT,perp,TSLA,381.52,381.56,381.53999999999996,1.0484,19.54,62.92,381.56,21199599.9192
2026-09-24T17:24:23.728Z,1790270663728,2026-09-25,RNVDAUSDT,spot,NVDA,224.22,224.24,224.23000000000002,0.8919,143.0,145.0,224.29,2567057784.572143
2026-09-24T17:24:23.728Z,1790270663728,2026-09-25,NVDAUSDT,perp,NVDA,224.57,224.58,224.575,0.4453,67.23,37.22,224.58,11633089.4591
2026-09-24T17:24:23.728Z,1790270663728,2026-09-25,RAAPLUSDT,spot,AAPL,338.07,338.1,338.08500000000004,0.8874,40.0,41.0,338.16,1143474428.1559956
2026-09-24T17:24:23.728Z,1790270663728,2026-09-25,AAPLUSDT,perp,AAPL,338.23,338.24,338.235,0.2957,44.85,11.66,338.29,6603940.2835
2026-09-24T17:24:23.728Z,1790270663728,2026-09-25,RMETAUSDT,spot,META,771.01,771.28,771.145,3.5013,29.0,80.0,771.02,4097080000.840902
2026-09-24T17:24:23.728Z,1790270663728,2026-09-25,METAUSDT,perp,META,771.44,771.53,771.485,1.1666,0.63,0.63,771.5,14129711.258
2026-09-24T17:24:23.728Z,1790270663728,2026-09-25,RGOOGLUSDT,spot,GOOGL,341.86,341.89,341.875,0.8775,10.0,20.0,341.87,1369281713.0251136
2026-09-24T17:24:23.728Z,1790270663728,2026-09-25,GOOGLUSDT,perp,GOOGL,342.28,342.29,342.28499999999997,0.2922,10.63,0.75,342.23,6853261.7836
2026-09-24T17:24:23.728Z,1790270663728,2026-09-25,RSPYUSDT,spot,SPY,767.73,767.75,767.74,0.2605,220.0,100.0,767.71,5850395091.591315
2026-09-24T17:24:23.728Z,1790270663728,2026-09-25,SPYUSDT,perp,SPY,768.38,768.39,768.385,0.1301,0.42,11.69,768.36,3686169.7201
2026-09-24T17:24:23.728Z,1790270663728,2026-09-25,RQQQUSDT,spot,QQQ,740.87,740.9,740.885,0.4049,315.0,255.0,740.81,4928842074.530299
2026-09-24T17:24:23.728Z,1790270663728,2026-09-25,QQQUSDT,perp,QQQ,741.56,741.57,741.565,0.1348,152.83,2.31,741.63,6100868.4677
2026-09-24T17:24:23.728Z,1790270663728,2026-09-25,RSOXLUSDT,spot,SOXL,145.01,145.05,145.03,2.7581,50.0,12.0,145.07,2070155604.454878
2026-09-24T17:24:23.728Z,1790270663728,2026-09-25,SOXLUSDT,perp,SOXL,145.11,145.13,145.12,1.3782,190.22,112.57,145.1,154815501.6776
2026-09-24T17:24:23.728Z,1790270663728,2026-09-25,RHOODUSDT,spot,HOOD,121.48,121.54,121.51,4.9379,183.0,540.0,121.52,246304910.9473984
2026-09-24T17:24:23.728Z,1790270663728,2026-09-25,HOODUSDT,perp,HOOD,121.67,121.68,121.67500000000001,0.8219,45.37,30.4,121.64,7836424.2108
2026-09-24T17:24:23.728Z,1790270663728,2026-09-25,RMRVLUSDT,spot,MRVL,259.46,259.6,259.53,5.3944,5.0,164.0,259.54,467197944.55181575
2026-09-24T17:24:23.728Z,1790270663728,2026-09-25,MRVLUSDT,perp,MRVL,259.57,259.59,259.58,0.7705,0.03,11.56,259.65,9784670.6768
2026-09-24T17:25:23.729Z,1790270723729,2026-09-25,RTSLAUSDT,spot,TSLA,381.18,381.26,381.22,2.0985,40.0,74.0,381.24,2846129552.9498
2026-09-24T17:25:23.729Z,1790270723729,2026-09-25,TSLAUSDT,perp,TSLA,381.31,381.33,381.32,0.5245,36.73,31.86,381.35,21219048.3638
2026-09-24T17:25:23.729Z,1790270723729,2026-09-25,RNVDAUSDT,spot,NVDA,224.27,224.28,224.275,0.4459,110.0,92.0,224.02,2588047282.3121433
2026-09-24T17:25:23.729Z,1790270723729,2026-09-25,NVDAUSDT,perp,NVDA,224.3,224.31,224.305,0.4458,73.71,5.64,224.35,11627752.3945
2026-09-24T17:25:23.729Z,1790270723729,2026-09-25,RAAPLUSDT,spot,AAPL,338.09,338.1,338.095,0.2958,57.0,84.0,337.92,1153675651.5393956
2026-09-24T17:25:23.729Z,1790270723729,2026-09-25,AAPLUSDT,perp,AAPL,338.03,338.05,338.03999999999996,0.5916,19.28,8.8,338.16,6602967.6038
2026-09-24T17:25:23.729Z,1790270723729,2026-09-25,RMETAUSDT,spot,META,770.8,770.92,770.8599999999999,1.5567,40.0,51.0,770.99,4116921918.784902
2026-09-24T17:25:23.729Z,1790270723729,2026-09-25,METAUSDT,perp,META,770.93,770.99,770.96,0.7783,0.02,0.56,771.19,14115539.3472
2026-09-24T17:25:23.729Z,1790270723729,2026-09-25,RGOOGLUSDT,spot,GOOGL,341.65,341.69,341.66999999999996,1.1707,10.0,20.0,341.68,1376871017.1778138
2026-09-24T17:25:23.729Z,1790270723729,2026-09-25,GOOGLUSDT,perp,GOOGL,342.08,342.1,342.09000000000003,0.5846,10.63,26.32,342.08,6850226.5953
2026-09-24T17:25:23.729Z,1790270723729,2026-09-25,RSPYUSDT,spot,SPY,767.17,767.18,767.175,0.1303,125.0,150.0,767.17,5901779119.247416
2026-09-24T17:25:23.729Z,1790270723729,2026-09-25,SPYUSDT,perp,SPY,767.78,767.79,767.785,0.1302,2.57,0.06,767.79,3687191.5143
2026-09-24T17:25:23.729Z,1790270723729,2026-09-25,RQQQUSDT,spot,QQQ,740.2,740.24,740.22,0.5404,996.0,235.0,740.3,4942712770.490299
2026-09-24T17:25:23.729Z,1790270723729,2026-09-25,QQQUSDT,perp,QQQ,740.98,740.99,740.985,0.135,164.28,0.45,741.0,6100691.209
2026-09-24T17:25:23.729Z,1790270723729,2026-09-25,RSOXLUSDT,spot,SOXL,144.4,144.47,144.435,4.8465,213.0,110.0,144.45,2079725726.176978
2026-09-24T17:25:23.729Z,1790270723729,2026-09-25,SOXLUSDT,perp,SOXL,144.66,144.68,144.67000000000002,1.3825,251.54,84.64,144.66,154357611.6825
2026-09-24T17:25:23.729Z,1790270723729,2026-09-25,RHOODUSDT,spot,HOOD,121.4,121.42,121.41,1.6473,1.0,160.0,121.42,246966857.52239838
2026-09-24T17:25:23.729Z,1790270723729,2026-09-25,HOODUSDT,perp,HOOD,121.6,121.63,121.615,2.4668,60.8,30.4,121.58,7834574.8072
2026-09-24T17:25:23.729Z,1790270723729,2026-09-25,RMRVLUSDT,spot,MRVL,259.09,259.16,259.125,2.7014,5.0,3.0,259.1,468840478.5800157
2026-09-24T17:25:23.729Z,1790270723729,2026-09-25,MRVLUSDT,perp,MRVL,259.43,259.45,259.44,0.7709,62.89,11.57,259.33,9783401.5689
2026-09-24T17:26:23.740Z,1790270783740,2026-09-25,RTSLAUSDT,spot,TSLA,380.75,380.89,380.82,3.6763,45.0,11.0,380.86,2874938121.116
2026-09-24T17:26:23.740Z,1790270783740,2026-09-25,TSLAUSDT,perp,TSLA,380.77,380.78,380.775,0.2626,16.36,0.61,380.8,21208725.2099
2026-09-24T17:26:23.740Z,1790270783740,2026-09-25,RNVDAUSDT,spot,NVDA,224.28,224.3,224.29000000000002,0.8917,282.0,1000.0,223.9,2615481431.154043
2026-09-24T17:26:23.740Z,1790270783740,2026-09-25,NVDAUSDT,perp,NVDA,224.2,224.21,224.20499999999998,0.446,76.42,10.37,224.21,11626974.3351
2026-09-24T17:26:23.740Z,1790270783740,2026-09-25,RAAPLUSDT,spot,AAPL,338.08,338.12,338.1,1.1831,170.0,12.0,337.79,1180646987.4385958
2026-09-24T17:26:23.740Z,1790270783740,2026-09-25,AAPLUSDT,perp,AAPL,338.05,338.08,338.065,0.8874,13.28,19.36,338.04,6616315.9888
2026-09-24T17:26:23.740Z,1790270783740,2026-09-25,RMETAUSDT,spot,META,770.35,770.46,770.405,1.4278,40.0,10.0,770.39,4130710386.1547017
2026-09-24T17:26:23.740Z,1790270783740,2026-09-25,METAUSDT,perp,META,770.63,770.67,770.65,0.519,0.1,0.5,770.89,14110589.1526
2026-09-24T17:26:23.740Z,1790270783740,2026-09-25,RGOOGLUSDT,spot,GOOGL,341.33,341.35,341.34000000000003,0.5859,24.0,19.0,341.34,1383649719.8725138
2026-09-24T17:26:23.740Z,1790270783740,2026-09-25,GOOGLUSDT,perp,GOOGL,341.71,341.74,341.725,0.8779,0.47,26.94,341.75,6848383.4752
2026-09-24T17:26:23.740Z,1790270783740,2026-09-25,RSPYUSDT,spot,SPY,766.84,766.86,766.85,0.2608,60.0,70.0,766.86,5947246314.894216
2026-09-24T17:26:23.740Z,1790270783740,2026-09-25,SPYUSDT,perp,SPY,767.52,767.53,767.525,0.1303,0.38,34.73,767.48,3688373.8043
2026-09-24T17:26:23.740Z,1790270783740,2026-09-25,RQQQUSDT,spot,QQQ,739.88,739.9,739.89,0.2703,25.0,216.0,739.9,4967320325.836299
2026-09-24T17:26:23.740Z,1790270783740,2026-09-25,QQQUSDT,perp,QQQ,740.55,740.56,740.555,0.135,128.05,0.23,740.6,6105551.898
2026-09-24T17:26:23.740Z,1790270783740,2026-09-25,RSOXLUSDT,spot,SOXL,144.09,144.16,144.125,4.8569,129.0,112.0,144.16,2101076520.3661783
2026-09-24T17:26:23.740Z,1790270783740,2026-09-25,SOXLUSDT,perp,SOXL,144.29,144.31,144.3,1.386,94.2,6.0,144.3,154681125.9917
2026-09-24T17:26:23.740Z,1790270783740,2026-09-25,RHOODUSDT,spot,HOOD,121.26,121.32,121.28999999999999,4.9468,500.0,153.0,121.27,247930854.48389837
2026-09-24T17:26:23.740Z,1790270783740,2026-09-25,HOODUSDT,perp,HOOD,121.46,121.49,121.475,2.4696,30.4,58.93,121.49,7833326.8853
2026-09-24T17:26:23.740Z,1790270783740,2026-09-25,RMRVLUSDT,spot,MRVL,258.85,259.04,258.94500000000005,7.3375,49.0,23.0,258.98,474491210.28901577
2026-09-24T17:26:23.740Z,1790270783740,2026-09-25,MRVLUSDT,perp,MRVL,259.06,259.07,259.065,0.386,28.3,11.58,259.07,9795601.5227
2026-09-24T17:27:23.748Z,1790270843748,2026-09-25,RTSLAUSDT,spot,TSLA,380.53,380.57,380.54999999999995,1.0511,48.0,122.0,380.56,2921640595.1666
2026-09-24T17:27:23.748Z,1790270843748,2026-09-25,TSLAUSDT,perp,TSLA,380.63,380.65,380.64,0.5254,16.48,31.53,380.68,21160716.2864
2026-09-24T17:27:23.748Z,1790270843748,2026-09-25,RNVDAUSDT,spot,NVDA,224.31,224.33,224.32,0.8916,451.0,117.0,223.95,2659404036.957443
2026-09-24T17:27:23.748Z,1790270843748,2026-09-25,NVDAUSDT,perp,NVDA,224.24,224.25,224.245,0.4459,70.78,3.89,224.26,11630813.2015
2026-09-24T17:27:23.748Z,1790270843748,2026-09-25,RAAPLUSDT,spot,AAPL,338.08,338.11,338.095,0.8873,84.0,179.0,337.85,1195376066.5630956
2026-09-24T17:27:23.748Z,1790270843748,2026-09-25,AAPLUSDT,perp,AAPL,338.08,338.09,338.085,0.2958,2.11,24.55,338.09,6604429.7823
2026-09-24T17:27:23.748Z,1790270843748,2026-09-25,RMETAUSDT,spot,META,770.71,770.94,770.825,2.9838,5.0,120.0,770.94,4159804611.795702
2026-09-24T17:27:23.748Z,1790270843748,2026-09-25,METAUSDT,perp,META,771.02,771.1,771.06,1.0375,0.54,0.54,771.19,14110048.6949
2026-09-24T17:27:23.748Z,1790270843748,2026-09-25,RGOOGLUSDT,spot,GOOGL,340.92,340.97,340.94500000000005,1.4665,45.0,10.0,341.05,1394728359.0321136
2026-09-24T17:27:23.748Z,1790270843748,2026-09-25,GOOGLUSDT,perp,GOOGL,341.43,341.46,341.445,0.8786,10.63,87.87,341.43,6859793.9107
2026-09-24T17:27:23.748Z,1790270843748,2026-09-25,RSPYUSDT,spot,SPY,766.75,766.77,766.76,0.2608,513.0,80.0,766.74,6020482122.664016
2026-09-24T17:27:23.748Z,1790270843748,2026-09-25,SPYUSDT,perp,SPY,767.45,767.46,767.455,0.1303,0.39,4.82,767.43,3697060.5404
2026-09-24T17:27:23.748Z,1790270843748,2026-09-25,RQQQUSDT,spot,QQQ,739.87,739.9,739.885,0.4055,240.0,195.0,739.83,4996387116.285899
2026-09-24T17:27:23.748Z,1790270843748,2026-09-25,QQQUSDT,perp,QQQ,740.69,740.7,740.695,0.135,65.37,4.59,740.65,6107906.9748
2026-09-24T17:27:23.748Z,1790270843748,2026-09-25,RSOXLUSDT,spot,SOXL,144.32,144.38,144.35,4.1566,30.0,62.0,144.28,2121266510.794078
2026-09-24T17:27:23.748Z,1790270843748,2026-09-25,SOXLUSDT,perp,SOXL,144.57,144.58,144.575,0.6917,7.0,72.34,144.56,154791226.0728
2026-09-24T17:27:23.748Z,1790270843748,2026-09-25,RHOODUSDT,spot,HOOD,121.3,121.35,121.32499999999999,4.1212,500.0,101.0,121.3,249014376.41349837
2026-09-24T17:27:23.748Z,1790270843748,2026-09-25,HOODUSDT,perp,HOOD,121.52,121.56,121.53999999999999,3.2911,57.12,49.38,121.49,7833261.9164
2026-09-24T17:27:23.748Z,1790270843748,2026-09-25,RMRVLUSDT,spot,MRVL,258.92,259.12,259.02,7.7214,2.0,10.0,259.05,477705755.9460158
2026-09-24T17:27:23.748Z,1790270843748,2026-09-25,MRVLUSDT,perp,MRVL,259.26,259.27,259.265,0.3857,26.68,1.26,259.19,9795298.2908
2026-09-24T17:28:23.762Z,1790270903762,2026-09-25,RTSLAUSDT,spot,TSLA,380.68,380.79,380.735,2.8891,141.0,4.0,380.74,2945753543.0092
2026-09-24T17:28:23.762Z,1790270903762,2026-09-25,TSLAUSDT,perp,TSLA,380.86,380.91,380.885,1.3127,16.47,15.78,380.9,21155736.8556
2026-09-24T17:28:23.762Z,1790270903762,2026-09-25,RNVDAUSDT,spot,NVDA,224.08,224.1,224.09,0.8925,22.0,177.0,224.04,2676711265.057843
2026-09-24T17:28:23.762Z,1790270903762,2026-09-25,NVDAUSDT,perp,NVDA,224.35,224.36,224.35500000000002,0.4457,13.17,18.21,224.35,11632248.1771
2026-09-24T17:28:23.762Z,1790270903762,2026-09-25,RAAPLUSDT,spot,AAPL,337.88,337.91,337.895,0.8878,125.0,17.0,338.04,1338454759.1389956
2026-09-24T17:28:23.762Z,1790270903762,2026-09-25,AAPLUSDT,perp,AAPL,338.27,338.28,338.275,0.2956,4.71,9.94,338.23,6596696.1414
2026-09-24T17:28:23.762Z,1790270903762,2026-09-25,RMETAUSDT,spot,META,771.08,771.23,771.155,1.9451,1.0,44.0,771.11,4183384097.063902
2026-09-24T17:28:23.762Z,1790270903762,2026-09-25,METAUSDT,perp,META,771.36,771.41,771.385,0.6482,0.64,0.65,771.33,14106165.2427
2026-09-24T17:28:23.762Z,1790270903762,2026-09-25,RGOOGLUSDT,spot,GOOGL,341.37,341.42,341.395,1.4646,10.0,40.0,341.37,1406051354.3550136
2026-09-24T17:28:23.762Z,1790270903762,2026-09-25,GOOGLUSDT,perp,GOOGL,341.78,341.81,341.79499999999996,0.8777,10.63,27.84,341.81,6859669.8774
2026-09-24T17:28:23.762Z,1790270903762,2026-09-25,RSPYUSDT,spot,SPY,767.11,767.13,767.12,0.2607,210.0,150.0,767.1,6076011417.582516
2026-09-24T17:28:23.762Z,1790270903762,2026-09-25,SPYUSDT,perp,SPY,767.84,767.85,767.845,0.1302,0.44,18.33,767.43,3689772.6949
2026-09-24T17:28:23.762Z,1790270903762,2026-09-25,RQQQUSDT,spot,QQQ,740.37,740.4,740.385,0.4052,340.0,295.0,740.3,5011044367.9154
2026-09-24T17:28:23.762Z,1790270903762,2026-09-25,QQQUSDT,perp,QQQ,741.1,741.11,741.105,0.1349,4.26,0.94,741.08,6107737.4932
2026-09-24T17:28:23.762Z,1790270903762,2026-09-25,RSOXLUSDT,spot,SOXL,144.55,144.6,144.575,3.4584,170.0,110.0,144.58,2156519017.815079
2026-09-24T17:28:23.762Z,1790270903762,2026-09-25,SOXLUSDT,perp,SOXL,144.7,144.71,144.70499999999998,0.6911,10.8,127.53,144.69,154840614.235
2026-09-24T17:28:23.762Z,1790270903762,2026-09-25,RHOODUSDT,spot,HOOD,121.39,121.45,121.42,4.9415,2.0,709.0,121.44,249779162.76499838
2026-09-24T17:28:23.762Z,1790270903762,2026-09-25,HOODUSDT,perp,HOOD,121.6,121.64,121.62,3.2889,53.1,65.42,121.49,7833261.9164
2026-09-24T17:28:23.762Z,1790270903762,2026-09-25,RMRVLUSDT,spot,MRVL,259.02,259.24,259.13,8.4899,100.0,2.0,259.09,479544415.31221575
2026-09-24T17:28:23.762Z,1790270903762,2026-09-25,MRVLUSDT,perp,MRVL,259.36,259.38,259.37,0.7711,69.74,14.51,259.38,9795321.7274
2026-09-24T17:29:23.775Z,1790270963775,2026-09-25,RTSLAUSDT,spot,TSLA,380.96,381.06,381.01,2.6246,2.0,8.0,381.1,2965468546.024
2026-09-24T17:29:23.775Z,1790270963775,2026-09-25,TSLAUSDT,perp,TSLA,381.15,381.16,381.155,0.2624,16.53,7.88,381.14,21157177.7476
2026-09-24T17:29:23.775Z,1790270963775,2026-09-25,RNVDAUSDT,spot,NVDA,223.96,223.98,223.97,0.893,569.0,240.0,224.03,2703217536.925643
2026-09-24T17:29:23.775Z,1790270963775,2026-09-25,NVDAUSDT,perp,NVDA,224.35,224.36,224.35500000000002,0.4457,77.18,36.79,224.35,11635429.6951
2026-09-24T17:29:23.775Z,1790270963775,2026-09-25,RAAPLUSDT,spot,AAPL,337.87,337.88,337.875,0.296,116.0,20.0,338.05,1347213870.7289956
2026-09-24T17:29:23.775Z,1790270963775,2026-09-25,AAPLUSDT,perp,AAPL,338.26,338.27,338.265,0.2956,80.62,0.93,338.3,6588432.9365
2026-09-24T17:29:23.775Z,1790270963775,2026-09-25,RMETAUSDT,spot,META,771.19,771.38,771.2850000000001,2.4634,30.0,44.0,771.38,4205793158.817902
2026-09-24T17:29:23.775Z,1790270963775,2026-09-25,METAUSDT,perp,META,771.69,771.83,771.76,1.814,4.83,8.52,771.79,14104261.029
2026-09-24T17:29:23.775Z,1790270963775,2026-09-25,RGOOGLUSDT,spot,GOOGL,341.48,341.53,341.505,1.4641,10.0,7.0,341.55,1408601301.6332138
2026-09-24T17:29:23.775Z,1790270963775,2026-09-25,GOOGLUSDT,perp,GOOGL,341.92,341.98,341.95000000000005,1.7546,42.14,56.25,341.86,6879016.7616
2026-09-24T17:29:23.775Z,1790270963775,2026-09-25,RSPYUSDT,spot,SPY,767.24,767.27,767.255,0.391,120.0,260.0,767.19,6091213102.263815
2026-09-24T17:29:23.775Z,1790270963775,2026-09-25,SPYUSDT,perp,SPY,767.94,767.95,767.945,0.1302,0.41,0.31,767.91,3690133.6086
2026-09-24T17:29:23.775Z,1790270963775,2026-09-25,RQQQUSDT,spot,QQQ,740.42,740.45,740.435,0.4052,145.0,115.0,740.53,5030351728.978099
2026-09-24T17:29:23.775Z,1790270963775,2026-09-25,QQQUSDT,perp,QQQ,741.33,741.34,741.335,0.1349,4.09,4.09,741.3,6110131.8591
2026-09-24T17:29:23.775Z,1790270963775,2026-09-25,RSOXLUSDT,spot,SOXL,144.54,144.59,144.565,3.4587,90.0,70.0,144.56,2163719945.6486793
2026-09-24T17:29:23.775Z,1790270963775,2026-09-25,SOXLUSDT,perp,SOXL,144.79,144.8,144.79500000000002,0.6906,0.05,85.78,144.83,154881148.3631
2026-09-24T17:29:23.775Z,1790270963775,2026-09-25,RHOODUSDT,spot,HOOD,121.42,121.45,121.435,2.4705,101.0,602.0,121.44,250720632.42919838
2026-09-24T17:29:23.775Z,1790270963775,2026-09-25,HOODUSDT,perp,HOOD,121.61,121.65,121.63,3.2887,34.4,58.91,121.61,7833800.389
2026-09-24T17:29:23.775Z,1790270963775,2026-09-25,RMRVLUSDT,spot,MRVL,259.07,259.31,259.19,9.2596,107.0,25.0,259.2,479859774.03721577
2026-09-24T17:29:23.775Z,1790270963775,2026-09-25,MRVLUSDT,perp,MRVL,259.34,259.36,259.35,0.7712,50.65,14.51,259.4,9795578.9933
2026-09-24T17:30:23.778Z,1790271023778,2026-09-25,RTSLAUSDT,spot,TSLA,380.88,380.93,380.905,1.3127,1.0,1.0,380.9,2978150225.0069
2026-09-24T17:30:23.778Z,1790271023778,2026-09-25,TSLAUSDT,perp,TSLA,380.9,380.92,380.90999999999997,0.5251,59.81,0.38,380.93,21144038.655
2026-09-24T17:30:23.778Z,1790271023778,2026-09-25,RNVDAUSDT,spot,NVDA,223.79,223.81,223.8,0.8937,438.0,437.0,224.21,2723361212.946043
2026-09-24T17:30:23.778Z,1790271023778,2026-09-25,NVDAUSDT,perp,NVDA,224.54,224.55,224.54500000000002,0.4453,17.67,70.25,224.53,11624842.9976
2026-09-24T17:30:23.778Z,1790271023778,2026-09-25,RAAPLUSDT,spot,AAPL,337.77,337.8,337.78499999999997,0.8881,25.0,20.0,338.14,1351517574.0797956
2026-09-24T17:30:23.778Z,1790271023778,2026-09-25,AAPLUSDT,perp,AAPL,338.34,338.35,338.345,0.2956,88.73,1.0,338.53,6587255.3835
2026-09-24T17:30:23.778Z,1790271023778,2026-09-25,RMETAUSDT,spot,META,771.83,772.05,771.94,2.85,40.0,4.0,771.78,4231415251.122802
2026-09-24T17:30:23.778Z,1790271023778,2026-09-25,METAUSDT,perp,META,772.19,772.25,772.22,0.777,0.87,0.32,772.29,14108035.1751
2026-09-24T17:30:23.778Z,1790271023778,2026-09-25,RGOOGLUSDT,spot,GOOGL,341.52,341.55,341.53499999999997,0.8784,50.0,20.0,341.51,1412191195.2390137
2026-09-24T17:30:23.778Z,1790271023778,2026-09-25,GOOGLUSDT,perp,GOOGL,341.93,341.95,341.94,0.5849,11.67,26.32,341.89,6875003.8856
2026-09-24T17:30:23.778Z,1790271023778,2026-09-25,RSPYUSDT,spot,SPY,767.44,767.46,767.45,0.2606,910.0,80.0,767.44,6137714050.845315
2026-09-24T17:30:23.778Z,1790271023778,2026-09-25,SPYUSDT,perp,SPY,768.16,768.17,768.165,0.1302,0.41,5.14,768.09,3690125.9322
2026-09-24T17:30:23.778Z,1790271023778,2026-09-25,RQQQUSDT,spot,QQQ,740.74,740.76,740.75,0.27,100.0,115.0,740.76,5070294894.695499
2026-09-24T17:30:23.778Z,1790271023778,2026-09-25,QQQUSDT,perp,QQQ,741.62,741.63,741.625,0.1348,0.28,91.39,741.53,6110438.9905
2026-09-24T17:30:23.778Z,1790271023778,2026-09-25,RSOXLUSDT,spot,SOXL,144.91,144.94,144.925,2.07,12.0,210.0,144.88,2170064091.2907796
2026-09-24T17:30:23.778Z,1790271023778,2026-09-25,SOXLUSDT,perp,SOXL,145.02,145.03,145.025,0.6895,6.55,164.55,145.05,154829294.2675
2026-09-24T17:30:23.778Z,1790271023778,2026-09-25,RHOODUSDT,spot,HOOD,121.49,121.55,121.52,4.9375,562.0,100.0,121.56,252331607.8733984
2026-09-24T17:30:23.778Z,1790271023778,2026-09-25,HOODUSDT,perp,HOOD,121.69,121.72,121.705,2.465,30.4,49.31,121.71,7833890.8015
2026-09-24T17:30:23.778Z,1790271023778,2026-09-25,RMRVLUSDT,spot,MRVL,259.1,259.22,259.16,4.6303,20.0,1.0,259.21,481117577.68591577
2026-09-24T17:30:23.778Z,1790271023778,2026-09-25,MRVLUSDT,perp,MRVL,259.42,259.44,259.43,0.7709,42.61,12.83,259.39,9800170.359
2026-09-24T17:31:23.792Z,1790271083792,2026-09-25,RTSLAUSDT,spot,TSLA,380.76,380.9,380.83,3.6762,478.0,67.0,380.83,2990321387.9574
2026-09-24T17:31:23.792Z,1790271083792,2026-09-25,TSLAUSDT,perp,TSLA,380.92,380.95,380.935,0.7875,50.37,16.16,380.94,21137482.2938
2026-09-24T17:31:23.792Z,1790271083792,2026-09-25,RNVDAUSDT,spot,NVDA,223.96,223.98,223.97,0.893,160.0,581.0,224.33,2751060767.042343
2026-09-24T17:31:23.792Z,1790271083792,2026-09-25,NVDAUSDT,perp,NVDA,224.61,224.62,224.615,0.4452,1.12,84.62,224.61,11626271.2343
2026-09-24T17:31:23.792Z,1790271083792,2026-09-25,RAAPLUSDT,spot,AAPL,337.86,337.91,337.885,1.4798,32.0,100.0,338.13,1360706572.3814957
2026-09-24T17:31:23.792Z,1790271083792,2026-09-25,AAPLUSDT,perp,AAPL,338.35,338.36,338.355,0.2955,0.96,17.82,338.53,6584110.0131
2026-09-24T17:31:23.792Z,1790271083792,2026-09-25,RMETAUSDT,spot,META,771.59,771.79,771.69,2.5917,160.0,40.0,771.8,4256455116.540302
2026-09-24T17:31:23.792Z,1790271083792,2026-09-25,METAUSDT,perp,META,771.77,771.88,771.825,1.4252,1.28,0.83,772.06,14102907.685
2026-09-24T17:31:23.792Z,1790271083792,2026-09-25,RGOOGLUSDT,spot,GOOGL,341.46,341.54,341.5,2.3426,180.0,10.0,341.59,1453162366.6613653
2026-09-24T17:31:23.792Z,1790271083792,2026-09-25,GOOGLUSDT,perp,GOOGL,341.91,341.95,341.93,1.1698,10.63,28.23,341.96,6874641.7147
2026-09-24T17:31:23.792Z,1790271083792,2026-09-25,RSPYUSDT,spot,SPY,767.45,767.48,767.465,0.3909,290.0,280.0,767.46,6273556163.326363
2026-09-24T17:31:23.792Z,1790271083792,2026-09-25,SPYUSDT,perp,SPY,768.28,768.29,768.285,0.1302,0.44,35.13,768.18,3690125.9329
2026-09-24T17:31:23.792Z,1790271083792,2026-09-25,RQQQUSDT,spot,QQQ,740.95,740.98,740.965,0.4049,260.0,384.0,740.9,5091079300.271223
2026-09-24T17:31:23.792Z,1790271083792,2026-09-25,QQQUSDT,perp,QQQ,741.78,741.79,741.785,0.1348,3.71,4.72,741.64,6109421.923
2026-09-24T17:31:23.792Z,1790271083792,2026-09-25,RSOXLUSDT,spot,SOXL,145.12,145.17,145.14499999999998,3.4448,55.0,100.0,145.1,2177159038.3780794
2026-09-24T17:31:23.792Z,1790271083792,2026-09-25,SOXLUSDT,perp,SOXL,145.31,145.32,145.315,0.6882,16.49,77.43,145.32,154783744.3639
2026-09-24T17:31:23.792Z,1790271083792,2026-09-25,RHOODUSDT,spot,HOOD,121.54,121.64,121.59,8.2244,419.0,100.0,121.62,261919582.12793183
2026-09-24T17:31:23.792Z,1790271083792,2026-09-25,HOODUSDT,perp,HOOD,121.78,121.81,121.795,2.4632,30.4,49.32,121.76,7833288.7476
2026-09-24T17:31:23.792Z,1790271083792,2026-09-25,RMRVLUSDT,spot,MRVL,259.24,259.49,259.365,9.6389,200.0,5.0,259.37,492596153.84393084
2026-09-24T17:31:23.792Z,1790271083792,2026-09-25,MRVLUSDT,perp,MRVL,259.59,259.6,259.595,0.3852,54.98,14.28,259.67,9801996.5546
2026-09-24T17:32:23.805Z,1790271143805,2026-09-25,RTSLAUSDT,spot,TSLA,381.08,381.14,381.11,1.5743,200.0,46.0,381.1,3004059304.3711
2026-09-24T17:32:23.805Z,1790271143805,2026-09-25,TSLAUSDT,perp,TSLA,381.2,381.23,381.21500000000003,0.787,0.21,15.78,381.2,21117362.6786
2026-09-24T17:32:23.805Z,1790271143805,2026-09-25,RNVDAUSDT,spot,NVDA,224.05,224.07,224.06,0.8926,6169.0,187.0,224.31,2792139251.237943
2026-09-24T17:32:23.805Z,1790271143805,2026-09-25,NVDAUSDT,perp,NVDA,224.58,224.59,224.585,0.4453,73.91,23.97,224.59,11644870.5759
2026-09-24T17:32:23.805Z,1790271143805,2026-09-25,RAAPLUSDT,spot,AAPL,338.02,338.08,338.04999999999995,1.7749,8.0,45.0,337.88,1373530132.6183956
2026-09-24T17:32:23.805Z,1790271143805,2026-09-25,AAPLUSDT,perp,AAPL,338.12,338.15,338.135,0.8872,14.55,6.4,338.15,6576384.7043
2026-09-24T17:32:23.805Z,1790271143805,2026-09-25,RMETAUSDT,spot,META,771.35,771.54,771.4449999999999,2.4629,51.0,4.0,771.52,4273655694.742002
2026-09-24T17:32:23.805Z,1790271143805,2026-09-25,METAUSDT,perp,META,771.75,771.82,771.7850000000001,0.907,0.45,4.84,771.66,14101891.4192
2026-09-24T17:32:23.805Z,1790271143805,2026-09-25,RGOOGLUSDT,spot,GOOGL,341.42,341.48,341.45000000000005,1.7572,2282.0,30.0,341.48,1463653309.9054654
2026-09-24T17:32:23.805Z,1790271143805,2026-09-25,GOOGLUSDT,perp,GOOGL,341.81,341.85,341.83000000000004,1.1702,0.06,1.17,341.89,6873561.0072
2026-09-24T17:32:23.805Z,1790271143805,2026-09-25,RSPYUSDT,spot,SPY,767.34,767.35,767.345,0.1303,20.0,490.0,767.38,6297721961.723163
2026-09-24T17:32:23.805Z,1790271143805,2026-09-25,SPYUSDT,perp,SPY,767.93,767.94,767.935,0.1302,3.45,1.95,768.18,3689795.6474
2026-09-24T17:32:23.805Z,1790271143805,2026-09-25,RQQQUSDT,spot,QQQ,740.63,740.65,740.64,0.27,145.0,1.0,740.75,5105349911.547023
2026-09-24T17:32:23.805Z,1790271143805,2026-09-25,QQQUSDT,perp,QQQ,741.45,741.46,741.455,0.1349,4.62,4.56,741.64,6109392.3293
2026-09-24T17:32:23.805Z,1790271143805,2026-09-25,RSOXLUSDT,spot,SOXL,144.93,144.99,144.96,4.1391,50.0,140.0,144.92,2191697502.4613795
2026-09-24T17:32:23.805Z,1790271143805,2026-09-25,SOXLUSDT,perp,SOXL,145.05,145.07,145.06,1.3787,200.99,81.76,145.08,154793410.0565
2026-09-24T17:32:23.805Z,1790271143805,2026-09-25,RHOODUSDT,spot,HOOD,121.5,121.59,121.545,7.4047,355.0,220.0,121.6,262236051.17793185
2026-09-24T17:32:23.805Z,1790271143805,2026-09-25,HOODUSDT,perp,HOOD,121.67,121.7,121.685,2.4654,322.19,0.32,121.7,7833619.6509
2026-09-24T17:32:23.805Z,1790271143805,2026-09-25,RMRVLUSDT,spot,MRVL,259.16,259.33,259.245,6.5575,1.0,20.0,259.11,493617792.5615308
2026-09-24T17:32:23.805Z,1790271143805,2026-09-25,MRVLUSDT,perp,MRVL,259.37,259.38,259.375,0.3855,37.73,12.62,259.43,9798864.7487
