ts_utc,ts_ms,date_cn,symbol,venue,base,bid,ask,mid,spread_bp,bid_sz,ask_sz,last,usdt_vol_24h
2026-09-22T16:00:37.183Z,1790092837183,2026-09-23,TSLAUSDT,perp,TSLA,377.24,377.25,377.245,0.2651,13.2,173.25,377.2,18864199.1392
2026-09-22T16:00:37.183Z,1790092837183,2026-09-23,RNVDAUSDT,spot,NVDA,228.56,228.57,228.565,0.4375,396.0,347.0,228.57,9124169.8843
2026-09-22T16:00:37.183Z,1790092837183,2026-09-23,NVDAUSDT,perp,NVDA,228.7,228.71,228.70499999999998,0.4372,8.7,112.84,228.7,13301946.8425
2026-09-22T16:00:37.183Z,1790092837183,2026-09-23,RAAPLUSDT,spot,AAPL,342.11,342.15,342.13,1.1691,52.0,20.0,342.14,3215479.0883
2026-09-22T16:00:37.183Z,1790092837183,2026-09-23,AAPLUSDT,perp,AAPL,342.06,342.07,342.065,0.2923,1.0,0.76,342.04,5723935.0884
2026-09-22T16:00:37.183Z,1790092837183,2026-09-23,RGOOGLUSDT,spot,GOOGL,354.87,354.9,354.885,0.8453,80.0,59.0,354.95,32356457.2695
2026-09-22T16:00:37.183Z,1790092837183,2026-09-23,GOOGLUSDT,perp,GOOGL,355.25,355.27,355.26,0.563,141.75,3.37,355.23,8045844.427
2026-09-22T16:00:37.183Z,1790092837183,2026-09-23,RSPYUSDT,spot,SPY,773.18,773.2,773.19,0.2587,60.0,855.0,773.2,25642962.6714
2026-09-22T16:00:37.183Z,1790092837183,2026-09-23,SPYUSDT,perp,SPY,773.64,773.65,773.645,0.1293,0.62,1599.41,773.47,1524651.0063
2026-09-22T16:00:37.183Z,1790092837183,2026-09-23,RQQQUSDT,spot,QQQ,744.59,744.62,744.605,0.4029,295.0,40.0,744.63,25242173.5248
2026-09-22T16:00:37.183Z,1790092837183,2026-09-23,QQQUSDT,perp,QQQ,745.05,745.06,745.055,0.1342,73.16,14.09,745.12,5730687.9735
2026-09-22T16:00:37.183Z,1790092837183,2026-09-23,RSOXLUSDT,spot,SOXL,147.72,147.78,147.75,4.0609,70.0,110.0,147.76,5871196.7836
2026-09-22T16:00:37.183Z,1790092837183,2026-09-23,SOXLUSDT,perp,SOXL,147.79,147.8,147.79500000000002,0.6766,171.3,1.18,147.81,176944204.8151
2026-09-22T16:00:37.183Z,1790092837183,2026-09-23,RHOODUSDT,spot,HOOD,124.82,124.85,124.835,2.4032,20.0,101.0,124.84,1726256.0318
2026-09-22T16:00:37.183Z,1790092837183,2026-09-23,HOODUSDT,perp,HOOD,124.94,124.99,124.965,4.0011,13.0,767.06,125.05,8684575.2982
2026-09-22T16:00:37.183Z,1790092837183,2026-09-23,RMRVLUSDT,spot,MRVL,262.39,262.52,262.455,4.9532,3.0,21.0,262.49,1901925.99
2026-09-22T16:00:37.183Z,1790092837183,2026-09-23,MRVLUSDT,perp,MRVL,262.59,262.64,262.615,1.9039,0.03,3.57,262.72,18672082.7056
2026-09-22T16:01:37.195Z,1790092897195,2026-09-23,RTSLAUSDT,spot,TSLA,376.61,376.7,376.655,2.3895,17.0,126.0,376.66,34261883.4259
2026-09-22T16:01:37.195Z,1790092897195,2026-09-23,TSLAUSDT,perp,TSLA,376.79,376.8,376.795,0.2654,48.35,0.81,376.8,18879992.3198
2026-09-22T16:01:37.195Z,1790092897195,2026-09-23,RNVDAUSDT,spot,NVDA,228.44,228.45,228.445,0.4377,244.0,20.0,228.45,34762421.16897499
2026-09-22T16:01:37.195Z,1790092897195,2026-09-23,NVDAUSDT,perp,NVDA,228.59,228.6,228.595,0.4375,7.21,114.56,228.58,13308346.8542
2026-09-22T16:01:37.195Z,1790092897195,2026-09-23,RAAPLUSDT,spot,AAPL,341.88,341.92,341.9,1.1699,33.0,23.0,341.9,12295455.0644
2026-09-22T16:01:37.195Z,1790092897195,2026-09-23,AAPLUSDT,perp,AAPL,342.03,342.04,342.03499999999997,0.2924,0.76,18.28,341.93,5727273.5868
2026-09-22T16:01:37.195Z,1790092897195,2026-09-23,RMETAUSDT,spot,META,749.52,749.82,749.6700000000001,4.0018,3.0,97.0,749.63,108078805.1348
2026-09-22T16:01:37.195Z,1790092897195,2026-09-23,METAUSDT,perp,META,749.91,749.98,749.9449999999999,0.9334,0.8,0.16,749.9,13298234.3178
2026-09-22T16:01:37.195Z,1790092897195,2026-09-23,RGOOGLUSDT,spot,GOOGL,354.38,354.43,354.405,1.4108,35.0,80.0,354.45,57973235.8431
2026-09-22T16:01:37.195Z,1790092897195,2026-09-23,GOOGLUSDT,perp,GOOGL,354.69,354.7,354.695,0.2819,10.58,0.08,354.74,8084880.11
2026-09-22T16:01:37.195Z,1790092897195,2026-09-23,RSPYUSDT,spot,SPY,772.89,772.92,772.905,0.3881,140.0,2235.0,772.92,40230032.75525224
2026-09-22T16:01:37.195Z,1790092897195,2026-09-23,SPYUSDT,perp,SPY,773.39,773.4,773.395,0.1293,0.37,774.58,773.47,1524589.3159
2026-09-22T16:01:37.195Z,1790092897195,2026-09-23,RQQQUSDT,spot,QQQ,744.22,744.24,744.23,0.2687,21.0,406.0,744.26,35985461.5418
2026-09-22T16:01:37.195Z,1790092897195,2026-09-23,QQQUSDT,perp,QQQ,744.66,744.67,744.665,0.1343,8.34,4.96,744.8,5730573.8125
2026-09-22T16:01:37.195Z,1790092897195,2026-09-23,RSOXLUSDT,spot,SOXL,147.66,147.7,147.68,2.7086,120.0,112.0,147.73,12256027.1338
2026-09-22T16:01:37.195Z,1790092897195,2026-09-23,SOXLUSDT,perp,SOXL,147.72,147.73,147.725,0.6769,73.91,1.78,147.71,176908819.5549
2026-09-22T16:01:37.195Z,1790092897195,2026-09-23,RHOODUSDT,spot,HOOD,124.7,124.76,124.73,4.8104,500.0,20.0,124.74,8103437.1796
2026-09-22T16:01:37.195Z,1790092897195,2026-09-23,HOODUSDT,perp,HOOD,124.83,124.84,124.83500000000001,0.8011,35.86,52.09,124.84,8684755.6153
2026-09-22T16:01:37.195Z,1790092897195,2026-09-23,RMRVLUSDT,spot,MRVL,262.32,262.46,262.39,5.3356,8.0,336.0,262.39,4245575.783721049
2026-09-22T16:01:37.195Z,1790092897195,2026-09-23,MRVLUSDT,perp,MRVL,262.55,262.56,262.555,0.3809,18.36,828.0,262.48,18653754.8988
2026-09-22T16:02:37.207Z,1790092957207,2026-09-23,RTSLAUSDT,spot,TSLA,376.6,376.65,376.625,1.3276,102.0,40.0,376.67,45717421.1723
2026-09-22T16:02:37.207Z,1790092957207,2026-09-23,TSLAUSDT,perp,TSLA,376.8,376.81,376.805,0.2654,34.85,0.38,376.81,18880568.6447
2026-09-22T16:02:37.207Z,1790092957207,2026-09-23,RNVDAUSDT,spot,NVDA,228.36,228.39,228.375,1.3136,193.0,279.0,228.38,45069512.93557499
2026-09-22T16:02:37.207Z,1790092957207,2026-09-23,NVDAUSDT,perp,NVDA,228.55,228.56,228.555,0.4375,5.15,117.49,228.56,13305116.6699
2026-09-22T16:02:37.207Z,1790092957207,2026-09-23,RAAPLUSDT,spot,AAPL,342.08,342.16,342.12,2.3384,19.0,47.0,342.06,31780260.5657
2026-09-22T16:02:37.207Z,1790092957207,2026-09-23,AAPLUSDT,perp,AAPL,342.24,342.25,342.245,0.2922,0.75,9.27,342.2,5732899.3792
2026-09-22T16:02:37.207Z,1790092957207,2026-09-23,RMETAUSDT,spot,META,746.6,746.85,746.725,3.348,120.0,151.0,747.3,194060897.986
2026-09-22T16:02:37.207Z,1790092957207,2026-09-23,METAUSDT,perp,META,747.58,747.67,747.625,1.2038,4.03,0.02,747.23,13315700.6736
2026-09-22T16:02:37.207Z,1790092957207,2026-09-23,RGOOGLUSDT,spot,GOOGL,354.43,354.47,354.45000000000005,1.1285,110.0,120.0,354.45,87021801.5596
2026-09-22T16:02:37.207Z,1790092957207,2026-09-23,GOOGLUSDT,perp,GOOGL,354.79,354.8,354.795,0.2819,42.37,0.08,354.81,8105621.866
2026-09-22T16:02:37.207Z,1790092957207,2026-09-23,RSPYUSDT,spot,SPY,772.91,772.93,772.92,0.2588,275.0,210.0,772.93,72496051.64755224
2026-09-22T16:02:37.207Z,1790092957207,2026-09-23,SPYUSDT,perp,SPY,773.4,773.41,773.405,0.1293,0.98,2435.27,773.47,1524481.3287
2026-09-22T16:02:37.207Z,1790092957207,2026-09-23,RQQQUSDT,spot,QQQ,744.23,744.26,744.245,0.4031,85.0,890.0,744.25,56063319.6878
2026-09-22T16:02:37.207Z,1790092957207,2026-09-23,QQQUSDT,perp,QQQ,744.75,744.76,744.755,0.1343,70.98,8.96,744.8,5717679.5383
2026-09-22T16:02:37.207Z,1790092957207,2026-09-23,RSOXLUSDT,spot,SOXL,147.66,147.72,147.69,4.0626,170.0,140.0,147.71,21700428.5662
2026-09-22T16:02:37.207Z,1790092957207,2026-09-23,SOXLUSDT,perp,SOXL,147.71,147.73,147.72,1.3539,82.69,37.34,147.76,176856835.9091
2026-09-22T16:02:37.207Z,1790092957207,2026-09-23,RHOODUSDT,spot,HOOD,124.39,124.43,124.41,3.2152,525.0,370.0,124.43,10617150.0468
2026-09-22T16:02:37.207Z,1790092957207,2026-09-23,HOODUSDT,perp,HOOD,124.42,124.43,124.42500000000001,0.8037,0.05,44.75,124.44,8708018.3025
2026-09-22T16:02:37.207Z,1790092957207,2026-09-23,RMRVLUSDT,spot,MRVL,262.58,262.79,262.685,7.9944,100.0,50.0,262.72,5953453.99172105
2026-09-22T16:02:37.207Z,1790092957207,2026-09-23,MRVLUSDT,perp,MRVL,262.85,262.86,262.855,0.3804,35.88,4.62,262.94,18646995.5484
2026-09-22T16:03:37.209Z,1790093017209,2026-09-23,RTSLAUSDT,spot,TSLA,376.81,376.91,376.86,2.6535,3.0,45.0,376.86,55937648.524
2026-09-22T16:03:37.209Z,1790093017209,2026-09-23,TSLAUSDT,perp,TSLA,377.08,377.1,377.09000000000003,0.5304,264.06,74.28,377.17,18889894.1138
2026-09-22T16:03:37.209Z,1790093017209,2026-09-23,RNVDAUSDT,spot,NVDA,228.35,228.37,228.36,0.8758,324.0,174.0,228.35,73680702.098375
2026-09-22T16:03:37.209Z,1790093017209,2026-09-23,NVDAUSDT,perp,NVDA,228.51,228.52,228.515,0.4376,52.92,182.29,228.49,13302272.1838
2026-09-22T16:03:37.209Z,1790093017209,2026-09-23,RAAPLUSDT,spot,AAPL,342.32,342.35,342.33500000000004,0.8763,120.0,1.0,342.29,41879381.6746
2026-09-22T16:03:37.209Z,1790093017209,2026-09-23,AAPLUSDT,perp,AAPL,342.44,342.45,342.445,0.292,0.85,27.19,342.38,5734613.4781
2026-09-22T16:03:37.209Z,1790093017209,2026-09-23,RMETAUSDT,spot,META,749.21,749.66,749.435,6.0045,622.0,49.0,749.44,332798426.8693
2026-09-22T16:03:37.209Z,1790093017209,2026-09-23,METAUSDT,perp,META,750.03,750.16,750.095,1.7331,4.81,0.03,750.01,13353159.9003
2026-09-22T16:03:37.209Z,1790093017209,2026-09-23,RGOOGLUSDT,spot,GOOGL,354.63,354.66,354.645,0.8459,1.0,80.0,354.61,111962610.3408
2026-09-22T16:03:37.209Z,1790093017209,2026-09-23,GOOGLUSDT,perp,GOOGL,354.91,354.92,354.915,0.2818,118.88,3.37,354.94,8105961.8635
2026-09-22T16:03:37.209Z,1790093017209,2026-09-23,RSPYUSDT,spot,SPY,772.98,773.0,772.99,0.2587,435.0,40.0,772.99,82426645.63685223
2026-09-22T16:03:37.209Z,1790093017209,2026-09-23,SPYUSDT,perp,SPY,773.46,773.47,773.465,0.1293,0.38,3657.1,773.39,1524411.9419
2026-09-22T16:03:37.209Z,1790093017209,2026-09-23,RQQQUSDT,spot,QQQ,744.37,744.4,744.385,0.403,90.0,900.0,744.34,70230855.0159
2026-09-22T16:03:37.209Z,1790093017209,2026-09-23,QQQUSDT,perp,QQQ,744.82,744.83,744.825,0.1343,2.93,13.86,744.73,5707490.0245
2026-09-22T16:03:37.209Z,1790093017209,2026-09-23,RSOXLUSDT,spot,SOXL,147.63,147.67,147.64999999999998,2.7091,50.0,14.0,147.61,27001050.3352
2026-09-22T16:03:37.209Z,1790093017209,2026-09-23,SOXLUSDT,perp,SOXL,147.68,147.69,147.685,0.6771,281.08,73.26,147.71,176848453.3558
2026-09-22T16:03:37.209Z,1790093017209,2026-09-23,RHOODUSDT,spot,HOOD,124.11,124.15,124.13,3.2224,22.0,63.0,124.16,15281595.479
2026-09-22T16:03:37.209Z,1790093017209,2026-09-23,HOODUSDT,perp,HOOD,124.24,124.25,124.245,0.8049,17.77,73.31,124.3,8719339.7512
2026-09-22T16:03:37.209Z,1790093017209,2026-09-23,RMRVLUSDT,spot,MRVL,262.8,262.98,262.89,6.847,60.0,15.0,262.83,7443425.739321049
2026-09-22T16:03:37.209Z,1790093017209,2026-09-23,MRVLUSDT,perp,MRVL,263.04,263.07,263.055,1.1404,337.32,4.65,263.05,18648295.1599
2026-09-22T16:04:37.217Z,1790093077217,2026-09-23,RTSLAUSDT,spot,TSLA,376.92,376.96,376.94,1.0612,1.0,500.0,376.94,67300017.7561
2026-09-22T16:04:37.217Z,1790093077217,2026-09-23,TSLAUSDT,perp,TSLA,377.1,377.12,377.11,0.5303,177.82,0.82,377.11,18901071.2075
2026-09-22T16:04:37.217Z,1790093077217,2026-09-23,RNVDAUSDT,spot,NVDA,228.43,228.44,228.435,0.4378,102.0,21.0,228.46,96043164.78717498
2026-09-22T16:04:37.217Z,1790093077217,2026-09-23,NVDAUSDT,perp,NVDA,228.58,228.59,228.585,0.4375,50.36,45.79,228.6,13301380.4792
2026-09-22T16:04:37.217Z,1790093077217,2026-09-23,RAAPLUSDT,spot,AAPL,342.3,342.35,342.32500000000005,1.4606,300.0,20.0,342.31,49427050.0536
2026-09-22T16:04:37.217Z,1790093077217,2026-09-23,AAPLUSDT,perp,AAPL,342.49,342.5,342.495,0.292,18.88,0.06,342.35,5743789.6762
2026-09-22T16:04:37.217Z,1790093077217,2026-09-23,RMETAUSDT,spot,META,748.56,748.78,748.67,2.9385,284.0,329.0,748.59,420763957.6303
2026-09-22T16:04:37.217Z,1790093077217,2026-09-23,METAUSDT,perp,META,749.1,749.35,749.225,3.3368,110.56,0.02,749.22,13416482.9024
2026-09-22T16:04:37.217Z,1790093077217,2026-09-23,RGOOGLUSDT,spot,GOOGL,354.67,354.74,354.70500000000004,1.9735,37.0,30.0,354.71,129667318.3306
2026-09-22T16:04:37.217Z,1790093077217,2026-09-23,GOOGLUSDT,perp,GOOGL,354.97,355.01,354.99,1.1268,108.0,8.54,354.99,8108929.172
2026-09-22T16:04:37.217Z,1790093077217,2026-09-23,RSPYUSDT,spot,SPY,773.0,773.02,773.01,0.2587,60.0,915.0,773.0,91322072.40625224
2026-09-22T16:04:37.217Z,1790093077217,2026-09-23,SPYUSDT,perp,SPY,773.48,773.49,773.485,0.1293,0.91,2464.85,773.39,1524388.7961
2026-09-22T16:04:37.217Z,1790093077217,2026-09-23,RQQQUSDT,spot,QQQ,744.45,744.47,744.46,0.2687,140.0,81.0,744.46,81383393.6636
2026-09-22T16:04:37.217Z,1790093077217,2026-09-23,QQQUSDT,perp,QQQ,744.91,744.92,744.915,0.1342,130.08,4.87,744.73,5696842.4947
2026-09-22T16:04:37.217Z,1790093077217,2026-09-23,RSOXLUSDT,spot,SOXL,147.61,147.66,147.635,3.3867,40.0,70.0,147.72,35996098.5569
2026-09-22T16:04:37.217Z,1790093077217,2026-09-23,SOXLUSDT,perp,SOXL,147.72,147.73,147.725,0.6769,71.01,5.93,147.72,176783179.1822
2026-09-22T16:04:37.217Z,1790093077217,2026-09-23,RHOODUSDT,spot,HOOD,124.21,124.26,124.235,4.0246,185.0,36.0,124.27,17553785.8766
2026-09-22T16:04:37.217Z,1790093077217,2026-09-23,HOODUSDT,perp,HOOD,124.36,124.37,124.36500000000001,0.8041,6.2,49.81,124.43,8728111.6399
2026-09-22T16:04:37.217Z,1790093077217,2026-09-23,RMRVLUSDT,spot,MRVL,262.87,263.12,262.995,9.5059,41.0,10.0,262.93,15638787.64292105
2026-09-22T16:04:37.217Z,1790093077217,2026-09-23,MRVLUSDT,perp,MRVL,263.15,263.19,263.16999999999996,1.5199,334.37,3.15,263.19,18655068.6552
2026-09-22T16:05:37.229Z,1790093137229,2026-09-23,RTSLAUSDT,spot,TSLA,376.86,376.96,376.90999999999997,2.6532,207.0,100.0,376.91,77784311.5971
2026-09-22T16:05:37.229Z,1790093137229,2026-09-23,TSLAUSDT,perp,TSLA,377.07,377.11,377.09000000000003,1.0608,16.24,0.21,377.06,18893337.8166
2026-09-22T16:05:37.229Z,1790093137229,2026-09-23,RNVDAUSDT,spot,NVDA,228.4,228.42,228.41,0.8756,649.0,260.0,228.41,109544838.203375
2026-09-22T16:05:37.229Z,1790093137229,2026-09-23,NVDAUSDT,perp,NVDA,228.56,228.57,228.565,0.4375,4.99,176.64,228.58,13294080.3132
2026-09-22T16:05:37.229Z,1790093137229,2026-09-23,RAAPLUSDT,spot,AAPL,342.34,342.4,342.37,1.7525,65.0,106.0,342.41,59372137.0176
2026-09-22T16:05:37.229Z,1790093137229,2026-09-23,AAPLUSDT,perp,AAPL,342.42,342.43,342.425,0.292,757.59,1.3,342.43,5769587.6859
2026-09-22T16:05:37.229Z,1790093137229,2026-09-23,RMETAUSDT,spot,META,747.51,748.05,747.78,7.2214,34.0,10.0,747.79,491340576.8113
2026-09-22T16:05:37.229Z,1790093137229,2026-09-23,METAUSDT,perp,META,748.27,748.32,748.2950000000001,0.6682,187.2,0.02,748.09,13434697.3414
2026-09-22T16:05:37.229Z,1790093137229,2026-09-23,RGOOGLUSDT,spot,GOOGL,354.59,354.62,354.605,0.846,10.0,12.0,354.64,137316689.6424
2026-09-22T16:05:37.229Z,1790093137229,2026-09-23,GOOGLUSDT,perp,GOOGL,354.92,354.94,354.93,0.5635,113.4,0.08,354.9,8100609.9896
2026-09-22T16:05:37.229Z,1790093137229,2026-09-23,RSPYUSDT,spot,SPY,772.93,772.95,772.94,0.2588,20.0,815.0,772.95,106318163.93185224
2026-09-22T16:05:37.229Z,1790093137229,2026-09-23,SPYUSDT,perp,SPY,773.48,773.49,773.485,0.1293,0.37,2472.61,773.5,1519429.477
2026-09-22T16:05:37.229Z,1790093137229,2026-09-23,RQQQUSDT,spot,QQQ,744.47,744.5,744.485,0.403,215.0,190.0,744.51,97359785.317
2026-09-22T16:05:37.229Z,1790093137229,2026-09-23,QQQUSDT,perp,QQQ,744.93,744.94,744.935,0.1342,82.88,3.99,744.73,5683005.3984
2026-09-22T16:05:37.229Z,1790093137229,2026-09-23,RSOXLUSDT,spot,SOXL,147.75,147.79,147.76999999999998,2.7069,60.0,62.0,147.76,38684634.6429
2026-09-22T16:05:37.229Z,1790093137229,2026-09-23,SOXLUSDT,perp,SOXL,147.77,147.79,147.78,1.3534,122.05,78.6,147.81,176724215.7017
2026-09-22T16:05:37.229Z,1790093137229,2026-09-23,RHOODUSDT,spot,HOOD,124.12,124.16,124.14,3.2222,500.0,205.0,124.15,19303634.2108
2026-09-22T16:05:37.229Z,1790093137229,2026-09-23,HOODUSDT,perp,HOOD,124.25,124.27,124.25999999999999,1.6095,155.9,37.76,124.43,8726275.7219
2026-09-22T16:05:37.229Z,1790093137229,2026-09-23,RMRVLUSDT,spot,MRVL,263.19,263.34,263.265,5.6977,106.0,30.0,263.3,17774061.569121048
2026-09-22T16:05:37.229Z,1790093137229,2026-09-23,MRVLUSDT,perp,MRVL,263.35,263.37,263.36,0.7594,0.63,706.85,263.28,18652469.0786
2026-09-22T16:06:37.237Z,1790093197237,2026-09-23,RTSLAUSDT,spot,TSLA,376.87,376.94,376.905,1.8572,1176.0,107.0,376.94,97561382.3308
2026-09-22T16:06:37.237Z,1790093197237,2026-09-23,TSLAUSDT,perp,TSLA,377.14,377.15,377.145,0.2652,0.07,74.27,377.13,18907231.4781
2026-09-22T16:06:37.237Z,1790093197237,2026-09-23,RNVDAUSDT,spot,NVDA,228.44,228.45,228.445,0.4377,51.0,153.0,228.44,122492523.11727498
2026-09-22T16:06:37.237Z,1790093197237,2026-09-23,NVDAUSDT,perp,NVDA,228.59,228.6,228.595,0.4375,34.58,142.51,228.58,13292688.4539
2026-09-22T16:06:37.237Z,1790093197237,2026-09-23,RAAPLUSDT,spot,AAPL,342.27,342.31,342.28999999999996,1.1686,1.0,60.0,342.28,77571892.4336
2026-09-22T16:06:37.237Z,1790093197237,2026-09-23,AAPLUSDT,perp,AAPL,342.36,342.37,342.365,0.2921,691.51,0.16,342.39,5783608.0466
2026-09-22T16:06:37.237Z,1790093197237,2026-09-23,RMETAUSDT,spot,META,747.71,748.08,747.895,4.9472,25.0,10.0,747.95,516431191.5071
2026-09-22T16:06:37.237Z,1790093197237,2026-09-23,METAUSDT,perp,META,748.56,748.72,748.64,2.1372,0.05,0.26,748.45,13422579.2442
2026-09-22T16:06:37.237Z,1790093197237,2026-09-23,RGOOGLUSDT,spot,GOOGL,354.48,354.53,354.505,1.4104,35.0,165.0,354.49,148825493.8482
2026-09-22T16:06:37.237Z,1790093197237,2026-09-23,GOOGLUSDT,perp,GOOGL,354.79,354.8,354.795,0.2819,104.03,8.46,354.78,8102619.9616
2026-09-22T16:06:37.237Z,1790093197237,2026-09-23,RSPYUSDT,spot,SPY,772.98,773.0,772.99,0.2587,121.0,120.0,772.96,127073432.34145224
2026-09-22T16:06:37.237Z,1790093197237,2026-09-23,SPYUSDT,perp,SPY,773.44,773.47,773.455,0.3879,0.6,3807.57,773.43,1518597.0124
2026-09-22T16:06:37.237Z,1790093197237,2026-09-23,RQQQUSDT,spot,QQQ,744.61,744.63,744.62,0.2686,140.0,216.0,744.61,114000915.9202
2026-09-22T16:06:37.237Z,1790093197237,2026-09-23,QQQUSDT,perp,QQQ,745.01,745.02,745.015,0.1342,122.18,10.64,744.99,5779737.5408
2026-09-22T16:06:37.237Z,1790093197237,2026-09-23,RSOXLUSDT,spot,SOXL,148.0,148.04,148.01999999999998,2.7023,170.0,80.0,148.03,53022523.4797
2026-09-22T16:06:37.237Z,1790093197237,2026-09-23,SOXLUSDT,perp,SOXL,148.08,148.09,148.085,0.6753,11.0,48.19,148.09,176748295.2683
2026-09-22T16:06:37.237Z,1790093197237,2026-09-23,RHOODUSDT,spot,HOOD,124.07,124.12,124.095,4.0292,565.0,20.0,124.02,21625713.9607
2026-09-22T16:06:37.237Z,1790093197237,2026-09-23,HOODUSDT,perp,HOOD,124.24,124.29,124.265,4.0237,5.0,868.87,124.15,8725307.6238
2026-09-22T16:06:37.237Z,1790093197237,2026-09-23,RMRVLUSDT,spot,MRVL,263.51,263.63,263.57,4.5529,17.0,166.0,263.53,26359608.79812105
2026-09-22T16:06:37.237Z,1790093197237,2026-09-23,MRVLUSDT,perp,MRVL,263.67,263.69,263.68,0.7585,0.84,400.5,263.67,18652513.7588
2026-09-22T16:07:37.250Z,1790093257250,2026-09-23,RTSLAUSDT,spot,TSLA,376.98,377.02,377.0,1.061,8.0,1.0,377.03,114886043.5284
2026-09-22T16:07:37.250Z,1790093257250,2026-09-23,TSLAUSDT,perp,TSLA,377.18,377.19,377.185,0.2651,16.31,0.21,377.19,18866783.9224
2026-09-22T16:07:37.250Z,1790093257250,2026-09-23,RNVDAUSDT,spot,NVDA,228.59,228.6,228.595,0.4375,256.0,490.0,228.6,145445230.725375
2026-09-22T16:07:37.250Z,1790093257250,2026-09-23,NVDAUSDT,perp,NVDA,228.74,228.75,228.745,0.4372,4.22,451.93,228.63,13284141.4848
2026-09-22T16:07:37.250Z,1790093257250,2026-09-23,RAAPLUSDT,spot,AAPL,342.46,342.5,342.48,1.168,20.0,552.0,342.46,82166654.1698
2026-09-22T16:07:37.250Z,1790093257250,2026-09-23,AAPLUSDT,perp,AAPL,342.53,342.54,342.53499999999997,0.2919,547.93,0.75,342.53,5789708.6953
2026-09-22T16:07:37.250Z,1790093257250,2026-09-23,RMETAUSDT,spot,META,748.21,748.5,748.355,3.8752,1.0,91.0,748.53,528092508.6032
2026-09-22T16:07:37.250Z,1790093257250,2026-09-23,METAUSDT,perp,META,748.64,748.7,748.6700000000001,0.8014,0.8,0.02,748.63,13420445.415
2026-09-22T16:07:37.250Z,1790093257250,2026-09-23,RGOOGLUSDT,spot,GOOGL,354.02,354.06,354.03999999999996,1.1298,5.0,20.0,354.05,176103217.5736
2026-09-22T16:07:37.250Z,1790093257250,2026-09-23,GOOGLUSDT,perp,GOOGL,354.35,354.37,354.36,0.5644,258.98,11.92,354.33,8106674.1266
2026-09-22T16:07:37.250Z,1790093257250,2026-09-23,RSPYUSDT,spot,SPY,773.19,773.21,773.2,0.2587,410.0,82.0,773.2,156913952.84405223
2026-09-22T16:07:37.250Z,1790093257250,2026-09-23,SPYUSDT,perp,SPY,773.68,773.69,773.685,0.1293,0.37,3697.38,773.6,1512160.6719
2026-09-22T16:07:37.250Z,1790093257250,2026-09-23,RQQQUSDT,spot,QQQ,744.89,744.92,744.905,0.4027,140.0,615.0,744.89,132240371.2726
2026-09-22T16:07:37.250Z,1790093257250,2026-09-23,QQQUSDT,perp,QQQ,745.29,745.3,745.295,0.1342,9.45,10.62,745.28,5747961.9242
2026-09-22T16:07:37.250Z,1790093257250,2026-09-23,RSOXLUSDT,spot,SOXL,148.28,148.3,148.29000000000002,1.3487,110.0,60.0,148.29,66878338.0918
2026-09-22T16:07:37.250Z,1790093257250,2026-09-23,SOXLUSDT,perp,SOXL,148.38,148.39,148.385,0.6739,0.1,1396.28,148.37,176404515.2082
2026-09-22T16:07:37.250Z,1790093257250,2026-09-23,RHOODUSDT,spot,HOOD,124.07,124.1,124.085,2.4177,2.0,101.0,124.09,23806258.6407
2026-09-22T16:07:37.250Z,1790093257250,2026-09-23,HOODUSDT,perp,HOOD,124.22,124.25,124.235,2.4148,61.72,386.6,124.32,8719077.0675
2026-09-22T16:07:37.250Z,1790093257250,2026-09-23,RMRVLUSDT,spot,MRVL,263.61,263.66,263.635,1.8966,28.0,150.0,263.66,31312819.07912105
2026-09-22T16:07:37.250Z,1790093257250,2026-09-23,MRVLUSDT,perp,MRVL,263.78,263.79,263.78499999999997,0.3791,0.42,904.5,263.74,18625819.7746
2026-09-22T16:08:37.262Z,1790093317262,2026-09-23,TSLAUSDT,perp,TSLA,377.19,377.21,377.2,0.5302,0.07,0.21,377.26,18845659.1501
2026-09-22T16:08:37.262Z,1790093317262,2026-09-23,RNVDAUSDT,spot,NVDA,228.67,228.68,228.675,0.4373,19.0,262.0,228.67,171835033.09527498
2026-09-22T16:08:37.262Z,1790093317262,2026-09-23,NVDAUSDT,perp,NVDA,228.8,228.81,228.805,0.4371,329.58,50.62,228.8,13285235.7915
2026-09-22T16:08:37.262Z,1790093317262,2026-09-23,RAAPLUSDT,spot,AAPL,342.32,342.39,342.355,2.0447,125.0,100.0,342.45,99948495.5747
2026-09-22T16:08:37.262Z,1790093317262,2026-09-23,AAPLUSDT,perp,AAPL,342.46,342.47,342.46500000000003,0.292,0.82,27.2,342.51,5796061.4358
2026-09-22T16:08:37.262Z,1790093317262,2026-09-23,RMETAUSDT,spot,META,747.75,748.25,748.0,6.6845,80.0,58.0,748.28,575219501.9682
2026-09-22T16:08:37.262Z,1790093317262,2026-09-23,METAUSDT,perp,META,748.51,748.52,748.515,0.1336,342.0,0.04,748.52,13432079.2696
2026-09-22T16:08:37.262Z,1790093317262,2026-09-23,RGOOGLUSDT,spot,GOOGL,353.83,353.89,353.86,1.6956,10.0,45.0,353.85,204731040.473
2026-09-22T16:08:37.262Z,1790093317262,2026-09-23,GOOGLUSDT,perp,GOOGL,354.19,354.2,354.195,0.2823,108.0,8.22,354.19,8113540.3623
2026-09-22T16:08:37.262Z,1790093317262,2026-09-23,RSPYUSDT,spot,SPY,773.25,773.27,773.26,0.2586,80.0,336.0,773.28,191003772.26655224
2026-09-22T16:08:37.262Z,1790093317262,2026-09-23,SPYUSDT,perp,SPY,773.75,773.76,773.755,0.1292,0.86,2666.75,773.74,1512137.5398
2026-09-22T16:08:37.262Z,1790093317262,2026-09-23,RQQQUSDT,spot,QQQ,744.99,745.01,745.0,0.2685,180.0,190.0,745.0,173564200.016
2026-09-22T16:08:37.262Z,1790093317262,2026-09-23,QQQUSDT,perp,QQQ,745.39,745.4,745.395,0.1342,1.07,5.72,745.39,5753090.0257
2026-09-22T16:08:37.262Z,1790093317262,2026-09-23,RSOXLUSDT,spot,SOXL,148.23,148.26,148.245,2.0237,420.0,40.0,148.26,85011161.0558
2026-09-22T16:08:37.262Z,1790093317262,2026-09-23,SOXLUSDT,perp,SOXL,148.26,148.27,148.265,0.6745,15.53,35.13,148.26,176473277.0731
2026-09-22T16:08:37.262Z,1790093317262,2026-09-23,RHOODUSDT,spot,HOOD,124.0,124.03,124.015,2.4191,490.0,153.0,124.01,27093835.438
2026-09-22T16:08:37.262Z,1790093317262,2026-09-23,HOODUSDT,perp,HOOD,124.16,124.17,124.16499999999999,0.8054,4.99,394.82,124.09,8720914.4371
2026-09-22T16:08:37.262Z,1790093317262,2026-09-23,RMRVLUSDT,spot,MRVL,263.39,263.55,263.47,6.0728,10.0,20.0,263.46,38308862.95362105
2026-09-22T16:08:37.262Z,1790093317262,2026-09-23,MRVLUSDT,perp,MRVL,263.57,263.59,263.58,0.7588,0.11,735.9,263.6,18637524.9877
2026-09-22T16:09:37.274Z,1790093377274,2026-09-23,RTSLAUSDT,spot,TSLA,377.24,377.3,377.27,1.5904,165.0,535.0,377.3,159515887.2189
2026-09-22T16:09:37.274Z,1790093377274,2026-09-23,TSLAUSDT,perp,TSLA,377.28,377.29,377.28499999999997,0.2651,0.27,0.21,377.35,18757437.7419
2026-09-22T16:09:37.274Z,1790093377274,2026-09-23,RNVDAUSDT,spot,NVDA,228.73,228.74,228.735,0.4372,56.0,40.0,228.74,185201249.366575
2026-09-22T16:09:37.274Z,1790093377274,2026-09-23,NVDAUSDT,perp,NVDA,228.85,228.86,228.85500000000002,0.437,407.73,188.46,228.85,13285866.6141
2026-09-22T16:09:37.274Z,1790093377274,2026-09-23,RAAPLUSDT,spot,AAPL,342.35,342.39,342.37,1.1683,536.0,20.0,342.38,108180943.3861
2026-09-22T16:09:37.274Z,1790093377274,2026-09-23,AAPLUSDT,perp,AAPL,342.42,342.43,342.425,0.292,0.83,18.39,342.39,5798507.8336
2026-09-22T16:09:37.274Z,1790093377274,2026-09-23,RMETAUSDT,spot,META,748.08,748.57,748.325,6.548,120.0,111.0,748.37,602458197.3845
2026-09-22T16:09:37.274Z,1790093377274,2026-09-23,METAUSDT,perp,META,748.93,748.95,748.94,0.267,194.4,2.02,748.69,13440750.6645
2026-09-22T16:09:37.274Z,1790093377274,2026-09-23,RGOOGLUSDT,spot,GOOGL,354.26,354.29,354.275,0.8468,50.0,10.0,354.28,223111650.7505
2026-09-22T16:09:37.274Z,1790093377274,2026-09-23,GOOGLUSDT,perp,GOOGL,354.5,354.54,354.52,1.1283,14.0,94.43,354.49,8119375.5017
2026-09-22T16:09:37.274Z,1790093377274,2026-09-23,RSPYUSDT,spot,SPY,773.38,773.4,773.39,0.2586,355.0,260.0,773.38,208059226.60345224
2026-09-22T16:09:37.274Z,1790093377274,2026-09-23,SPYUSDT,perp,SPY,773.79,773.8,773.795,0.1292,0.8,2122.89,773.83,1509397.4098
2026-09-22T16:09:37.274Z,1790093377274,2026-09-23,RQQQUSDT,spot,QQQ,745.11,745.12,745.115,0.1342,1.0,5.0,745.11,309760191.7598
2026-09-22T16:09:37.274Z,1790093377274,2026-09-23,QQQUSDT,perp,QQQ,745.46,745.47,745.465,0.1341,78.17,10.68,745.39,5751258.0158
2026-09-22T16:09:37.274Z,1790093377274,2026-09-23,RSOXLUSDT,spot,SOXL,148.18,148.21,148.195,2.0244,110.0,4.0,148.2,96832442.7095
2026-09-22T16:09:37.274Z,1790093377274,2026-09-23,SOXLUSDT,perp,SOXL,148.28,148.29,148.285,0.6744,0.09,1518.08,148.28,176437104.9169
2026-09-22T16:09:37.274Z,1790093377274,2026-09-23,RHOODUSDT,spot,HOOD,123.81,123.86,123.83500000000001,4.0376,627.0,20.0,123.85,30895940.589
2026-09-22T16:09:37.274Z,1790093377274,2026-09-23,HOODUSDT,perp,HOOD,123.97,124.01,123.99000000000001,3.2261,5.0,0.15,124.04,8728879.8086
2026-09-22T16:09:37.274Z,1790093377274,2026-09-23,RMRVLUSDT,spot,MRVL,263.3,263.39,263.345,3.4176,20.0,484.0,263.35,41754894.88362105
2026-09-22T16:09:37.274Z,1790093377274,2026-09-23,MRVLUSDT,perp,MRVL,263.48,263.51,263.495,1.1385,17.94,809.76,263.5,18629794.7866
2026-09-22T16:10:37.280Z,1790093437280,2026-09-23,RTSLAUSDT,spot,TSLA,376.88,376.96,376.91999999999996,2.1225,320.0,100.0,376.93,205231299.1718
2026-09-22T16:10:37.280Z,1790093437280,2026-09-23,TSLAUSDT,perp,TSLA,377.1,377.12,377.11,0.5303,32.18,14.19,377.08,18513496.0559
2026-09-22T16:10:37.280Z,1790093437280,2026-09-23,RNVDAUSDT,spot,NVDA,228.66,228.67,228.665,0.4373,162.0,140.0,228.67,216680689.98587498
2026-09-22T16:10:37.280Z,1790093437280,2026-09-23,NVDAUSDT,perp,NVDA,228.78,228.79,228.785,0.4371,68.83,5.34,228.82,13295113.2984
2026-09-22T16:10:37.280Z,1790093437280,2026-09-23,RAAPLUSDT,spot,AAPL,342.18,342.23,342.20500000000004,1.4611,20.0,3.0,342.19,122828154.7805
2026-09-22T16:10:37.280Z,1790093437280,2026-09-23,AAPLUSDT,perp,AAPL,342.27,342.28,342.275,0.2922,0.85,18.36,342.3,5828961.4225
2026-09-22T16:10:37.280Z,1790093437280,2026-09-23,RMETAUSDT,spot,META,750.51,750.7,750.605,2.5313,80.0,10.0,750.57,661556981.7379
2026-09-22T16:10:37.280Z,1790093437280,2026-09-23,METAUSDT,perp,META,750.83,751.05,750.94,2.9297,0.85,1.97,750.56,13455966.9212
2026-09-22T16:10:37.280Z,1790093437280,2026-09-23,RGOOGLUSDT,spot,GOOGL,354.09,354.14,354.115,1.412,27.0,105.0,354.09,233116740.6628
2026-09-22T16:10:37.280Z,1790093437280,2026-09-23,GOOGLUSDT,perp,GOOGL,354.33,354.37,354.35,1.1288,156.6,0.08,354.38,8139540.5896
2026-09-22T16:10:37.280Z,1790093437280,2026-09-23,RSPYUSDT,spot,SPY,773.27,773.28,773.275,0.1293,20.0,775.0,773.29,271609422.12625223
2026-09-22T16:10:37.280Z,1790093437280,2026-09-23,SPYUSDT,perp,SPY,773.73,773.74,773.735,0.1292,3.92,2282.25,773.68,1515726.9877
2026-09-22T16:10:37.280Z,1790093437280,2026-09-23,RQQQUSDT,spot,QQQ,745.03,745.06,745.045,0.4027,190.0,840.0,745.05,386867822.8976
2026-09-22T16:10:37.280Z,1790093437280,2026-09-23,QQQUSDT,perp,QQQ,745.41,745.42,745.415,0.1342,324.56,2.64,745.43,5762837.5778
2026-09-22T16:10:37.280Z,1790093437280,2026-09-23,RSOXLUSDT,spot,SOXL,148.12,148.15,148.135,2.0252,124.0,256.0,148.14,107764412.4998
2026-09-22T16:10:37.280Z,1790093437280,2026-09-23,SOXLUSDT,perp,SOXL,148.22,148.23,148.225,0.6747,23.65,1867.52,148.22,176710265.0569
2026-09-22T16:10:37.280Z,1790093437280,2026-09-23,RHOODUSDT,spot,HOOD,123.85,123.93,123.89,6.4573,565.0,20.0,123.83,33810704.7712
2026-09-22T16:10:37.280Z,1790093437280,2026-09-23,HOODUSDT,perp,HOOD,124.04,124.06,124.05000000000001,1.6123,138.59,19.97,124.03,8748133.4213
2026-09-22T16:10:37.280Z,1790093437280,2026-09-23,RMRVLUSDT,spot,MRVL,263.43,263.61,263.52,6.8306,110.0,25.0,263.49,47496343.53042105
2026-09-22T16:10:37.280Z,1790093437280,2026-09-23,MRVLUSDT,perp,MRVL,263.66,263.7,263.68,1.517,17.94,1092.98,263.68,18638298.6488
2026-09-22T16:11:37.291Z,1790093497291,2026-09-23,RTSLAUSDT,spot,TSLA,377.0,377.06,377.03,1.5914,8.0,80.0,377.02,226035938.5436
2026-09-22T16:11:37.291Z,1790093497291,2026-09-23,TSLAUSDT,perp,TSLA,377.13,377.15,377.14,0.5303,32.18,0.28,377.11,18504433.6716
2026-09-22T16:11:37.291Z,1790093497291,2026-09-23,RNVDAUSDT,spot,NVDA,228.63,228.64,228.635,0.4374,26.0,119.0,228.66,231717126.077075
2026-09-22T16:11:37.291Z,1790093497291,2026-09-23,NVDAUSDT,perp,NVDA,228.75,228.76,228.755,0.4371,27.55,10.4,228.76,13297758.5449
2026-09-22T16:11:37.291Z,1790093497291,2026-09-23,RAAPLUSDT,spot,AAPL,342.06,342.12,342.09000000000003,1.7539,5.0,111.0,342.1,131655052.4167
2026-09-22T16:11:37.291Z,1790093497291,2026-09-23,AAPLUSDT,perp,AAPL,342.19,342.2,342.195,0.2922,1.29,0.3,342.18,5834764.6441
2026-09-22T16:11:37.291Z,1790093497291,2026-09-23,RMETAUSDT,spot,META,749.68,750.0,749.8399999999999,4.2676,314.0,119.0,749.86,752170849.0962
2026-09-22T16:11:37.291Z,1790093497291,2026-09-23,METAUSDT,perp,META,750.18,750.31,750.2449999999999,1.7328,0.79,0.07,750.04,13502151.3142
2026-09-22T16:11:37.291Z,1790093497291,2026-09-23,RGOOGLUSDT,spot,GOOGL,353.71,353.76,353.735,1.4135,120.0,145.0,353.87,247213832.1338
2026-09-22T16:11:37.291Z,1790093497291,2026-09-23,GOOGLUSDT,perp,GOOGL,354.01,354.03,354.02,0.5649,0.22,3.38,354.01,8147520.5278
2026-09-22T16:11:37.291Z,1790093497291,2026-09-23,RSPYUSDT,spot,SPY,773.18,773.2,773.19,0.2587,160.0,120.0,773.2,287441160.40545225
2026-09-22T16:11:37.291Z,1790093497291,2026-09-23,SPYUSDT,perp,SPY,773.69,773.7,773.695,0.1292,0.41,2417.7,773.68,1515557.0951
2026-09-22T16:11:37.291Z,1790093497291,2026-09-23,RQQQUSDT,spot,QQQ,744.88,744.91,744.895,0.4027,115.0,220.0,744.91,399042364.8911
2026-09-22T16:11:37.291Z,1790093497291,2026-09-23,QQQUSDT,perp,QQQ,745.3,745.31,745.305,0.1342,128.57,10.5,745.28,5744513.8402
2026-09-22T16:11:37.291Z,1790093497291,2026-09-23,RSOXLUSDT,spot,SOXL,148.0,148.04,148.01999999999998,2.7023,173.0,210.0,148.01,112607920.6325
2026-09-22T16:11:37.291Z,1790093497291,2026-09-23,SOXLUSDT,perp,SOXL,148.08,148.09,148.085,0.6753,362.54,236.08,148.07,176730498.0109
2026-09-22T16:11:37.291Z,1790093497291,2026-09-23,RHOODUSDT,spot,HOOD,124.1,124.16,124.13,4.8336,21.0,10.0,124.11,35040834.5052
2026-09-22T16:11:37.291Z,1790093497291,2026-09-23,HOODUSDT,perp,HOOD,124.27,124.28,124.275,0.8047,5.61,317.82,124.2,8747736.8882
2026-09-22T16:11:37.291Z,1790093497291,2026-09-23,RMRVLUSDT,spot,MRVL,263.54,263.61,263.57500000000005,2.6558,118.0,5.0,263.58,52458763.50662105
2026-09-22T16:11:37.291Z,1790093497291,2026-09-23,MRVLUSDT,perp,MRVL,263.65,263.69,263.66999999999996,1.517,2.62,327.66,263.67,18663999.0902
2026-09-22T16:12:37.305Z,1790093557305,2026-09-23,RTSLAUSDT,spot,TSLA,377.05,377.1,377.07500000000005,1.326,1.0,87.0,377.07,233548580.7364
2026-09-22T16:12:37.305Z,1790093557305,2026-09-23,TSLAUSDT,perp,TSLA,377.18,377.19,377.185,0.2651,31.82,0.07,377.16,18479231.3393
2026-09-22T16:12:37.305Z,1790093557305,2026-09-23,RNVDAUSDT,spot,NVDA,228.67,228.68,228.675,0.4373,172.0,121.0,228.66,251209199.198775
2026-09-22T16:12:37.305Z,1790093557305,2026-09-23,NVDAUSDT,perp,NVDA,228.79,228.8,228.79500000000002,0.4371,30.04,171.65,228.8,13295339.3868
2026-09-22T16:12:37.305Z,1790093557305,2026-09-23,RAAPLUSDT,spot,AAPL,342.3,342.33,342.315,0.8764,34.0,30.0,342.3,139106673.5915
2026-09-22T16:12:37.305Z,1790093557305,2026-09-23,AAPLUSDT,perp,AAPL,342.37,342.38,342.375,0.2921,1.35,27.22,342.3,5835840.9581
2026-09-22T16:12:37.305Z,1790093557305,2026-09-23,RMETAUSDT,spot,META,748.84,749.08,748.96,3.2044,47.0,210.0,749.0,772280529.3409
2026-09-22T16:12:37.305Z,1790093557305,2026-09-23,METAUSDT,perp,META,749.33,749.4,749.365,0.9341,0.8,2.03,749.53,13443320.8487
2026-09-22T16:12:37.305Z,1790093557305,2026-09-23,RGOOGLUSDT,spot,GOOGL,353.72,353.75,353.735,0.8481,1.0,10.0,353.63,256788234.2883
2026-09-22T16:12:37.305Z,1790093557305,2026-09-23,GOOGLUSDT,perp,GOOGL,353.95,353.98,353.96500000000003,0.8475,12.29,2.63,353.96,8201716.2533
2026-09-22T16:12:37.305Z,1790093557305,2026-09-23,RSPYUSDT,spot,SPY,773.33,773.34,773.335,0.1293,100.0,80.0,773.34,326141710.3054522
2026-09-22T16:12:37.305Z,1790093557305,2026-09-23,SPYUSDT,perp,SPY,773.79,773.8,773.795,0.1292,1.11,3157.42,773.68,1513812.0794
2026-09-22T16:12:37.305Z,1790093557305,2026-09-23,RQQQUSDT,spot,QQQ,744.98,745.01,744.995,0.4027,70.0,236.0,744.98,405410963.4136
2026-09-22T16:12:37.305Z,1790093557305,2026-09-23,QQQUSDT,perp,QQQ,745.37,745.38,745.375,0.1342,128.63,2.63,745.31,5720596.2792
2026-09-22T16:12:37.305Z,1790093557305,2026-09-23,RSOXLUSDT,spot,SOXL,147.97,148.0,147.985,2.0272,74.0,59.0,147.99,191062501.58621687
2026-09-22T16:12:37.305Z,1790093557305,2026-09-23,SOXLUSDT,perp,SOXL,148.02,148.04,148.03,1.3511,167.02,1017.0,148.01,176745287.3204
2026-09-22T16:12:37.305Z,1790093557305,2026-09-23,RHOODUSDT,spot,HOOD,124.03,124.1,124.065,5.6422,625.0,508.0,124.06,38103854.318
2026-09-22T16:12:37.305Z,1790093557305,2026-09-23,HOODUSDT,perp,HOOD,124.18,124.19,124.185,0.8053,11.22,54.61,124.2,8728870.5391
2026-09-22T16:12:37.305Z,1790093557305,2026-09-23,RMRVLUSDT,spot,MRVL,263.43,263.6,263.515,6.4512,116.0,221.0,263.53,55427228.68942105
2026-09-22T16:12:37.305Z,1790093557305,2026-09-23,MRVLUSDT,perp,MRVL,263.59,263.63,263.61,1.5174,2.41,5.04,263.58,18653197.8567
2026-09-22T16:13:37.319Z,1790093617319,2026-09-23,RTSLAUSDT,spot,TSLA,376.91,376.93,376.92,0.5306,1002.0,45.0,376.9,241846274.3408
2026-09-22T16:13:37.319Z,1790093617319,2026-09-23,TSLAUSDT,perp,TSLA,377.07,377.09,377.08,0.5304,0.45,0.21,377.1,18452336.9456
2026-09-22T16:13:37.319Z,1790093617319,2026-09-23,RNVDAUSDT,spot,NVDA,228.71,228.73,228.72,0.8744,394.0,105.0,228.71,271736299.742175
2026-09-22T16:13:37.319Z,1790093617319,2026-09-23,NVDAUSDT,perp,NVDA,228.83,228.84,228.835,0.437,5.19,100.71,228.82,13293495.5442
2026-09-22T16:13:37.319Z,1790093617319,2026-09-23,RAAPLUSDT,spot,AAPL,342.2,342.25,342.225,1.461,5.0,47.0,342.25,148411198.8246
2026-09-22T16:13:37.319Z,1790093617319,2026-09-23,AAPLUSDT,perp,AAPL,342.31,342.32,342.315,0.2921,0.81,780.12,342.35,5741995.1623
2026-09-22T16:13:37.319Z,1790093617319,2026-09-23,RMETAUSDT,spot,META,748.1,748.51,748.3050000000001,5.479,14.0,5.0,748.31,813646098.8296
2026-09-22T16:13:37.319Z,1790093617319,2026-09-23,METAUSDT,perp,META,748.34,748.51,748.425,2.2714,0.8,14.08,748.33,13331530.3715
2026-09-22T16:13:37.319Z,1790093617319,2026-09-23,RGOOGLUSDT,spot,GOOGL,353.3,353.36,353.33000000000004,1.6981,9.0,145.0,353.31,270862000.5444
2026-09-22T16:13:37.319Z,1790093617319,2026-09-23,GOOGLUSDT,perp,GOOGL,353.63,353.66,353.645,0.8483,137.7,3.2,353.66,8211914.6497
2026-09-22T16:13:37.319Z,1790093617319,2026-09-23,RSPYUSDT,spot,SPY,773.29,773.33,773.31,0.5173,255.0,235.0,773.33,337505275.87845224
2026-09-22T16:13:37.319Z,1790093617319,2026-09-23,SPYUSDT,perp,SPY,773.76,773.77,773.765,0.1292,0.4,2381.56,773.68,1513410.5264
2026-09-22T16:13:37.319Z,1790093617319,2026-09-23,RQQQUSDT,spot,QQQ,744.86,744.9,744.88,0.537,210.0,165.0,744.89,415333064.8402
2026-09-22T16:13:37.319Z,1790093617319,2026-09-23,QQQUSDT,perp,QQQ,745.29,745.3,745.295,0.1342,10.15,8.23,745.23,5720463.5176
2026-09-22T16:13:37.319Z,1790093617319,2026-09-23,RSOXLUSDT,spot,SOXL,147.93,147.97,147.95,2.7036,130.0,201.0,147.97,204800553.6420169
2026-09-22T16:13:37.319Z,1790093617319,2026-09-23,SOXLUSDT,perp,SOXL,147.97,147.99,147.98000000000002,1.3515,50.28,44.78,147.98,176820718.319
2026-09-22T16:13:37.319Z,1790093617319,2026-09-23,HOODUSDT,perp,HOOD,124.1,124.14,124.12,3.2227,30.86,13.14,124.14,8724749.1843
2026-09-22T16:13:37.319Z,1790093617319,2026-09-23,RMRVLUSDT,spot,MRVL,263.65,263.76,263.705,4.1713,13.0,110.0,263.77,63733507.13672105
2026-09-22T16:14:37.334Z,1790093677334,2026-09-23,RTSLAUSDT,spot,TSLA,376.67,376.7,376.685,0.7964,1.0,412.0,376.69,259440204.4044
2026-09-22T16:14:37.334Z,1790093677334,2026-09-23,TSLAUSDT,perp,TSLA,376.88,376.89,376.885,0.2653,32.05,0.41,376.88,18458092.1832
2026-09-22T16:14:37.334Z,1790093677334,2026-09-23,RNVDAUSDT,spot,NVDA,228.72,228.74,228.73000000000002,0.8744,184.0,365.0,228.73,290186664.293575
2026-09-22T16:14:37.334Z,1790093677334,2026-09-23,NVDAUSDT,perp,NVDA,228.85,228.86,228.85500000000002,0.437,4.18,93.07,228.88,13291454.3256
2026-09-22T16:14:37.334Z,1790093677334,2026-09-23,RAAPLUSDT,spot,AAPL,342.64,342.72,342.68,2.3345,45.0,25.0,342.67,189096082.0322
2026-09-22T16:14:37.334Z,1790093677334,2026-09-23,AAPLUSDT,perp,AAPL,342.75,342.76,342.755,0.2918,21.9,0.82,342.74,5821903.1522
2026-09-22T16:14:37.334Z,1790093677334,2026-09-23,RMETAUSDT,spot,META,746.83,747.38,747.105,7.3617,7.0,2.0,747.54,866054016.8288
2026-09-22T16:14:37.334Z,1790093677334,2026-09-23,METAUSDT,perp,META,747.61,747.64,747.625,0.4013,0.82,73.39,747.78,13523377.5996
2026-09-22T16:14:37.334Z,1790093677334,2026-09-23,RGOOGLUSDT,spot,GOOGL,353.2,353.25,353.225,1.4155,176.0,45.0,353.24,281505248.4809
2026-09-22T16:14:37.334Z,1790093677334,2026-09-23,GOOGLUSDT,perp,GOOGL,353.62,353.63,353.625,0.2828,0.61,0.08,353.6,8214377.9056
2026-09-22T16:14:37.334Z,1790093677334,2026-09-23,RSPYUSDT,spot,SPY,773.32,773.35,773.335,0.3879,575.0,126.0,773.29,352134880.7288522
2026-09-22T16:14:37.334Z,1790093677334,2026-09-23,SPYUSDT,perp,SPY,773.75,773.76,773.755,0.1292,7.47,1744.82,773.6,1524960.4832
2026-09-22T16:14:37.334Z,1790093677334,2026-09-23,RQQQUSDT,spot,QQQ,744.85,744.87,744.86,0.2685,112.0,46.0,744.86,418334773.4317
2026-09-22T16:14:37.334Z,1790093677334,2026-09-23,QQQUSDT,perp,QQQ,745.23,745.24,745.235,0.1342,451.23,8.16,745.29,5719001.2128
2026-09-22T16:14:37.334Z,1790093677334,2026-09-23,RSOXLUSDT,spot,SOXL,147.91,147.95,147.93,2.704,73.0,65.0,147.93,210870575.9958169
2026-09-22T16:14:37.334Z,1790093677334,2026-09-23,SOXLUSDT,perp,SOXL,147.93,147.95,147.94,1.3519,282.97,350.39,147.96,176893764.7736
2026-09-22T16:14:37.334Z,1790093677334,2026-09-23,RHOODUSDT,spot,HOOD,123.92,123.97,123.945,4.034,8.0,130.0,123.95,43625125.6799
2026-09-22T16:14:37.334Z,1790093677334,2026-09-23,HOODUSDT,perp,HOOD,124.08,124.09,124.08500000000001,0.8059,0.44,387.1,123.98,8725267.3912
2026-09-22T16:14:37.334Z,1790093677334,2026-09-23,RMRVLUSDT,spot,MRVL,263.7,263.85,263.775,5.6867,16.0,220.0,263.82,70332823.76062106
2026-09-22T16:14:37.334Z,1790093677334,2026-09-23,MRVLUSDT,perp,MRVL,263.82,263.89,263.855,2.653,706.86,3.36,263.71,18663573.499
2026-09-22T16:15:37.339Z,1790093737339,2026-09-23,RTSLAUSDT,spot,TSLA,376.59,376.64,376.615,1.3276,61.0,58.0,376.63,267618684.9007
2026-09-22T16:15:37.339Z,1790093737339,2026-09-23,TSLAUSDT,perp,TSLA,376.81,376.82,376.815,0.2654,48.47,0.07,376.86,18442405.7602
2026-09-22T16:15:37.339Z,1790093737339,2026-09-23,RNVDAUSDT,spot,NVDA,228.64,228.66,228.64999999999998,0.8747,237.0,243.0,228.65,313450504.616075
2026-09-22T16:15:37.339Z,1790093737339,2026-09-23,NVDAUSDT,perp,NVDA,228.81,228.82,228.815,0.437,4.8,175.12,228.9,13290212.1319
2026-09-22T16:15:37.339Z,1790093737339,2026-09-23,RAAPLUSDT,spot,AAPL,342.59,342.63,342.61,1.1675,14.0,30.0,342.68,202524324.2639
2026-09-22T16:15:37.339Z,1790093737339,2026-09-23,AAPLUSDT,perp,AAPL,342.6,342.61,342.605,0.2919,15.76,0.72,342.67,5839967.0721
2026-09-22T16:15:37.339Z,1790093737339,2026-09-23,RMETAUSDT,spot,META,748.18,748.45,748.315,3.6081,2.0,10.0,748.25,899225983.8562
2026-09-22T16:15:37.339Z,1790093737339,2026-09-23,METAUSDT,perp,META,748.73,748.84,748.7850000000001,1.469,4.04,0.25,748.48,13522944.3309
2026-09-22T16:15:37.339Z,1790093737339,2026-09-23,RGOOGLUSDT,spot,GOOGL,353.26,353.3,353.28,1.1322,141.0,151.0,353.3,311455294.4171
2026-09-22T16:15:37.339Z,1790093737339,2026-09-23,GOOGLUSDT,perp,GOOGL,353.5,353.51,353.505,0.2829,21.03,3.39,353.51,8238403.8563
2026-09-22T16:15:37.339Z,1790093737339,2026-09-23,RSPYUSDT,spot,SPY,773.25,773.28,773.265,0.388,235.0,535.0,773.25,362830672.83905226
2026-09-22T16:15:37.339Z,1790093737339,2026-09-23,SPYUSDT,perp,SPY,773.74,773.75,773.745,0.1292,0.37,2411.25,773.6,1524952.7617
2026-09-22T16:15:37.339Z,1790093737339,2026-09-23,RQQQUSDT,spot,QQQ,744.8,744.84,744.8199999999999,0.537,170.0,110.0,744.8,427667701.3497
2026-09-22T16:15:37.339Z,1790093737339,2026-09-23,QQQUSDT,perp,QQQ,745.19,745.2,745.195,0.1342,125.59,2.13,745.26,5720954.0441
2026-09-22T16:15:37.339Z,1790093737339,2026-09-23,RSOXLUSDT,spot,SOXL,147.86,147.91,147.885,3.381,70.0,64.0,147.88,214473810.66781688
2026-09-22T16:15:37.339Z,1790093737339,2026-09-23,SOXLUSDT,perp,SOXL,147.92,147.94,147.93,1.352,93.32,65.17,147.94,176920797.1878
2026-09-22T16:15:37.339Z,1790093737339,2026-09-23,RHOODUSDT,spot,HOOD,123.8,123.85,123.82499999999999,4.038,500.0,38.0,123.87,49343238.9129
2026-09-22T16:15:37.339Z,1790093737339,2026-09-23,HOODUSDT,perp,HOOD,124.03,124.04,124.035,0.8062,1.7,1364.99,123.97,8730911.0755
2026-09-22T16:15:37.339Z,1790093737339,2026-09-23,RMRVLUSDT,spot,MRVL,263.71,263.85,263.78,5.3075,404.0,106.0,263.78,78280539.98292105
2026-09-22T16:15:37.339Z,1790093737339,2026-09-23,MRVLUSDT,perp,MRVL,263.87,263.9,263.885,1.1369,2.3,997.28,263.9,18647324.5539
2026-09-22T16:16:37.344Z,1790093797344,2026-09-23,RTSLAUSDT,spot,TSLA,376.65,376.7,376.67499999999995,1.3274,38.0,65.0,376.68,273019259.2097
2026-09-22T16:16:37.344Z,1790093797344,2026-09-23,TSLAUSDT,perp,TSLA,376.82,376.83,376.825,0.2654,48.37,0.45,376.89,18464644.4817
2026-09-22T16:16:37.344Z,1790093797344,2026-09-23,RNVDAUSDT,spot,NVDA,228.7,228.71,228.70499999999998,0.4372,108.0,312.0,228.72,334035984.235275
2026-09-22T16:16:37.344Z,1790093797344,2026-09-23,NVDAUSDT,perp,NVDA,228.83,228.84,228.835,0.437,57.84,126.38,228.83,13315097.5718
2026-09-22T16:16:37.344Z,1790093797344,2026-09-23,RAAPLUSDT,spot,AAPL,342.53,342.6,342.565,2.0434,240.0,17.0,342.56,215408783.5698
2026-09-22T16:16:37.344Z,1790093797344,2026-09-23,AAPLUSDT,perp,AAPL,342.71,342.72,342.71500000000003,0.2918,8.95,0.85,342.7,5812065.2517
2026-09-22T16:16:37.344Z,1790093797344,2026-09-23,RMETAUSDT,spot,META,748.57,748.89,748.73,4.2739,40.0,50.0,748.79,923608794.9399
2026-09-22T16:16:37.344Z,1790093797344,2026-09-23,METAUSDT,perp,META,749.17,749.33,749.25,2.1355,4.03,22.91,749.34,13497032.4984
2026-09-22T16:16:37.344Z,1790093797344,2026-09-23,RGOOGLUSDT,spot,GOOGL,353.12,353.18,353.15,1.699,4.0,105.0,353.11,335055515.4139
2026-09-22T16:16:37.344Z,1790093797344,2026-09-23,GOOGLUSDT,perp,GOOGL,353.48,353.51,353.495,0.8487,214.09,12.28,353.53,8267443.4903
2026-09-22T16:16:37.344Z,1790093797344,2026-09-23,RSPYUSDT,spot,SPY,773.12,773.14,773.13,0.2587,20.0,300.0,773.15,377868257.4199522
2026-09-22T16:16:37.344Z,1790093797344,2026-09-23,SPYUSDT,perp,SPY,773.61,773.62,773.615,0.1293,0.83,1093.54,773.69,1524821.4983
2026-09-22T16:16:37.344Z,1790093797344,2026-09-23,RQQQUSDT,spot,QQQ,744.69,744.7,744.695,0.1343,30.0,336.0,744.69,1287673706.1102545
2026-09-22T16:16:37.344Z,1790093797344,2026-09-23,QQQUSDT,perp,QQQ,745.15,745.16,745.155,0.1342,73.33,4.64,745.26,5720880.1349
2026-09-22T16:16:37.344Z,1790093797344,2026-09-23,RSOXLUSDT,spot,SOXL,147.76,147.8,147.78,2.7067,14.0,174.0,147.83,218973180.94161686
2026-09-22T16:16:37.344Z,1790093797344,2026-09-23,SOXLUSDT,perp,SOXL,147.82,147.83,147.825,0.6765,191.19,243.48,147.83,176919345.79
2026-09-22T16:16:37.344Z,1790093797344,2026-09-23,RHOODUSDT,spot,HOOD,123.89,123.99,123.94,8.0684,500.0,501.0,123.94,51123488.3629
2026-09-22T16:16:37.344Z,1790093797344,2026-09-23,HOODUSDT,perp,HOOD,124.04,124.05,124.045,0.8062,62.79,0.15,124.03,8733838.9659
2026-09-22T16:16:37.344Z,1790093797344,2026-09-23,RMRVLUSDT,spot,MRVL,263.73,263.78,263.755,1.8957,1.0,5.0,263.73,84248208.90492105
2026-09-22T16:16:37.344Z,1790093797344,2026-09-23,MRVLUSDT,perp,MRVL,263.92,263.96,263.94,1.5155,0.84,992.29,263.98,18644190.3
2026-09-22T16:17:37.354Z,1790093857354,2026-09-23,NVDAUSDT,perp,NVDA,229.01,229.02,229.015,0.4367,79.52,45.16,229.0,13319673.0061
2026-09-22T16:17:37.354Z,1790093857354,2026-09-23,METAUSDT,perp,META,749.62,749.68,749.65,0.8004,4.03,43.2,749.74,13457710.0258
2026-09-22T16:17:37.354Z,1790093857354,2026-09-23,GOOGLUSDT,perp,GOOGL,353.68,353.71,353.695,0.8482,299.83,3.45,353.66,8278694.4015
2026-09-22T16:17:37.354Z,1790093857354,2026-09-23,RSPYUSDT,spot,SPY,773.29,773.31,773.3,0.2586,615.0,80.0,773.27,482545685.22650397
2026-09-22T16:17:37.354Z,1790093857354,2026-09-23,SPYUSDT,perp,SPY,773.7,773.71,773.705,0.1292,0.43,2717.54,773.71,1522713.5282
2026-09-22T16:17:37.354Z,1790093857354,2026-09-23,QQQUSDT,perp,QQQ,745.34,745.35,745.345,0.1342,2.67,14.16,745.33,5713756.81
2026-09-22T16:17:37.354Z,1790093857354,2026-09-23,RSOXLUSDT,spot,SOXL,148.05,148.09,148.07,2.7014,230.0,60.0,148.07,228971815.18191686
2026-09-22T16:17:37.354Z,1790093857354,2026-09-23,SOXLUSDT,perp,SOXL,148.07,148.08,148.075,0.6753,137.34,243.18,148.09,177188886.0916
2026-09-22T16:17:37.354Z,1790093857354,2026-09-23,RHOODUSDT,spot,HOOD,123.7,123.72,123.71000000000001,1.6167,6.0,97.0,123.72,63859135.75040004
2026-09-22T16:17:37.354Z,1790093857354,2026-09-23,HOODUSDT,perp,HOOD,123.84,123.88,123.86,3.2295,0.05,418.66,123.92,8729415.4877
2026-09-22T16:18:37.370Z,1790093917370,2026-09-23,TSLAUSDT,perp,TSLA,376.75,376.77,376.76,0.5308,16.52,0.5,376.78,18487277.7913
2026-09-22T16:18:37.370Z,1790093917370,2026-09-23,RAAPLUSDT,spot,AAPL,342.45,342.49,342.47,1.168,20.0,36.0,342.49,262781212.08265677
2026-09-22T16:18:37.370Z,1790093917370,2026-09-23,RMETAUSDT,spot,META,749.21,749.46,749.335,3.3363,21.0,2.0,749.36,990897862.2692
2026-09-22T16:18:37.370Z,1790093917370,2026-09-23,METAUSDT,perp,META,749.38,749.39,749.385,0.1334,4.86,0.03,749.72,13457935.0577
2026-09-22T16:18:37.370Z,1790093917370,2026-09-23,RGOOGLUSDT,spot,GOOGL,353.46,353.49,353.475,0.8487,80.0,10.0,353.53,420294806.1799044
2026-09-22T16:18:37.370Z,1790093917370,2026-09-23,RSPYUSDT,spot,SPY,773.16,773.18,773.17,0.2587,415.0,80.0,773.16,489509939.51490396
2026-09-22T16:18:37.370Z,1790093917370,2026-09-23,SPYUSDT,perp,SPY,773.64,773.65,773.645,0.1293,0.39,1812.33,773.71,1522713.5282
2026-09-22T16:18:37.370Z,1790093917370,2026-09-23,RQQQUSDT,spot,QQQ,744.61,744.63,744.62,0.2686,140.0,246.0,744.62,1310465255.0558546
2026-09-22T16:18:37.370Z,1790093917370,2026-09-23,QQQUSDT,perp,QQQ,745.07,745.08,745.075,0.1342,71.98,12.91,745.33,5713756.81
2026-09-22T16:18:37.370Z,1790093917370,2026-09-23,RSOXLUSDT,spot,SOXL,147.7,147.74,147.72,2.7078,310.0,110.0,147.72,236839776.62391686
2026-09-22T16:18:37.370Z,1790093917370,2026-09-23,SOXLUSDT,perp,SOXL,147.78,147.79,147.785,0.6767,126.53,332.07,147.78,177238860.7333
2026-09-22T16:18:37.370Z,1790093917370,2026-09-23,RHOODUSDT,spot,HOOD,123.74,123.8,123.77,4.8477,520.0,100.0,123.77,64504671.39540003
2026-09-22T16:18:37.370Z,1790093917370,2026-09-23,HOODUSDT,perp,HOOD,123.91,123.95,123.93,3.2276,30.86,840.09,123.87,8737178.45
2026-09-22T16:18:37.370Z,1790093917370,2026-09-23,RMRVLUSDT,spot,MRVL,263.64,263.71,263.67499999999995,2.6548,36.0,50.0,263.68,138729019.75568926
2026-09-22T16:18:37.370Z,1790093917370,2026-09-23,MRVLUSDT,perp,MRVL,263.91,263.93,263.92,0.7578,0.42,387.0,263.86,18646554.7123
2026-09-22T16:19:37.373Z,1790093977373,2026-09-23,RTSLAUSDT,spot,TSLA,376.4,376.49,376.445,2.3908,50.0,43.0,376.43,300909983.5234
2026-09-22T16:19:37.373Z,1790093977373,2026-09-23,TSLAUSDT,perp,TSLA,376.6,376.61,376.605,0.2655,0.07,1.28,376.61,18492952.6701
2026-09-22T16:19:37.373Z,1790093977373,2026-09-23,RNVDAUSDT,spot,NVDA,228.83,228.85,228.84,0.874,190.0,25.0,228.83,436338076.8641593
2026-09-22T16:19:37.373Z,1790093977373,2026-09-23,NVDAUSDT,perp,NVDA,228.98,228.99,228.985,0.4367,9.91,43.8,228.97,13334956.457
2026-09-22T16:19:37.373Z,1790093977373,2026-09-23,RAAPLUSDT,spot,AAPL,342.41,342.46,342.435,1.4601,41.0,79.0,342.42,268263832.1849568
2026-09-22T16:19:37.373Z,1790093977373,2026-09-23,AAPLUSDT,perp,AAPL,342.5,342.51,342.505,0.292,729.7,0.72,342.47,5733110.2376
2026-09-22T16:19:37.373Z,1790093977373,2026-09-23,METAUSDT,perp,META,749.54,749.59,749.565,0.6671,8.04,0.03,749.54,13473141.841
2026-09-22T16:19:37.373Z,1790093977373,2026-09-23,RGOOGLUSDT,spot,GOOGL,353.44,353.5,353.47,1.6975,10.0,103.0,353.47,430875781.9008044
2026-09-22T16:19:37.373Z,1790093977373,2026-09-23,GOOGLUSDT,perp,GOOGL,353.83,353.87,353.85,1.1304,210.31,9.7,353.81,8285119.6906
2026-09-22T16:19:37.373Z,1790093977373,2026-09-23,RSPYUSDT,spot,SPY,773.03,773.05,773.04,0.2587,145.0,275.0,773.03,508475452.28950393
2026-09-22T16:19:37.373Z,1790093977373,2026-09-23,SPYUSDT,perp,SPY,773.51,773.52,773.515,0.1293,0.37,44.0,773.54,1522698.1177
2026-09-22T16:19:37.373Z,1790093977373,2026-09-23,RQQQUSDT,spot,QQQ,744.51,744.52,744.515,0.1343,25.0,270.0,744.53,1319294256.9231546
2026-09-22T16:19:37.373Z,1790093977373,2026-09-23,QQQUSDT,perp,QQQ,745.01,745.02,745.015,0.1342,0.15,11.93,745.01,5714010.1146
2026-09-22T16:19:37.373Z,1790093977373,2026-09-23,RSOXLUSDT,spot,SOXL,147.63,147.67,147.64999999999998,2.7091,150.0,170.0,147.64,243074355.6754169
2026-09-22T16:19:37.373Z,1790093977373,2026-09-23,SOXLUSDT,perp,SOXL,147.65,147.66,147.655,0.6773,404.15,387.26,147.65,177278231.5095
2026-09-22T16:19:37.373Z,1790093977373,2026-09-23,HOODUSDT,perp,HOOD,123.92,123.97,123.945,4.034,139.25,30.86,123.99,8738797.7594
2026-09-22T16:20:37.379Z,1790094037379,2026-09-23,RTSLAUSDT,spot,TSLA,376.17,376.27,376.22,2.658,1.0,21.0,376.18,315670379.9788
2026-09-22T16:20:37.379Z,1790094037379,2026-09-23,RNVDAUSDT,spot,NVDA,228.89,228.9,228.89499999999998,0.4369,297.0,373.0,228.88,457854136.2209593
2026-09-22T16:20:37.379Z,1790094037379,2026-09-23,NVDAUSDT,perp,NVDA,229.05,229.06,229.055,0.4366,6.69,346.25,229.03,13336624.0165
2026-09-22T16:20:37.379Z,1790094037379,2026-09-23,RAAPLUSDT,spot,AAPL,342.81,342.9,342.855,2.625,47.0,115.0,342.96,300449711.26095676
2026-09-22T16:20:37.379Z,1790094037379,2026-09-23,AAPLUSDT,perp,AAPL,342.9,342.91,342.905,0.2916,0.63,27.31,342.9,5939423.2969
2026-09-22T16:20:37.379Z,1790094037379,2026-09-23,RMETAUSDT,spot,META,750.78,751.0,750.89,2.9299,31.0,15.0,751.0,1066866351.7021
2026-09-22T16:20:37.379Z,1790094037379,2026-09-23,METAUSDT,perp,META,751.21,751.48,751.345,3.5936,0.32,0.03,751.19,13502606.9365
2026-09-22T16:20:37.379Z,1790094037379,2026-09-23,RGOOGLUSDT,spot,GOOGL,353.47,353.52,353.495,1.4144,10.0,25.0,353.56,442410581.5288044
2026-09-22T16:20:37.379Z,1790094037379,2026-09-23,GOOGLUSDT,perp,GOOGL,353.86,353.87,353.865,0.2826,103.95,3.44,353.79,8285125.731
2026-09-22T16:20:37.379Z,1790094037379,2026-09-23,RSPYUSDT,spot,SPY,773.09,773.11,773.1,0.2587,80.0,541.0,773.1,534009247.529704
2026-09-22T16:20:37.379Z,1790094037379,2026-09-23,SPYUSDT,perp,SPY,773.51,773.52,773.515,0.1293,4.05,2332.12,773.38,1518467.4769
2026-09-22T16:20:37.379Z,1790094037379,2026-09-23,RQQQUSDT,spot,QQQ,744.58,744.62,744.6,0.5372,170.0,90.0,744.62,1329151195.0333545
2026-09-22T16:20:37.379Z,1790094037379,2026-09-23,QQQUSDT,perp,QQQ,745.01,745.02,745.015,0.1342,6.65,14.4,744.87,5711808.6786
2026-09-22T16:20:37.379Z,1790094037379,2026-09-23,RSOXLUSDT,spot,SOXL,147.53,147.58,147.555,3.3886,200.0,14.0,147.54,249293535.22631687
2026-09-22T16:20:37.379Z,1790094037379,2026-09-23,SOXLUSDT,perp,SOXL,147.56,147.57,147.565,0.6777,346.22,64.09,147.59,177397698.1415
2026-09-22T16:20:37.379Z,1790094037379,2026-09-23,RHOODUSDT,spot,HOOD,123.76,123.83,123.795,5.6545,100.0,610.0,123.8,68404498.80500004
2026-09-22T16:20:37.379Z,1790094037379,2026-09-23,HOODUSDT,perp,HOOD,123.89,123.94,123.91499999999999,4.035,5.0,30.86,123.99,8736522.3252
2026-09-22T16:20:37.379Z,1790094037379,2026-09-23,RMRVLUSDT,spot,MRVL,263.2,263.35,263.275,5.6975,12.0,92.0,263.28,146500930.19108927
2026-09-22T16:20:37.379Z,1790094037379,2026-09-23,MRVLUSDT,perp,MRVL,263.48,263.5,263.49,0.759,1.47,106.26,263.44,18679123.0485
2026-09-22T16:21:37.394Z,1790094097394,2026-09-23,RTSLAUSDT,spot,TSLA,376.15,376.25,376.2,2.6582,366.0,72.0,376.19,325934367.6189
2026-09-22T16:21:37.394Z,1790094097394,2026-09-23,TSLAUSDT,perp,TSLA,376.36,376.39,376.375,0.7971,0.07,0.54,376.39,18513097.3921
2026-09-22T16:21:37.394Z,1790094097394,2026-09-23,RNVDAUSDT,spot,NVDA,228.89,228.9,228.89499999999998,0.4369,116.0,430.0,228.89,469703015.2431593
2026-09-22T16:21:37.394Z,1790094097394,2026-09-23,NVDAUSDT,perp,NVDA,229.03,229.04,229.035,0.4366,2.61,139.44,229.0,13360222.8591
2026-09-22T16:21:37.394Z,1790094097394,2026-09-23,RAAPLUSDT,spot,AAPL,342.74,342.78,342.76,1.167,9.0,20.0,342.72,317470776.72935677
2026-09-22T16:21:37.394Z,1790094097394,2026-09-23,AAPLUSDT,perp,AAPL,342.92,342.93,342.925,0.2916,0.86,18.37,342.85,5956097.5994
2026-09-22T16:21:37.394Z,1790094097394,2026-09-23,RMETAUSDT,spot,META,751.3,751.5,751.4,2.6617,27.0,13.0,751.33,1118672023.2927
2026-09-22T16:21:37.394Z,1790094097394,2026-09-23,METAUSDT,perp,META,751.57,751.66,751.615,1.1974,0.82,4.03,751.67,13499789.609
2026-09-22T16:21:37.394Z,1790094097394,2026-09-23,RGOOGLUSDT,spot,GOOGL,352.9,352.94,352.91999999999996,1.1334,170.0,10.0,352.99,455136350.21210444
2026-09-22T16:21:37.394Z,1790094097394,2026-09-23,GOOGLUSDT,perp,GOOGL,353.25,353.27,353.26,0.5662,147.15,8.92,353.29,8263887.8411
2026-09-22T16:21:37.394Z,1790094097394,2026-09-23,RSPYUSDT,spot,SPY,773.11,773.14,773.125,0.388,550.0,480.0,773.09,546867389.081304
2026-09-22T16:21:37.394Z,1790094097394,2026-09-23,SPYUSDT,perp,SPY,773.58,773.59,773.585,0.1293,0.85,1317.21,773.38,1518436.5959
2026-09-22T16:21:37.394Z,1790094097394,2026-09-23,RQQQUSDT,spot,QQQ,744.64,744.67,744.655,0.4029,95.0,70.0,744.64,1348490411.0443544
2026-09-22T16:21:37.394Z,1790094097394,2026-09-23,QQQUSDT,perp,QQQ,745.09,745.1,745.095,0.1342,75.85,3.57,745.11,5710968.6858
2026-09-22T16:21:37.394Z,1790094097394,2026-09-23,RSOXLUSDT,spot,SOXL,147.6,147.65,147.625,3.387,148.0,12.0,147.63,253075508.81631687
2026-09-22T16:21:37.394Z,1790094097394,2026-09-23,SOXLUSDT,perp,SOXL,147.63,147.64,147.635,0.6773,104.81,123.63,147.63,177389979.514
2026-09-22T16:21:37.394Z,1790094097394,2026-09-23,RHOODUSDT,spot,HOOD,123.87,123.9,123.885,2.4216,1.0,115.0,123.87,70146450.40500003
2026-09-22T16:21:37.394Z,1790094097394,2026-09-23,HOODUSDT,perp,HOOD,124.0,124.03,124.015,2.4191,6.23,418.46,123.95,8736529.7367
2026-09-22T16:21:37.394Z,1790094097394,2026-09-23,RMRVLUSDT,spot,MRVL,263.52,263.69,263.605,6.449,124.0,34.0,263.58,148274590.51048928
2026-09-22T16:21:37.394Z,1790094097394,2026-09-23,MRVLUSDT,perp,MRVL,263.74,263.78,263.76,1.5165,1.68,638.56,263.75,18679110.8842
2026-09-22T16:22:37.408Z,1790094157408,2026-09-23,RTSLAUSDT,spot,TSLA,376.3,376.37,376.33500000000004,1.86,161.0,253.0,376.34,335096096.7137
2026-09-22T16:22:37.408Z,1790094157408,2026-09-23,TSLAUSDT,perp,TSLA,376.48,376.5,376.49,0.5312,0.28,16.24,376.53,18534048.7053
2026-09-22T16:22:37.408Z,1790094157408,2026-09-23,AAPLUSDT,perp,AAPL,342.8,342.81,342.805,0.2917,9.8,19.53,342.88,5956577.7404
2026-09-22T16:22:37.408Z,1790094157408,2026-09-23,RGOOGLUSDT,spot,GOOGL,353.07,353.12,353.095,1.416,10.0,166.0,353.09,475381258.61160445
2026-09-22T16:22:37.408Z,1790094157408,2026-09-23,GOOGLUSDT,perp,GOOGL,353.38,353.39,353.385,0.283,125.55,9.41,353.39,8268964.2289
2026-09-22T16:22:37.408Z,1790094157408,2026-09-23,RSPYUSDT,spot,SPY,773.08,773.1,773.09,0.2587,510.0,80.0,773.1,566769572.639804
2026-09-22T16:22:37.408Z,1790094157408,2026-09-23,SPYUSDT,perp,SPY,773.56,773.57,773.565,0.1293,0.83,1317.22,773.38,1506794.1482
2026-09-22T16:22:37.408Z,1790094157408,2026-09-23,QQQUSDT,perp,QQQ,745.34,745.35,745.345,0.1342,70.99,12.22,745.31,5731705.0111
2026-09-22T16:22:37.408Z,1790094157408,2026-09-23,RSOXLUSDT,spot,SOXL,147.99,148.01,148.0,1.3514,100.0,5.0,147.97,259663726.37561688
2026-09-22T16:22:37.408Z,1790094157408,2026-09-23,SOXLUSDT,perp,SOXL,147.99,148.0,147.995,0.6757,68.59,62.03,148.0,177380211.59
2026-09-22T16:22:37.408Z,1790094157408,2026-09-23,RHOODUSDT,spot,HOOD,123.75,123.83,123.78999999999999,6.4626,101.0,20.0,123.79,71822862.82500003
2026-09-22T16:22:37.408Z,1790094157408,2026-09-23,HOODUSDT,perp,HOOD,123.93,123.96,123.945,2.4204,5.52,30.86,124.04,8728679.4649
2026-09-22T16:22:37.408Z,1790094157408,2026-09-23,RMRVLUSDT,spot,MRVL,263.7,263.94,263.82,9.0971,102.0,128.0,263.79,152148745.46948928
2026-09-22T16:23:37.417Z,1790094217417,2026-09-23,RTSLAUSDT,spot,TSLA,376.34,376.39,376.365,1.3285,40.0,107.0,376.32,345579513.4996
2026-09-22T16:23:37.417Z,1790094217417,2026-09-23,TSLAUSDT,perp,TSLA,376.51,376.52,376.515,0.2656,0.07,74.41,376.53,18548798.1966
2026-09-22T16:23:37.417Z,1790094217417,2026-09-23,RNVDAUSDT,spot,NVDA,228.94,228.95,228.945,0.4368,266.0,80.0,228.94,551657442.5866593
2026-09-22T16:23:37.417Z,1790094217417,2026-09-23,NVDAUSDT,perp,NVDA,229.11,229.12,229.115,0.4365,35.97,15.54,229.12,13381637.9262
2026-09-22T16:23:37.417Z,1790094217417,2026-09-23,RAAPLUSDT,spot,AAPL,342.37,342.44,342.405,2.0444,33.0,100.0,342.45,340559710.3724568
2026-09-22T16:23:37.417Z,1790094217417,2026-09-23,AAPLUSDT,perp,AAPL,342.55,342.56,342.555,0.2919,8.95,18.35,342.57,5974785.4247
2026-09-22T16:23:37.417Z,1790094217417,2026-09-23,RMETAUSDT,spot,META,751.3,751.42,751.3599999999999,1.5971,15.0,67.0,751.37,1226097259.906
2026-09-22T16:23:37.417Z,1790094217417,2026-09-23,METAUSDT,perp,META,751.68,751.81,751.7449999999999,1.7293,153.0,48.15,751.68,13475361.7016
2026-09-22T16:23:37.417Z,1790094217417,2026-09-23,RGOOGLUSDT,spot,GOOGL,352.96,352.99,352.975,0.8499,130.0,56.0,353.0,479426743.36510444
2026-09-22T16:23:37.417Z,1790094217417,2026-09-23,GOOGLUSDT,perp,GOOGL,353.25,353.26,353.255,0.2831,125.75,4.38,353.28,8268852.8472
2026-09-22T16:23:37.417Z,1790094217417,2026-09-23,RSPYUSDT,spot,SPY,773.02,773.04,773.03,0.2587,170.0,126.0,773.04,594589497.8282039
2026-09-22T16:23:37.417Z,1790094217417,2026-09-23,SPYUSDT,perp,SPY,773.48,773.49,773.485,0.1293,0.56,566.31,773.54,1507211.8923
2026-09-22T16:23:37.417Z,1790094217417,2026-09-23,RQQQUSDT,spot,QQQ,744.63,744.67,744.65,0.5372,90.0,930.0,744.63,1380969531.1549544
2026-09-22T16:23:37.417Z,1790094217417,2026-09-23,QQQUSDT,perp,QQQ,745.07,745.08,745.075,0.1342,121.91,12.86,745.12,5732427.7654
2026-09-22T16:23:37.417Z,1790094217417,2026-09-23,RSOXLUSDT,spot,SOXL,147.83,147.87,147.85000000000002,2.7054,34.0,14.0,147.87,330832933.57049036
2026-09-22T16:23:37.417Z,1790094217417,2026-09-23,SOXLUSDT,perp,SOXL,147.84,147.85,147.845,0.6764,81.17,88.33,147.87,177527107.1319
2026-09-22T16:23:37.417Z,1790094217417,2026-09-23,RHOODUSDT,spot,HOOD,123.86,123.93,123.89500000000001,5.6499,100.0,35.0,123.88,75033604.86500004
2026-09-22T16:23:37.417Z,1790094217417,2026-09-23,HOODUSDT,perp,HOOD,124.05,124.07,124.06,1.6121,30.86,482.83,124.07,8730016.9395
2026-09-22T16:23:37.417Z,1790094217417,2026-09-23,RMRVLUSDT,spot,MRVL,263.64,263.84,263.74,7.5832,1.0,39.0,263.78,153598954.17668927
2026-09-22T16:23:37.417Z,1790094217417,2026-09-23,MRVLUSDT,perp,MRVL,263.88,263.9,263.89,0.7579,18.78,558.0,263.93,18670254.8822
2026-09-22T16:24:37.419Z,1790094277419,2026-09-23,RTSLAUSDT,spot,TSLA,376.24,376.29,376.265,1.3289,20.0,35.0,376.26,355733881.5344
2026-09-22T16:24:37.419Z,1790094277419,2026-09-23,TSLAUSDT,perp,TSLA,376.44,376.45,376.445,0.2656,0.38,74.4,376.49,18533444.1948
2026-09-22T16:24:37.419Z,1790094277419,2026-09-23,RNVDAUSDT,spot,NVDA,228.82,228.83,228.825,0.437,138.0,40.0,228.85,574171025.8904593
2026-09-22T16:24:37.419Z,1790094277419,2026-09-23,NVDAUSDT,perp,NVDA,229.02,229.03,229.025,0.4366,2.17,568.35,229.01,13404095.6715
2026-09-22T16:24:37.419Z,1790094277419,2026-09-23,RAAPLUSDT,spot,AAPL,342.3,342.4,342.35,2.921,125.0,2.0,342.36,360441195.1279568
2026-09-22T16:24:37.419Z,1790094277419,2026-09-23,AAPLUSDT,perp,AAPL,342.5,342.51,342.505,0.292,0.84,18.3,342.46,5991135.0974
2026-09-22T16:24:37.419Z,1790094277419,2026-09-23,RMETAUSDT,spot,META,749.86,750.26,750.06,5.3329,49.0,113.0,749.87,1275756320.0993
2026-09-22T16:24:37.419Z,1790094277419,2026-09-23,METAUSDT,perp,META,750.56,750.59,750.575,0.3997,0.79,14.04,750.43,13477239.9985
2026-09-22T16:24:37.419Z,1790094277419,2026-09-23,RGOOGLUSDT,spot,GOOGL,352.7,352.76,352.73,1.701,13.0,120.0,352.75,506498878.7910044
2026-09-22T16:24:37.419Z,1790094277419,2026-09-23,GOOGLUSDT,perp,GOOGL,353.09,353.13,353.11,1.1328,27.16,32.69,353.1,8271248.9262
2026-09-22T16:24:37.419Z,1790094277419,2026-09-23,RSPYUSDT,spot,SPY,772.76,772.77,772.765,0.1294,140.0,116.0,772.77,635204566.009704
2026-09-22T16:24:37.419Z,1790094277419,2026-09-23,SPYUSDT,perp,SPY,773.28,773.29,773.285,0.1293,0.38,2929.07,773.33,1505899.3661
2026-09-22T16:24:37.419Z,1790094277419,2026-09-23,RQQQUSDT,spot,QQQ,744.27,744.3,744.285,0.4031,115.0,190.0,744.29,1422940775.0776546
2026-09-22T16:24:37.419Z,1790094277419,2026-09-23,QQQUSDT,perp,QQQ,744.76,744.77,744.765,0.1343,73.29,18.52,744.76,5734990.6827
2026-09-22T16:24:37.419Z,1790094277419,2026-09-23,RSOXLUSDT,spot,SOXL,147.3,147.33,147.315,2.0365,38.0,23.0,147.3,339048779.7688903
2026-09-22T16:24:37.419Z,1790094277419,2026-09-23,SOXLUSDT,perp,SOXL,147.31,147.32,147.315,0.6788,81.51,1428.16,147.32,177477961.6107
2026-09-22T16:24:37.419Z,1790094277419,2026-09-23,RHOODUSDT,spot,HOOD,123.75,123.81,123.78,4.8473,50.0,20.0,123.76,76226438.08500004
2026-09-22T16:24:37.419Z,1790094277419,2026-09-23,HOODUSDT,perp,HOOD,123.93,123.94,123.935,0.8069,30.86,37.44,123.94,8729058.0747
2026-09-22T16:24:37.419Z,1790094277419,2026-09-23,RMRVLUSDT,spot,MRVL,263.2,263.3,263.25,3.7987,62.0,220.0,263.25,155696659.02668926
2026-09-22T16:24:37.419Z,1790094277419,2026-09-23,MRVLUSDT,perp,MRVL,263.41,263.43,263.42,0.7592,0.63,891.0,263.41,18665178.0935
2026-09-22T16:25:37.435Z,1790094337435,2026-09-23,RTSLAUSDT,spot,TSLA,376.51,376.59,376.54999999999995,2.1246,48.0,221.0,376.55,368558275.0873
2026-09-22T16:25:37.435Z,1790094337435,2026-09-23,TSLAUSDT,perp,TSLA,376.74,376.77,376.755,0.7963,0.27,16.24,376.81,18522645.2828
2026-09-22T16:25:37.435Z,1790094337435,2026-09-23,RNVDAUSDT,spot,NVDA,228.87,228.88,228.875,0.4369,120.0,111.0,228.88,605304473.6029593
2026-09-22T16:25:37.435Z,1790094337435,2026-09-23,NVDAUSDT,perp,NVDA,229.05,229.06,229.055,0.4366,4.3,581.85,229.05,13419863.3102
2026-09-22T16:25:37.435Z,1790094337435,2026-09-23,RAAPLUSDT,spot,AAPL,342.22,342.27,342.245,1.4609,337.0,20.0,342.27,365969073.2086568
2026-09-22T16:25:37.435Z,1790094337435,2026-09-23,AAPLUSDT,perp,AAPL,342.38,342.39,342.385,0.2921,794.59,0.85,342.39,5993726.9782
2026-09-22T16:25:37.435Z,1790094337435,2026-09-23,RMETAUSDT,spot,META,749.68,750.02,749.8499999999999,4.5342,17.0,32.0,750.02,1309352987.5279
2026-09-22T16:25:37.435Z,1790094337435,2026-09-23,METAUSDT,perp,META,750.32,750.38,750.35,0.7996,4.03,4.03,750.59,13480322.0194
2026-09-22T16:25:37.435Z,1790094337435,2026-09-23,RGOOGLUSDT,spot,GOOGL,352.81,352.87,352.84000000000003,1.7005,34.0,41.0,352.81,525655850.7400044
2026-09-22T16:25:37.435Z,1790094337435,2026-09-23,RSPYUSDT,spot,SPY,772.82,772.84,772.83,0.2588,20.0,890.0,772.88,663757983.432904
2026-09-22T16:25:37.435Z,1790094337435,2026-09-23,SPYUSDT,perp,SPY,773.33,773.34,773.335,0.1293,0.93,2700.24,773.33,1505798.9867
2026-09-22T16:25:37.435Z,1790094337435,2026-09-23,RQQQUSDT,spot,QQQ,744.35,744.37,744.36,0.2687,65.0,860.0,744.38,1436342403.5752544
2026-09-22T16:25:37.435Z,1790094337435,2026-09-23,QQQUSDT,perp,QQQ,744.86,744.87,744.865,0.1343,325.06,8.57,744.88,5763304.5498
2026-09-22T16:25:37.435Z,1790094337435,2026-09-23,SOXLUSDT,perp,SOXL,147.48,147.49,147.485,0.678,335.41,9.66,147.51,177496818.7168
2026-09-22T16:25:37.435Z,1790094337435,2026-09-23,RHOODUSDT,spot,HOOD,123.8,123.87,123.83500000000001,5.6527,500.0,40.0,123.8,77208949.59400004
2026-09-22T16:25:37.435Z,1790094337435,2026-09-23,HOODUSDT,perp,HOOD,124.0,124.01,124.005,0.8064,6.66,1149.27,123.97,8719081.5725
2026-09-22T16:25:37.435Z,1790094337435,2026-09-23,RMRVLUSDT,spot,MRVL,263.44,263.59,263.515,5.6923,69.0,11.0,263.56,157775024.35128927
2026-09-22T16:25:37.435Z,1790094337435,2026-09-23,MRVLUSDT,perp,MRVL,263.56,263.58,263.57,0.7588,1.05,329.71,263.56,18669347.3989
2026-09-22T16:26:37.436Z,1790094397436,2026-09-23,RTSLAUSDT,spot,TSLA,376.97,377.06,377.015,2.3872,120.0,7.0,376.99,383705404.0961
2026-09-22T16:26:37.436Z,1790094397436,2026-09-23,TSLAUSDT,perp,TSLA,377.18,377.19,377.185,0.2651,32.17,74.29,377.12,18524442.6231
2026-09-22T16:26:37.436Z,1790094397436,2026-09-23,RNVDAUSDT,spot,NVDA,228.77,228.79,228.78,0.8742,320.0,174.0,228.78,618447502.0140593
2026-09-22T16:26:37.436Z,1790094397436,2026-09-23,NVDAUSDT,perp,NVDA,228.98,228.99,228.985,0.4367,18.42,394.12,229.01,13421376.0699
2026-09-22T16:26:37.436Z,1790094397436,2026-09-23,RAAPLUSDT,spot,AAPL,342.24,342.27,342.255,0.8765,160.0,20.0,342.28,371997286.3153568
2026-09-22T16:26:37.436Z,1790094397436,2026-09-23,AAPLUSDT,perp,AAPL,342.35,342.36,342.355,0.2921,780.24,0.74,342.4,5989085.2971
2026-09-22T16:26:37.436Z,1790094397436,2026-09-23,RMETAUSDT,spot,META,749.57,749.99,749.78,5.6016,40.0,58.0,749.83,1323681599.648
2026-09-22T16:26:37.436Z,1790094397436,2026-09-23,METAUSDT,perp,META,750.21,750.28,750.245,0.933,4.03,4.03,750.23,13482741.9852
2026-09-22T16:26:37.436Z,1790094397436,2026-09-23,RGOOGLUSDT,spot,GOOGL,352.85,352.9,352.875,1.4169,144.0,51.0,352.9,548289295.6239045
2026-09-22T16:26:37.436Z,1790094397436,2026-09-23,GOOGLUSDT,perp,GOOGL,353.21,353.23,353.22,0.5662,210.74,3.39,353.15,8417950.8487
2026-09-22T16:26:37.436Z,1790094397436,2026-09-23,RSPYUSDT,spot,SPY,772.84,772.87,772.855,0.3882,1150.0,90.0,772.87,682153697.5797039
2026-09-22T16:26:37.436Z,1790094397436,2026-09-23,SPYUSDT,perp,SPY,773.37,773.38,773.375,0.1293,0.52,3523.02,773.33,1505629.0809
2026-09-22T16:26:37.436Z,1790094397436,2026-09-23,RQQQUSDT,spot,QQQ,744.29,744.31,744.3,0.2687,120.0,160.0,744.33,1447136490.2649546
2026-09-22T16:26:37.436Z,1790094397436,2026-09-23,QQQUSDT,perp,QQQ,744.8,744.81,744.805,0.1343,10.14,10.68,744.88,5762587.4228
2026-09-22T16:26:37.436Z,1790094397436,2026-09-23,RSOXLUSDT,spot,SOXL,147.15,147.19,147.17000000000002,2.7179,50.0,110.0,147.2,349414193.1352903
2026-09-22T16:26:37.436Z,1790094397436,2026-09-23,SOXLUSDT,perp,SOXL,147.11,147.12,147.115,0.6797,326.07,39.21,147.11,177507502.4483
2026-09-22T16:26:37.436Z,1790094397436,2026-09-23,RHOODUSDT,spot,HOOD,123.82,123.86,123.84,3.23,100.0,500.0,123.86,78497046.91100003
2026-09-22T16:26:37.436Z,1790094397436,2026-09-23,HOODUSDT,perp,HOOD,123.99,124.0,123.995,0.8065,6.66,1066.38,124.01,8719117.3782
2026-09-22T16:26:37.436Z,1790094397436,2026-09-23,RMRVLUSDT,spot,MRVL,263.28,263.39,263.335,4.1772,101.0,89.0,263.31,160940016.6372893
2026-09-22T16:26:37.436Z,1790094397436,2026-09-23,MRVLUSDT,perp,MRVL,263.36,263.39,263.375,1.1391,3.2,17.94,263.39,18666531.7441
2026-09-22T16:27:37.440Z,1790094457440,2026-09-23,RTSLAUSDT,spot,TSLA,376.79,376.81,376.8,0.5308,45.0,85.0,376.79,396940842.4569
2026-09-22T16:27:37.440Z,1790094457440,2026-09-23,TSLAUSDT,perp,TSLA,376.98,377.0,376.99,0.5305,32.19,16.24,377.01,18529419.7925
2026-09-22T16:27:37.440Z,1790094457440,2026-09-23,RNVDAUSDT,spot,NVDA,228.67,228.7,228.685,1.3118,209.0,515.0,228.68,639021285.0428593
2026-09-22T16:27:37.440Z,1790094457440,2026-09-23,NVDAUSDT,perp,NVDA,228.87,228.88,228.875,0.4369,3.82,466.52,228.89,13369665.2877
2026-09-22T16:27:37.440Z,1790094457440,2026-09-23,RAAPLUSDT,spot,AAPL,342.28,342.33,342.30499999999995,1.4607,120.0,23.0,342.31,378432112.77205676
2026-09-22T16:27:37.440Z,1790094457440,2026-09-23,AAPLUSDT,perp,AAPL,342.39,342.4,342.395,0.2921,2.0,18.31,342.37,6002404.0314
2026-09-22T16:27:37.440Z,1790094457440,2026-09-23,RMETAUSDT,spot,META,750.62,750.86,750.74,3.1968,48.0,48.0,750.74,1356075513.8256
2026-09-22T16:27:37.440Z,1790094457440,2026-09-23,METAUSDT,perp,META,751.23,751.36,751.2950000000001,1.7303,167.4,4.03,751.34,13475765.7651
2026-09-22T16:27:37.440Z,1790094457440,2026-09-23,RGOOGLUSDT,spot,GOOGL,352.71,352.75,352.73,1.134,100.0,10.0,352.74,562055524.8729044
2026-09-22T16:27:37.440Z,1790094457440,2026-09-23,GOOGLUSDT,perp,GOOGL,353.08,353.09,353.085,0.2832,136.19,3.39,353.1,8412165.3805
2026-09-22T16:27:37.440Z,1790094457440,2026-09-23,RSPYUSDT,spot,SPY,772.84,772.86,772.85,0.2588,300.0,163.0,772.81,692721171.7593039
2026-09-22T16:27:37.440Z,1790094457440,2026-09-23,SPYUSDT,perp,SPY,773.36,773.37,773.365,0.1293,0.38,3612.0,773.33,1503204.1677
2026-09-22T16:27:37.440Z,1790094457440,2026-09-23,RQQQUSDT,spot,QQQ,744.12,744.15,744.135,0.4032,290.0,256.0,744.12,1474343737.2864544
2026-09-22T16:27:37.440Z,1790094457440,2026-09-23,QQQUSDT,perp,QQQ,744.72,744.73,744.725,0.1343,4.99,73.13,744.68,5770194.6615
2026-09-22T16:27:37.440Z,1790094457440,2026-09-23,RSOXLUSDT,spot,SOXL,146.77,146.81,146.79000000000002,2.725,60.0,13.0,146.75,362908500.95019037
2026-09-22T16:27:37.440Z,1790094457440,2026-09-23,SOXLUSDT,perp,SOXL,146.87,146.88,146.875,0.6809,75.16,1415.94,146.86,177670886.8235
2026-09-22T16:27:37.440Z,1790094457440,2026-09-23,RHOODUSDT,spot,HOOD,123.67,123.73,123.7,4.8504,308.0,10.0,123.72,79841358.78300004
2026-09-22T16:27:37.440Z,1790094457440,2026-09-23,HOODUSDT,perp,HOOD,123.87,123.88,123.875,0.8073,11.17,908.99,123.9,8718285.585
2026-09-22T16:27:37.440Z,1790094457440,2026-09-23,RMRVLUSDT,spot,MRVL,262.14,262.31,262.225,6.483,10.0,27.0,262.25,169307168.37728927
2026-09-22T16:27:37.440Z,1790094457440,2026-09-23,MRVLUSDT,perp,MRVL,262.46,262.5,262.48,1.5239,2.33,91.43,262.47,18718365.5766
2026-09-22T16:28:37.449Z,1790094517449,2026-09-23,RTSLAUSDT,spot,TSLA,376.81,376.85,376.83000000000004,1.0615,171.0,2.0,376.84,437567338.4992187
2026-09-22T16:28:37.449Z,1790094517449,2026-09-23,TSLAUSDT,perp,TSLA,377.09,377.12,377.105,0.7955,32.2,16.31,377.06,18521905.9513
2026-09-22T16:28:37.449Z,1790094517449,2026-09-23,RNVDAUSDT,spot,NVDA,228.67,228.69,228.68,0.8746,659.0,357.0,228.67,692385133.6015594
2026-09-22T16:28:37.449Z,1790094517449,2026-09-23,NVDAUSDT,perp,NVDA,228.87,228.88,228.875,0.4369,1.96,732.83,228.84,13373022.7614
2026-09-22T16:28:37.449Z,1790094517449,2026-09-23,RAAPLUSDT,spot,AAPL,342.37,342.4,342.385,0.8762,16.0,26.0,342.39,461591342.4056142
2026-09-22T16:28:37.449Z,1790094517449,2026-09-23,AAPLUSDT,perp,AAPL,342.45,342.46,342.455,0.292,0.83,312.16,342.39,5993416.823
2026-09-22T16:28:37.449Z,1790094517449,2026-09-23,RMETAUSDT,spot,META,749.61,749.93,749.77,4.268,123.0,30.0,749.93,1407760372.6926236
2026-09-22T16:28:37.449Z,1790094517449,2026-09-23,METAUSDT,perp,META,750.21,750.25,750.23,0.5332,144.0,0.07,750.18,13477547.3011
2026-09-22T16:28:37.449Z,1790094517449,2026-09-23,RGOOGLUSDT,spot,GOOGL,352.43,352.48,352.45500000000004,1.4186,88.0,10.0,352.45,625072111.3607404
2026-09-22T16:28:37.449Z,1790094517449,2026-09-23,GOOGLUSDT,perp,GOOGL,352.82,352.83,352.825,0.2834,122.85,4.27,352.81,8410274.0104
2026-09-22T16:28:37.449Z,1790094517449,2026-09-23,RSPYUSDT,spot,SPY,772.86,772.88,772.87,0.2588,880.0,39.0,772.86,989414098.1864227
2026-09-22T16:28:37.449Z,1790094517449,2026-09-23,SPYUSDT,perp,SPY,773.37,773.38,773.375,0.1293,0.71,3547.7,773.33,1503173.2707
2026-09-22T16:28:37.449Z,1790094517449,2026-09-23,RQQQUSDT,spot,QQQ,744.2,744.23,744.215,0.4031,990.0,100.0,744.21,1664050960.1653738
2026-09-22T16:28:37.449Z,1790094517449,2026-09-23,QQQUSDT,perp,QQQ,744.73,744.74,744.735,0.1343,436.45,2.25,744.68,5770179.8707
2026-09-22T16:28:37.449Z,1790094517449,2026-09-23,RSOXLUSDT,spot,SOXL,146.79,146.83,146.81,2.7246,13.0,50.0,146.79,369140144.31909037
2026-09-22T16:28:37.449Z,1790094517449,2026-09-23,SOXLUSDT,perp,SOXL,146.81,146.82,146.815,0.6811,89.37,60.61,146.85,177761511.6362
2026-09-22T16:28:37.449Z,1790094517449,2026-09-23,RHOODUSDT,spot,HOOD,123.7,123.76,123.73,4.8493,600.0,600.0,123.72,85388234.21951549
2026-09-22T16:28:37.449Z,1790094517449,2026-09-23,HOODUSDT,perp,HOOD,123.87,123.9,123.885,2.4216,7.61,301.46,123.9,8717075.9725
2026-09-22T16:28:37.449Z,1790094517449,2026-09-23,RMRVLUSDT,spot,MRVL,262.4,262.68,262.53999999999996,10.665,1.0,12.0,262.58,213737961.45672962
2026-09-22T16:28:37.449Z,1790094517449,2026-09-23,MRVLUSDT,perp,MRVL,262.62,262.65,262.635,1.1423,320.27,3.36,262.71,18787713.4101
2026-09-22T16:29:37.457Z,1790094577457,2026-09-23,RTSLAUSDT,spot,TSLA,376.88,376.92,376.9,1.0613,22.0,40.0,376.93,448321928.44721866
2026-09-22T16:29:37.457Z,1790094577457,2026-09-23,TSLAUSDT,perp,TSLA,377.07,377.1,377.08500000000004,0.7956,48.98,0.07,377.09,18512677.7779
2026-09-22T16:29:37.457Z,1790094577457,2026-09-23,RNVDAUSDT,spot,NVDA,228.7,228.72,228.70999999999998,0.8745,290.0,281.0,228.71,709094417.2150594
2026-09-22T16:29:37.457Z,1790094577457,2026-09-23,NVDAUSDT,perp,NVDA,228.88,228.89,228.885,0.4369,24.78,179.76,228.88,13375178.9035
2026-09-22T16:29:37.457Z,1790094577457,2026-09-23,RAAPLUSDT,spot,AAPL,342.52,342.57,342.54499999999996,1.4597,564.0,125.0,342.55,466950008.35381424
2026-09-22T16:29:37.457Z,1790094577457,2026-09-23,AAPLUSDT,perp,AAPL,342.61,342.62,342.615,0.2919,0.76,556.02,342.56,5999021.8934
2026-09-22T16:29:37.457Z,1790094577457,2026-09-23,RMETAUSDT,spot,META,748.77,749.14,748.9549999999999,4.9402,41.0,122.0,748.91,1445900791.1464238
2026-09-22T16:29:37.457Z,1790094577457,2026-09-23,METAUSDT,perp,META,749.48,749.57,749.5250000000001,1.2008,4.06,0.01,749.58,13488443.4946
2026-09-22T16:29:37.457Z,1790094577457,2026-09-23,RGOOGLUSDT,spot,GOOGL,352.22,352.24,352.23,0.5678,28.0,10.0,352.25,658304914.4913404
2026-09-22T16:29:37.457Z,1790094577457,2026-09-23,GOOGLUSDT,perp,GOOGL,352.51,352.55,352.53,1.1347,259.47,3.4,352.55,8419893.767
2026-09-22T16:29:37.457Z,1790094577457,2026-09-23,RSPYUSDT,spot,SPY,772.88,772.9,772.89,0.2588,45.0,455.0,772.91,998126772.7519227
2026-09-22T16:29:37.457Z,1790094577457,2026-09-23,SPYUSDT,perp,SPY,773.41,773.42,773.415,0.1293,0.37,4000.16,773.33,1503096.0403
2026-09-22T16:29:37.457Z,1790094577457,2026-09-23,RQQQUSDT,spot,QQQ,744.05,744.09,744.0699999999999,0.5376,975.0,256.0,744.11,1679132289.012574
2026-09-22T16:29:37.457Z,1790094577457,2026-09-23,QQQUSDT,perp,QQQ,744.64,744.65,744.645,0.1343,8.17,9.25,744.6,5770674.0891
2026-09-22T16:29:37.457Z,1790094577457,2026-09-23,RSOXLUSDT,spot,SOXL,146.53,146.59,146.56,4.0939,191.0,45.0,146.59,374942770.86929035
2026-09-22T16:29:37.457Z,1790094577457,2026-09-23,SOXLUSDT,perp,SOXL,146.62,146.63,146.625,0.682,6.58,141.55,146.63,177786209.6862
2026-09-22T16:29:37.457Z,1790094577457,2026-09-23,RHOODUSDT,spot,HOOD,123.76,123.8,123.78,3.2315,180.0,58.0,123.79,85895765.79351549
2026-09-22T16:29:37.457Z,1790094577457,2026-09-23,HOODUSDT,perp,HOOD,123.92,123.93,123.92500000000001,0.8069,32.86,92.0,123.92,8719042.024
2026-09-22T16:29:37.457Z,1790094577457,2026-09-23,RMRVLUSDT,spot,MRVL,262.17,262.34,262.255,6.4822,100.0,470.0,262.16,217738823.74872962
2026-09-22T16:29:37.457Z,1790094577457,2026-09-23,MRVLUSDT,perp,MRVL,262.35,262.42,262.385,2.6678,2.46,418.92,262.39,18793160.3383
2026-09-22T16:30:37.463Z,1790094637463,2026-09-23,RTSLAUSDT,spot,TSLA,376.86,376.9,376.88,1.0613,50.0,1509.0,376.89,456118048.7720187
2026-09-22T16:30:37.463Z,1790094637463,2026-09-23,TSLAUSDT,perp,TSLA,377.04,377.05,377.045,0.2652,32.21,74.29,377.08,18512694.9182
2026-09-22T16:30:37.463Z,1790094637463,2026-09-23,RNVDAUSDT,spot,NVDA,228.78,228.79,228.785,0.4371,213.0,159.0,228.79,728741125.5335593
2026-09-22T16:30:37.463Z,1790094637463,2026-09-23,NVDAUSDT,perp,NVDA,228.94,228.95,228.945,0.4368,4.72,304.4,228.9,13369123.871
2026-09-22T16:30:37.463Z,1790094637463,2026-09-23,RAAPLUSDT,spot,AAPL,342.35,342.39,342.37,1.1683,100.0,40.0,342.39,476250833.4478142
2026-09-22T16:30:37.463Z,1790094637463,2026-09-23,AAPLUSDT,perp,AAPL,342.4,342.41,342.405,0.2921,10.67,18.44,342.56,5995419.8694
2026-09-22T16:30:37.463Z,1790094637463,2026-09-23,RMETAUSDT,spot,META,749.38,749.5,749.44,1.6012,40.0,41.0,749.38,1461577627.4190238
2026-09-22T16:30:37.463Z,1790094637463,2026-09-23,METAUSDT,perp,META,749.84,749.9,749.87,0.8001,4.82,4.03,749.99,13479701.6659
2026-09-22T16:30:37.463Z,1790094637463,2026-09-23,RGOOGLUSDT,spot,GOOGL,351.78,351.83,351.80499999999995,1.4212,10.0,130.0,351.8,687207658.6598403
2026-09-22T16:30:37.463Z,1790094637463,2026-09-23,GOOGLUSDT,perp,GOOGL,352.16,352.17,352.165,0.284,0.21,3.4,352.2,8423060.4973
2026-09-22T16:30:37.463Z,1790094637463,2026-09-23,RSPYUSDT,spot,SPY,773.01,773.02,773.015,0.1294,20.0,20.0,773.07,1008167273.0866227
2026-09-22T16:30:37.463Z,1790094637463,2026-09-23,SPYUSDT,perp,SPY,773.49,773.5,773.495,0.1293,0.36,3309.21,773.33,1502246.249
2026-09-22T16:30:37.463Z,1790094637463,2026-09-23,RQQQUSDT,spot,QQQ,744.24,744.25,744.245,0.1344,200.0,40.0,744.27,1696593202.710574
2026-09-22T16:30:37.463Z,1790094637463,2026-09-23,QQQUSDT,perp,QQQ,744.74,744.75,744.745,0.1343,84.32,0.63,744.74,5768746.841
2026-09-22T16:30:37.463Z,1790094637463,2026-09-23,RSOXLUSDT,spot,SOXL,146.91,146.96,146.935,3.4029,150.0,74.0,146.96,382955125.04859036
2026-09-22T16:30:37.463Z,1790094637463,2026-09-23,SOXLUSDT,perp,SOXL,146.98,146.99,146.985,0.6803,8.8,18.2,147.0,177840932.5942
2026-09-22T16:30:37.463Z,1790094637463,2026-09-23,RHOODUSDT,spot,HOOD,123.83,123.87,123.85,3.2297,76.0,18.0,123.87,87222605.76001549
2026-09-22T16:30:37.463Z,1790094637463,2026-09-23,HOODUSDT,perp,HOOD,124.01,124.02,124.015,0.8064,0.51,473.52,123.99,8717664.4948
2026-09-22T16:30:37.463Z,1790094637463,2026-09-23,RMRVLUSDT,spot,MRVL,262.48,262.78,262.63,11.4229,100.0,27.0,262.62,220365346.98932964
2026-09-22T16:30:37.463Z,1790094637463,2026-09-23,MRVLUSDT,perp,MRVL,262.79,262.82,262.805,1.1415,17.94,2.94,262.8,18777221.7235
2026-09-22T16:31:37.473Z,1790094697473,2026-09-23,RTSLAUSDT,spot,TSLA,376.97,377.03,377.0,1.5915,1.0,30.0,377.01,467013695.3611187
2026-09-22T16:31:37.473Z,1790094697473,2026-09-23,TSLAUSDT,perp,TSLA,377.13,377.15,377.14,0.5303,0.07,16.24,377.13,18523297.3862
2026-09-22T16:31:37.473Z,1790094697473,2026-09-23,RNVDAUSDT,spot,NVDA,228.73,228.74,228.735,0.4372,9.0,46.0,228.71,743895100.7822593
2026-09-22T16:31:37.473Z,1790094697473,2026-09-23,NVDAUSDT,perp,NVDA,228.88,228.89,228.885,0.4369,73.95,14.58,228.89,12828575.9213
2026-09-22T16:31:37.473Z,1790094697473,2026-09-23,RAAPLUSDT,spot,AAPL,342.42,342.46,342.44,1.1681,280.0,1.0,342.44,481537758.96151423
2026-09-22T16:31:37.473Z,1790094697473,2026-09-23,AAPLUSDT,perp,AAPL,342.49,342.51,342.5,0.5839,17.02,17.52,342.49,5998755.9452
2026-09-22T16:31:37.473Z,1790094697473,2026-09-23,RMETAUSDT,spot,META,749.26,749.6,749.4300000000001,4.5368,41.0,137.0,749.43,1487993861.2822237
2026-09-22T16:31:37.473Z,1790094697473,2026-09-23,METAUSDT,perp,META,749.82,749.96,749.8900000000001,1.8669,4.82,4.03,750.13,13455481.6211
2026-09-22T16:31:37.473Z,1790094697473,2026-09-23,RGOOGLUSDT,spot,GOOGL,351.4,351.45,351.42499999999995,1.4228,57.0,10.0,351.41,721857843.8114403
2026-09-22T16:31:37.473Z,1790094697473,2026-09-23,GOOGLUSDT,perp,GOOGL,351.75,351.77,351.76,0.5686,0.23,3.4,351.77,8469261.9507
2026-09-22T16:31:37.473Z,1790094697473,2026-09-23,RSPYUSDT,spot,SPY,773.06,773.09,773.075,0.3881,335.0,460.0,773.07,1019292738.2985227
2026-09-22T16:31:37.473Z,1790094697473,2026-09-23,SPYUSDT,perp,SPY,773.55,773.56,773.555,0.1293,0.37,90.32,773.55,1501898.5936
2026-09-22T16:31:37.473Z,1790094697473,2026-09-23,RQQQUSDT,spot,QQQ,744.4,744.43,744.415,0.403,990.0,118.0,744.37,1766288196.513574
2026-09-22T16:31:37.473Z,1790094697473,2026-09-23,QQQUSDT,perp,QQQ,744.91,744.92,744.915,0.1342,71.83,3.79,744.74,5768007.2271
2026-09-22T16:31:37.473Z,1790094697473,2026-09-23,RSOXLUSDT,spot,SOXL,147.19,147.25,147.22,4.0755,288.0,14.0,147.17,396335958.4136903
2026-09-22T16:31:37.473Z,1790094697473,2026-09-23,SOXLUSDT,perp,SOXL,147.26,147.27,147.265,0.679,124.16,137.85,147.25,177871136.9348
2026-09-22T16:31:37.473Z,1790094697473,2026-09-23,RHOODUSDT,spot,HOOD,123.76,123.78,123.77000000000001,1.6159,600.0,75.0,123.76,88143058.5200155
2026-09-22T16:31:37.473Z,1790094697473,2026-09-23,HOODUSDT,perp,HOOD,123.93,123.95,123.94,1.6137,30.86,387.49,123.92,8714330.8084
2026-09-22T16:31:37.473Z,1790094697473,2026-09-23,RMRVLUSDT,spot,MRVL,262.69,262.87,262.78,6.8498,160.0,183.0,262.78,223070054.38412964
2026-09-22T16:31:37.473Z,1790094697473,2026-09-23,MRVLUSDT,perp,MRVL,262.94,262.97,262.95500000000004,1.1409,0.21,118.76,262.91,18781502.0526
2026-09-22T16:32:37.477Z,1790094757477,2026-09-23,RTSLAUSDT,spot,TSLA,376.88,376.96,376.91999999999996,2.1225,2.0,104.0,376.91,479448527.4725187
2026-09-22T16:32:37.477Z,1790094757477,2026-09-23,TSLAUSDT,perp,TSLA,377.05,377.08,377.065,0.7956,0.07,90.75,377.04,18523003.1443
2026-09-22T16:32:37.477Z,1790094757477,2026-09-23,RNVDAUSDT,spot,NVDA,228.63,228.65,228.64,0.8747,360.0,135.0,228.65,759040397.5802593
2026-09-22T16:32:37.477Z,1790094757477,2026-09-23,NVDAUSDT,perp,NVDA,228.81,228.82,228.815,0.437,54.74,370.77,228.78,12785771.8799
2026-09-22T16:32:37.477Z,1790094757477,2026-09-23,RAAPLUSDT,spot,AAPL,342.47,342.52,342.495,1.4599,45.0,3.0,342.5,490822366.31571424
2026-09-22T16:32:37.477Z,1790094757477,2026-09-23,AAPLUSDT,perp,AAPL,342.55,342.56,342.555,0.2919,1.02,27.22,342.54,6020917.0776
2026-09-22T16:32:37.477Z,1790094757477,2026-09-23,RMETAUSDT,spot,META,749.05,749.19,749.12,1.8689,48.0,50.0,749.12,1517300751.4284236
2026-09-22T16:32:37.477Z,1790094757477,2026-09-23,METAUSDT,perp,META,749.37,749.44,749.405,0.9341,4.03,6.97,749.11,13450983.7764
2026-09-22T16:32:37.477Z,1790094757477,2026-09-23,RGOOGLUSDT,spot,GOOGL,350.34,350.4,350.37,1.7125,48.0,1.0,350.42,771488075.0063404
2026-09-22T16:32:37.477Z,1790094757477,2026-09-23,GOOGLUSDT,perp,GOOGL,350.74,350.75,350.745,0.2851,0.05,3.41,350.75,8553649.9153
2026-09-22T16:32:37.477Z,1790094757477,2026-09-23,RSPYUSDT,spot,SPY,772.93,772.95,772.94,0.2588,60.0,110.0,772.94,1030907290.9197227
2026-09-22T16:32:37.477Z,1790094757477,2026-09-23,SPYUSDT,perp,SPY,773.45,773.46,773.455,0.1293,0.37,117.78,773.55,1497354.3495
2026-09-22T16:32:37.477Z,1790094757477,2026-09-23,RQQQUSDT,spot,QQQ,744.33,744.35,744.34,0.2687,140.0,100.0,744.33,1777123939.394374
2026-09-22T16:32:37.477Z,1790094757477,2026-09-23,QQQUSDT,perp,QQQ,744.84,744.85,744.845,0.1343,79.19,11.49,744.83,5769065.575
2026-09-22T16:32:37.477Z,1790094757477,2026-09-23,RSOXLUSDT,spot,SOXL,147.23,147.28,147.255,3.3955,230.0,120.0,147.28,402764874.7437903
2026-09-22T16:32:37.477Z,1790094757477,2026-09-23,SOXLUSDT,perp,SOXL,147.24,147.25,147.245,0.6791,46.52,103.38,147.25,177635862.5453
2026-09-22T16:32:37.477Z,1790094757477,2026-09-23,RHOODUSDT,spot,HOOD,123.9,123.97,123.935,5.6481,184.0,30.0,123.91,90089876.11121549
2026-09-22T16:32:37.477Z,1790094757477,2026-09-23,HOODUSDT,perp,HOOD,124.08,124.1,124.09,1.6117,5.68,0.16,124.09,8712952.6049
2026-09-22T16:32:37.477Z,1790094757477,2026-09-23,RMRVLUSDT,spot,MRVL,262.67,262.77,262.72,3.8063,13.0,45.0,262.73,224488248.43412963
2026-09-22T16:32:37.477Z,1790094757477,2026-09-23,MRVLUSDT,perp,MRVL,262.84,262.91,262.875,2.6629,0.03,95.07,262.86,18756019.0108
2026-09-22T16:33:37.478Z,1790094817478,2026-09-23,RTSLAUSDT,spot,TSLA,377.17,377.19,377.18,0.5303,1.0,1.0,377.16,494768313.8196187
2026-09-22T16:33:37.478Z,1790094817478,2026-09-23,TSLAUSDT,perp,TSLA,377.28,377.31,377.29499999999996,0.7951,32.09,16.24,377.28,18536563.7307
2026-09-22T16:33:37.478Z,1790094817478,2026-09-23,RNVDAUSDT,spot,NVDA,228.66,228.68,228.67000000000002,0.8746,333.0,602.0,228.7,769650434.3669593
2026-09-22T16:33:37.478Z,1790094817478,2026-09-23,NVDAUSDT,perp,NVDA,228.84,228.85,228.845,0.437,52.79,50.76,228.86,12747061.595
2026-09-22T16:33:37.478Z,1790094817478,2026-09-23,RAAPLUSDT,spot,AAPL,342.59,342.64,342.615,1.4594,42.0,11.0,342.63,499288446.78741425
2026-09-22T16:33:37.478Z,1790094817478,2026-09-23,AAPLUSDT,perp,AAPL,342.67,342.68,342.675,0.2918,0.86,36.22,342.6,6022873.3104
2026-09-22T16:33:37.478Z,1790094817478,2026-09-23,RMETAUSDT,spot,META,748.49,748.75,748.62,3.4731,90.0,1.0,748.67,1541395567.7917237
2026-09-22T16:33:37.478Z,1790094817478,2026-09-23,METAUSDT,perp,META,749.19,749.44,749.315,3.3364,4.03,1.97,749.36,13449302.0621
2026-09-22T16:33:37.478Z,1790094817478,2026-09-23,RGOOGLUSDT,spot,GOOGL,351.12,351.19,351.155,1.9934,34.0,10.0,351.3,818421065.9152404
2026-09-22T16:33:37.478Z,1790094817478,2026-09-23,GOOGLUSDT,perp,GOOGL,351.51,351.55,351.53,1.1379,0.66,3.41,351.55,8583231.4688
2026-09-22T16:33:37.478Z,1790094817478,2026-09-23,RSPYUSDT,spot,SPY,773.06,773.08,773.0699999999999,0.2587,200.0,11.0,773.08,1047479496.7023227
2026-09-22T16:33:37.478Z,1790094817478,2026-09-23,SPYUSDT,perp,SPY,773.49,773.5,773.495,0.1293,1.45,75.89,773.55,1483595.9191
2026-09-22T16:33:37.478Z,1790094817478,2026-09-23,RQQQUSDT,spot,QQQ,744.56,744.58,744.5699999999999,0.2686,1873.0,800.0,744.57,1799298652.0572739
2026-09-22T16:33:37.478Z,1790094817478,2026-09-23,QQQUSDT,perp,QQQ,745.07,745.08,745.075,0.1342,79.12,7.31,744.83,5740486.5144
2026-09-22T16:33:37.478Z,1790094817478,2026-09-23,RSOXLUSDT,spot,SOXL,147.4,147.44,147.42000000000002,2.7133,4.0,100.0,147.39,406905022.37189037
2026-09-22T16:33:37.478Z,1790094817478,2026-09-23,SOXLUSDT,perp,SOXL,147.36,147.37,147.365,0.6786,253.82,7.95,147.38,177528575.0519
2026-09-22T16:33:37.478Z,1790094817478,2026-09-23,RHOODUSDT,spot,HOOD,123.85,123.9,123.875,4.0363,500.0,800.0,123.93,91751083.66121548
2026-09-22T16:33:37.478Z,1790094817478,2026-09-23,HOODUSDT,perp,HOOD,124.02,124.04,124.03,1.6125,30.86,387.13,124.02,8716986.2834
2026-09-22T16:33:37.478Z,1790094817478,2026-09-23,RMRVLUSDT,spot,MRVL,262.72,262.89,262.805,6.4687,100.0,149.0,262.81,228234051.02912962
2026-09-22T16:33:37.478Z,1790094817478,2026-09-23,MRVLUSDT,perp,MRVL,262.86,262.9,262.88,1.5216,17.94,3.99,262.89,18756774.4293
2026-09-22T16:34:37.492Z,1790094877492,2026-09-23,RTSLAUSDT,spot,TSLA,377.36,377.44,377.4,2.1198,230.0,3.0,377.43,507070625.6115187
2026-09-22T16:34:37.492Z,1790094877492,2026-09-23,TSLAUSDT,perp,TSLA,377.53,377.54,377.53499999999997,0.2649,0.21,16.24,377.52,18547828.8427
2026-09-22T16:34:37.492Z,1790094877492,2026-09-23,RNVDAUSDT,spot,NVDA,228.69,228.71,228.7,0.8745,547.0,278.0,228.71,777601099.6866593
2026-09-22T16:34:37.492Z,1790094877492,2026-09-23,NVDAUSDT,perp,NVDA,228.85,228.86,228.85500000000002,0.437,77.49,208.08,228.84,12725813.276
2026-09-22T16:34:37.492Z,1790094877492,2026-09-23,RAAPLUSDT,spot,AAPL,342.58,342.63,342.605,1.4594,120.0,5.0,342.61,509443532.15981424
2026-09-22T16:34:37.492Z,1790094877492,2026-09-23,AAPLUSDT,perp,AAPL,342.64,342.65,342.645,0.2918,0.75,27.23,342.61,6033226.6743
2026-09-22T16:34:37.492Z,1790094877492,2026-09-23,RMETAUSDT,spot,META,748.44,748.85,748.645,5.4766,286.0,32.0,748.65,1571813484.4417238
2026-09-22T16:34:37.492Z,1790094877492,2026-09-23,METAUSDT,perp,META,748.97,749.03,749.0,0.8011,4.03,4.03,748.88,13426782.418
2026-09-22T16:34:37.492Z,1790094877492,2026-09-23,RGOOGLUSDT,spot,GOOGL,351.28,351.33,351.30499999999995,1.4233,26.0,10.0,351.38,849856404.1355404
2026-09-22T16:34:37.492Z,1790094877492,2026-09-23,GOOGLUSDT,perp,GOOGL,351.6,351.64,351.62,1.1376,15.1,3.4,351.39,8603999.2367
2026-09-22T16:34:37.492Z,1790094877492,2026-09-23,RSPYUSDT,spot,SPY,773.15,773.18,773.165,0.388,120.0,775.0,773.17,1065792931.6931226
2026-09-22T16:34:37.492Z,1790094877492,2026-09-23,SPYUSDT,perp,SPY,773.62,773.63,773.625,0.1293,0.77,121.41,773.51,1483340.8804
2026-09-22T16:34:37.492Z,1790094877492,2026-09-23,RQQQUSDT,spot,QQQ,744.66,744.7,744.6800000000001,0.5371,1016.0,235.0,744.67,1819191250.2271738
2026-09-22T16:34:37.492Z,1790094877492,2026-09-23,QQQUSDT,perp,QQQ,745.16,745.17,745.165,0.1342,2.73,2.34,745.14,5724744.3916
2026-09-22T16:34:37.492Z,1790094877492,2026-09-23,RSOXLUSDT,spot,SOXL,147.4,147.41,147.405,0.6784,164.0,200.0,147.47,484101152.3398268
2026-09-22T16:34:37.492Z,1790094877492,2026-09-23,SOXLUSDT,perp,SOXL,147.44,147.45,147.445,0.6782,18.45,12.28,147.43,177500431.8724
2026-09-22T16:34:37.492Z,1790094877492,2026-09-23,RHOODUSDT,spot,HOOD,123.92,124.0,123.96000000000001,6.4537,548.0,623.0,123.96,92431687.1152155
2026-09-22T16:34:37.492Z,1790094877492,2026-09-23,HOODUSDT,perp,HOOD,124.14,124.15,124.14500000000001,0.8055,30.86,451.71,124.02,8715159.0839
2026-09-22T16:34:37.492Z,1790094877492,2026-09-23,RMRVLUSDT,spot,MRVL,262.77,262.89,262.83,4.5657,12.0,194.0,262.87,231451813.63412964
2026-09-22T16:34:37.492Z,1790094877492,2026-09-23,MRVLUSDT,perp,MRVL,262.94,262.95,262.945,0.3803,17.94,2.94,262.94,18667472.0722
2026-09-22T16:35:37.500Z,1790094937500,2026-09-23,RTSLAUSDT,spot,TSLA,377.29,377.36,377.32500000000005,1.8552,93.0,1.0,377.37,517322411.05281866
2026-09-22T16:35:37.500Z,1790094937500,2026-09-23,TSLAUSDT,perp,TSLA,377.44,377.46,377.45,0.5299,48.71,16.24,377.41,18530306.4296
2026-09-22T16:35:37.500Z,1790094937500,2026-09-23,RNVDAUSDT,spot,NVDA,228.68,228.69,228.685,0.4373,91.0,140.0,228.69,790557260.3432593
2026-09-22T16:35:37.500Z,1790094937500,2026-09-23,NVDAUSDT,perp,NVDA,228.85,228.86,228.85500000000002,0.437,78.55,125.33,228.88,12700573.7509
2026-09-22T16:35:37.500Z,1790094937500,2026-09-23,RAAPLUSDT,spot,AAPL,342.65,342.66,342.655,0.2918,1.0,9.0,342.66,534864606.43681425
2026-09-22T16:35:37.500Z,1790094937500,2026-09-23,AAPLUSDT,perp,AAPL,342.71,342.72,342.71500000000003,0.2918,0.83,10.2,342.69,6029933.0321
2026-09-22T16:35:37.500Z,1790094937500,2026-09-23,RMETAUSDT,spot,META,748.11,748.7,748.405,7.8834,40.0,7.0,748.39,1592817471.8482237
2026-09-22T16:35:37.500Z,1790094937500,2026-09-23,METAUSDT,perp,META,748.86,749.02,748.94,2.1364,4.03,0.03,749.08,13408096.2363
2026-09-22T16:35:37.500Z,1790094937500,2026-09-23,RGOOGLUSDT,spot,GOOGL,351.55,351.62,351.58500000000004,1.991,10.0,16.0,351.6,883054702.3867404
2026-09-22T16:35:37.500Z,1790094937500,2026-09-23,GOOGLUSDT,perp,GOOGL,351.94,351.98,351.96000000000004,1.1365,10.65,0.03,351.97,8659684.0239
2026-09-22T16:35:37.500Z,1790094937500,2026-09-23,RSPYUSDT,spot,SPY,773.1,773.12,773.11,0.2587,285.0,113.0,773.11,1079094772.3409226
2026-09-22T16:35:37.500Z,1790094937500,2026-09-23,SPYUSDT,perp,SPY,773.57,773.58,773.575,0.1293,3.93,31.99,773.51,1483008.5073
2026-09-22T16:35:37.500Z,1790094937500,2026-09-23,RQQQUSDT,spot,QQQ,744.48,744.51,744.495,0.403,129.0,60.0,744.51,1832507356.873474
2026-09-22T16:35:37.500Z,1790094937500,2026-09-23,QQQUSDT,perp,QQQ,745.03,745.04,745.035,0.1342,11.84,9.24,745.14,5724744.3916
2026-09-22T16:35:37.500Z,1790094937500,2026-09-23,RSOXLUSDT,spot,SOXL,147.3,147.35,147.325,3.3939,84.0,210.0,147.33,488249846.31842685
2026-09-22T16:35:37.500Z,1790094937500,2026-09-23,SOXLUSDT,perp,SOXL,147.32,147.33,147.325,0.6788,89.65,5.97,147.35,177477585.6203
2026-09-22T16:35:37.500Z,1790094937500,2026-09-23,RHOODUSDT,spot,HOOD,123.91,123.96,123.935,4.0344,50.0,515.0,123.93,94388890.21521549
2026-09-22T16:35:37.500Z,1790094937500,2026-09-23,HOODUSDT,perp,HOOD,124.08,124.11,124.095,2.4175,30.86,48.53,124.14,8718405.9611
2026-09-22T16:35:37.500Z,1790094937500,2026-09-23,RMRVLUSDT,spot,MRVL,262.63,262.78,262.705,5.7098,11.0,44.0,262.69,235504195.95412964
2026-09-22T16:35:37.500Z,1790094937500,2026-09-23,MRVLUSDT,perp,MRVL,262.7,262.75,262.725,1.9031,0.03,2.52,262.73,18605663.1276
2026-09-22T16:36:37.508Z,1790094997508,2026-09-23,RTSLAUSDT,spot,TSLA,377.73,377.82,377.775,2.3824,21.0,250.0,377.78,546353680.9618187
2026-09-22T16:36:37.508Z,1790094997508,2026-09-23,TSLAUSDT,perp,TSLA,377.92,377.93,377.925,0.2646,0.38,16.24,377.9,18570024.481
2026-09-22T16:36:37.508Z,1790094997508,2026-09-23,RNVDAUSDT,spot,NVDA,228.66,228.67,228.665,0.4373,340.0,301.0,228.67,805541982.5674593
2026-09-22T16:36:37.508Z,1790094997508,2026-09-23,NVDAUSDT,perp,NVDA,228.81,228.82,228.815,0.437,9.36,108.63,228.83,12673239.8568
2026-09-22T16:36:37.508Z,1790094997508,2026-09-23,RAAPLUSDT,spot,AAPL,342.59,342.63,342.61,1.1675,79.0,6.0,342.58,565706616.5048143
2026-09-22T16:36:37.508Z,1790094997508,2026-09-23,AAPLUSDT,perp,AAPL,342.61,342.62,342.615,0.2919,0.72,18.27,342.66,6080816.0652
2026-09-22T16:36:37.508Z,1790094997508,2026-09-23,RMETAUSDT,spot,META,747.14,747.38,747.26,3.2117,6.0,40.0,747.26,1623755176.3042238
2026-09-22T16:36:37.508Z,1790094997508,2026-09-23,METAUSDT,perp,META,747.71,747.93,747.8199999999999,2.9419,4.03,22.93,747.63,13366049.2333
2026-09-22T16:36:37.508Z,1790094997508,2026-09-23,RGOOGLUSDT,spot,GOOGL,351.23,351.26,351.245,0.8541,15.0,6.0,351.18,907805916.5222404
2026-09-22T16:36:37.508Z,1790094997508,2026-09-23,GOOGLUSDT,perp,GOOGL,351.41,351.48,351.44500000000005,1.9918,8.6,4.85,351.49,8682113.7998
2026-09-22T16:36:37.508Z,1790094997508,2026-09-23,RSPYUSDT,spot,SPY,772.98,773.01,772.995,0.3881,455.0,460.0,773.01,1095105219.2377226
2026-09-22T16:36:37.508Z,1790094997508,2026-09-23,SPYUSDT,perp,SPY,773.49,773.5,773.495,0.1293,4.33,43.62,773.57,1482328.3561
2026-09-22T16:36:37.508Z,1790094997508,2026-09-23,RQQQUSDT,spot,QQQ,744.37,744.4,744.385,0.403,127.0,180.0,744.4,1839298928.6534739
2026-09-22T16:36:37.508Z,1790094997508,2026-09-23,QQQUSDT,perp,QQQ,744.91,744.92,744.915,0.1342,4.88,2.03,745.14,5724603.8176
2026-09-22T16:36:37.508Z,1790094997508,2026-09-23,RSOXLUSDT,spot,SOXL,147.29,147.33,147.31,2.7154,110.0,140.0,147.27,497030647.58862686
2026-09-22T16:36:37.508Z,1790094997508,2026-09-23,SOXLUSDT,perp,SOXL,147.4,147.41,147.405,0.6784,24.86,322.16,147.4,177333514.8998
2026-09-22T16:36:37.508Z,1790094997508,2026-09-23,RHOODUSDT,spot,HOOD,123.82,123.86,123.84,3.23,500.0,2.0,123.83,95222801.93521549
2026-09-22T16:36:37.508Z,1790094997508,2026-09-23,HOODUSDT,perp,HOOD,124.0,124.03,124.015,2.4191,35.86,451.77,123.97,8698708.7435
2026-09-22T16:36:37.508Z,1790094997508,2026-09-23,RMRVLUSDT,spot,MRVL,262.81,263.0,262.905,7.2269,40.0,61.0,262.77,237153719.44152963
2026-09-22T16:36:37.508Z,1790094997508,2026-09-23,MRVLUSDT,perp,MRVL,263.18,263.2,263.19,0.7599,0.05,117.56,263.08,18601825.8719
2026-09-22T16:37:37.520Z,1790095057520,2026-09-23,RTSLAUSDT,spot,TSLA,377.69,377.77,377.73,2.1179,102.0,1.0,377.78,690811357.1258637
2026-09-22T16:37:37.520Z,1790095057520,2026-09-23,TSLAUSDT,perp,TSLA,377.87,377.88,377.875,0.2646,0.07,16.24,377.96,18542246.3817
2026-09-22T16:37:37.520Z,1790095057520,2026-09-23,RNVDAUSDT,spot,NVDA,228.84,228.86,228.85000000000002,0.8739,106.0,217.0,228.85,888345066.6983213
2026-09-22T16:37:37.520Z,1790095057520,2026-09-23,NVDAUSDT,perp,NVDA,229.0,229.01,229.005,0.4367,4.64,382.5,228.92,12658784.4068
2026-09-22T16:37:37.520Z,1790095057520,2026-09-23,RAAPLUSDT,spot,AAPL,342.7,342.73,342.71500000000003,0.8754,20.0,43.0,342.71,585147995.007816
2026-09-22T16:37:37.520Z,1790095057520,2026-09-23,AAPLUSDT,perp,AAPL,342.75,342.76,342.755,0.2918,0.9,27.2,342.75,6083983.7434
2026-09-22T16:37:37.520Z,1790095057520,2026-09-23,RMETAUSDT,spot,META,746.25,746.57,746.4100000000001,4.2872,100.0,214.0,746.3,1740384150.071778
2026-09-22T16:37:37.520Z,1790095057520,2026-09-23,METAUSDT,perp,META,746.45,746.49,746.47,0.5359,0.8,0.03,746.38,13361912.714
2026-09-22T16:37:37.520Z,1790095057520,2026-09-23,RGOOGLUSDT,spot,GOOGL,351.34,351.4,351.37,1.7076,10.0,125.0,351.36,984731150.8992254
2026-09-22T16:37:37.520Z,1790095057520,2026-09-23,GOOGLUSDT,perp,GOOGL,351.7,351.75,351.725,1.4216,10.49,7.48,351.71,8702591.6335
2026-09-22T16:37:37.520Z,1790095057520,2026-09-23,RSPYUSDT,spot,SPY,773.04,773.08,773.06,0.5174,375.0,596.0,773.06,1188927074.3519363
2026-09-22T16:37:37.520Z,1790095057520,2026-09-23,SPYUSDT,perp,SPY,773.49,773.5,773.495,0.1293,3.94,74.84,773.5,1485012.4956
2026-09-22T16:37:37.520Z,1790095057520,2026-09-23,RQQQUSDT,spot,QQQ,744.5,744.53,744.515,0.4029,916.0,296.0,744.53,1927332284.2057712
2026-09-22T16:37:37.520Z,1790095057520,2026-09-23,QQQUSDT,perp,QQQ,745.02,745.03,745.025,0.1342,8.51,10.16,744.98,5714957.2152
2026-09-22T16:37:37.520Z,1790095057520,2026-09-23,RSOXLUSDT,spot,SOXL,147.5,147.53,147.515,2.0337,14.0,20.0,147.53,504760768.17982686
2026-09-22T16:37:37.520Z,1790095057520,2026-09-23,SOXLUSDT,perp,SOXL,147.53,147.54,147.535,0.6778,2.36,93.8,147.53,177285145.2996
2026-09-22T16:37:37.520Z,1790095057520,2026-09-23,RHOODUSDT,spot,HOOD,123.83,123.9,123.86500000000001,5.6513,234.0,512.0,123.9,101097974.8342076
2026-09-22T16:37:37.520Z,1790095057520,2026-09-23,HOODUSDT,perp,HOOD,124.02,124.05,124.035,2.4187,31.42,0.17,124.05,8699801.3119
2026-09-22T16:37:37.520Z,1790095057520,2026-09-23,RMRVLUSDT,spot,MRVL,262.83,262.86,262.845,1.1414,10.0,33.0,262.82,256893091.48927274
2026-09-22T16:37:37.520Z,1790095057520,2026-09-23,MRVLUSDT,perp,MRVL,262.91,262.93,262.92,0.7607,17.94,3.99,262.92,18576452.3941
2026-09-22T16:38:37.533Z,1790095117533,2026-09-23,RTSLAUSDT,spot,TSLA,377.58,377.62,377.6,1.0593,8.0,10.0,377.62,709384953.4609636
2026-09-22T16:38:37.533Z,1790095117533,2026-09-23,TSLAUSDT,perp,TSLA,377.71,377.76,377.735,1.3237,16.74,2.17,377.71,18541805.3657
2026-09-22T16:38:37.533Z,1790095117533,2026-09-23,RNVDAUSDT,spot,NVDA,228.86,228.87,228.865,0.4369,418.0,103.0,228.87,908775595.4932214
2026-09-22T16:38:37.533Z,1790095117533,2026-09-23,NVDAUSDT,perp,NVDA,229.02,229.03,229.025,0.4366,27.85,87.72,229.02,12647334.3876
2026-09-22T16:38:37.533Z,1790095117533,2026-09-23,RAAPLUSDT,spot,AAPL,342.63,342.67,342.65,1.1674,40.0,1.0,342.66,596151286.109616
2026-09-22T16:38:37.533Z,1790095117533,2026-09-23,AAPLUSDT,perp,AAPL,342.7,342.71,342.705,0.2918,1.36,9.67,342.8,6084347.1912
2026-09-22T16:38:37.533Z,1790095117533,2026-09-23,RMETAUSDT,spot,META,744.0,744.26,744.13,3.494,50.0,8.0,744.25,1799027941.102978
2026-09-22T16:38:37.533Z,1790095117533,2026-09-23,METAUSDT,perp,META,744.76,744.94,744.85,2.4166,4.03,23.03,744.7,13361013.8792
2026-09-22T16:38:37.533Z,1790095117533,2026-09-23,RGOOGLUSDT,spot,GOOGL,350.91,350.96,350.935,1.4248,18.0,132.0,350.93,1004389690.5666254
2026-09-22T16:38:37.533Z,1790095117533,2026-09-23,GOOGLUSDT,perp,GOOGL,351.28,351.32,351.29999999999995,1.1386,9.12,4.76,351.25,8709262.7462
2026-09-22T16:38:37.533Z,1790095117533,2026-09-23,RSPYUSDT,spot,SPY,772.85,772.88,772.865,0.3882,435.0,120.0,772.88,1215481950.0226362
2026-09-22T16:38:37.533Z,1790095117533,2026-09-23,SPYUSDT,perp,SPY,773.35,773.36,773.355,0.1293,3.93,69.6,773.5,1484224.3253
2026-09-22T16:38:37.533Z,1790095117533,2026-09-23,RQQQUSDT,spot,QQQ,744.33,744.35,744.34,0.2687,243.0,80.0,744.31,1941044092.3555713
2026-09-22T16:38:37.533Z,1790095117533,2026-09-23,QQQUSDT,perp,QQQ,744.81,744.82,744.815,0.1343,82.09,7.83,744.83,5714720.6846
2026-09-22T16:38:37.533Z,1790095117533,2026-09-23,RSOXLUSDT,spot,SOXL,147.46,147.51,147.485,3.3902,50.0,110.0,147.48,508387641.13982683
2026-09-22T16:38:37.533Z,1790095117533,2026-09-23,SOXLUSDT,perp,SOXL,147.47,147.48,147.475,0.6781,88.84,70.81,147.47,177214603.6454
2026-09-22T16:38:37.533Z,1790095117533,2026-09-23,RHOODUSDT,spot,HOOD,123.74,123.79,123.765,4.0399,2.0,20.0,123.77,102031684.63420759
2026-09-22T16:38:37.533Z,1790095117533,2026-09-23,HOODUSDT,perp,HOOD,123.88,123.91,123.895,2.4214,30.86,431.31,123.9,8690572.8508
2026-09-22T16:38:37.533Z,1790095117533,2026-09-23,RMRVLUSDT,spot,MRVL,262.69,262.87,262.78,6.8498,100.0,47.0,262.79,258105749.26927274
2026-09-22T16:38:37.533Z,1790095117533,2026-09-23,MRVLUSDT,perp,MRVL,262.86,262.92,262.89,2.2823,18.99,28.95,262.97,18583414.2951
2026-09-22T16:39:37.536Z,1790095177536,2026-09-23,RTSLAUSDT,spot,TSLA,377.71,377.76,377.735,1.3237,20.0,40.0,377.74,718359606.4187636
2026-09-22T16:39:37.536Z,1790095177536,2026-09-23,TSLAUSDT,perp,TSLA,377.85,377.89,377.87,1.0586,16.31,16.46,377.88,18537236.6969
2026-09-22T16:39:37.536Z,1790095177536,2026-09-23,RNVDAUSDT,spot,NVDA,229.02,229.04,229.03,0.8732,496.0,395.0,229.03,948724963.4296213
2026-09-22T16:39:37.536Z,1790095177536,2026-09-23,NVDAUSDT,perp,NVDA,229.11,229.12,229.115,0.4365,59.52,7.2,229.15,12654496.9705
2026-09-22T16:39:37.536Z,1790095177536,2026-09-23,RAAPLUSDT,spot,AAPL,342.77,342.84,342.80499999999995,2.042,95.0,43.0,342.85,611227094.988416
2026-09-22T16:39:37.536Z,1790095177536,2026-09-23,AAPLUSDT,perp,AAPL,342.84,342.85,342.845,0.2917,0.85,27.73,342.9,6084813.8797
2026-09-22T16:39:37.536Z,1790095177536,2026-09-23,RMETAUSDT,spot,META,743.58,743.77,743.675,2.5549,120.0,115.0,743.75,1838102187.816078
2026-09-22T16:39:37.536Z,1790095177536,2026-09-23,METAUSDT,perp,META,744.14,744.25,744.1949999999999,1.4781,0.8,4.03,744.02,13362897.4922
2026-09-22T16:39:37.536Z,1790095177536,2026-09-23,RGOOGLUSDT,spot,GOOGL,351.15,351.18,351.16499999999996,0.8543,10.0,13.0,351.13,1010988816.0548253
2026-09-22T16:39:37.536Z,1790095177536,2026-09-23,GOOGLUSDT,perp,GOOGL,351.56,351.61,351.58500000000004,1.4221,10.9,3.41,351.62,8706366.3102
2026-09-22T16:39:37.536Z,1790095177536,2026-09-23,RSPYUSDT,spot,SPY,772.99,773.02,773.005,0.3881,100.0,600.0,773.01,1228784495.2388363
2026-09-22T16:39:37.536Z,1790095177536,2026-09-23,SPYUSDT,perp,SPY,773.43,773.44,773.435,0.1293,0.67,0.38,773.33,1463777.1477
2026-09-22T16:39:37.536Z,1790095177536,2026-09-23,RQQQUSDT,spot,QQQ,744.4,744.44,744.4200000000001,0.5373,578.0,1020.0,744.42,1959594420.9925714
2026-09-22T16:39:37.536Z,1790095177536,2026-09-23,QQQUSDT,perp,QQQ,744.9,744.91,744.905,0.1342,13.72,3.22,744.83,5713412.0388
2026-09-22T16:39:37.536Z,1790095177536,2026-09-23,RSOXLUSDT,spot,SOXL,147.29,147.3,147.29500000000002,0.6789,1.0,86.0,147.34,510869431.1641269
2026-09-22T16:39:37.536Z,1790095177536,2026-09-23,SOXLUSDT,perp,SOXL,147.28,147.29,147.285,0.679,67.5,6.26,147.29,177141822.5644
2026-09-22T16:39:37.536Z,1790095177536,2026-09-23,RHOODUSDT,spot,HOOD,123.69,123.76,123.725,5.6577,540.0,20.0,123.73,104372352.9892076
2026-09-22T16:39:37.536Z,1790095177536,2026-09-23,HOODUSDT,perp,HOOD,123.89,123.92,123.905,2.4212,30.86,31.03,123.83,8675592.6993
2026-09-22T16:39:37.536Z,1790095177536,2026-09-23,RMRVLUSDT,spot,MRVL,262.62,262.8,262.71000000000004,6.8517,2.0,99.0,262.72,260257298.68327275
2026-09-22T16:39:37.536Z,1790095177536,2026-09-23,MRVLUSDT,perp,MRVL,262.85,262.88,262.865,1.1413,1.05,21.3,262.85,18555852.358
2026-09-22T16:40:37.541Z,1790095237541,2026-09-23,RTSLAUSDT,spot,TSLA,377.63,377.7,377.66499999999996,1.8535,480.0,101.0,377.69,730726320.4919636
2026-09-22T16:40:37.541Z,1790095237541,2026-09-23,TSLAUSDT,perp,TSLA,377.8,377.82,377.81,0.5294,48.07,16.24,377.86,18524919.8303
2026-09-22T16:40:37.541Z,1790095237541,2026-09-23,RNVDAUSDT,spot,NVDA,228.8,228.82,228.81,0.8741,1281.0,367.0,228.81,1030603579.5029213
2026-09-22T16:40:37.541Z,1790095237541,2026-09-23,NVDAUSDT,perp,NVDA,228.95,228.96,228.95499999999998,0.4368,54.77,120.43,228.96,12651056.975
2026-09-22T16:40:37.541Z,1790095237541,2026-09-23,RAAPLUSDT,spot,AAPL,342.77,342.82,342.79499999999996,1.4586,160.0,6.0,342.81,631460738.244216
2026-09-22T16:40:37.541Z,1790095237541,2026-09-23,AAPLUSDT,perp,AAPL,342.84,342.85,342.845,0.2917,0.74,48.6,342.82,6095738.2866
2026-09-22T16:40:37.541Z,1790095237541,2026-09-23,RMETAUSDT,spot,META,744.01,744.26,744.135,3.3596,140.0,58.0,744.2,1893113120.357078
2026-09-22T16:40:37.541Z,1790095237541,2026-09-23,METAUSDT,perp,META,744.9,744.98,744.94,1.0739,0.8,0.03,744.78,13385016.8205
2026-09-22T16:40:37.541Z,1790095237541,2026-09-23,RGOOGLUSDT,spot,GOOGL,351.05,351.13,351.09000000000003,2.2786,10.0,10.0,351.1,1019826004.6579254
2026-09-22T16:40:37.541Z,1790095237541,2026-09-23,GOOGLUSDT,perp,GOOGL,351.46,351.51,351.485,1.4225,0.2,4.09,351.53,8703860.7167
2026-09-22T16:40:37.541Z,1790095237541,2026-09-23,RSPYUSDT,spot,SPY,773.01,773.03,773.02,0.2587,215.0,80.0,773.04,1238952916.2696364
2026-09-22T16:40:37.541Z,1790095237541,2026-09-23,SPYUSDT,perp,SPY,773.45,773.46,773.455,0.1293,0.37,41.95,773.33,1453380.7764
2026-09-22T16:40:37.541Z,1790095237541,2026-09-23,RQQQUSDT,spot,QQQ,744.31,744.35,744.3299999999999,0.5374,90.0,200.0,744.32,1975001061.7805712
2026-09-22T16:40:37.541Z,1790095237541,2026-09-23,QQQUSDT,perp,QQQ,744.8,744.81,744.805,0.1343,82.71,2.29,744.83,5710742.9778
2026-09-22T16:40:37.541Z,1790095237541,2026-09-23,RSOXLUSDT,spot,SOXL,147.25,147.29,147.26999999999998,2.7161,110.0,14.0,147.23,519592126.3847268
2026-09-22T16:40:37.541Z,1790095237541,2026-09-23,SOXLUSDT,perp,SOXL,147.29,147.3,147.29500000000002,0.6789,165.96,17.07,147.31,177074515.4216
2026-09-22T16:40:37.541Z,1790095237541,2026-09-23,RHOODUSDT,spot,HOOD,123.73,123.77,123.75,3.2323,500.0,10.0,123.76,104812433.9292076
2026-09-22T16:40:37.541Z,1790095237541,2026-09-23,HOODUSDT,perp,HOOD,123.87,123.9,123.885,2.4216,30.86,418.49,123.83,8656278.4492
2026-09-22T16:40:37.541Z,1790095237541,2026-09-23,RMRVLUSDT,spot,MRVL,262.57,262.75,262.65999999999997,6.853,100.0,339.0,262.68,263526009.96327275
2026-09-22T16:40:37.541Z,1790095237541,2026-09-23,MRVLUSDT,perp,MRVL,262.87,262.91,262.89,1.5215,36.93,18.02,262.9,18542639.1764
2026-09-22T16:41:37.551Z,1790095297551,2026-09-23,RTSLAUSDT,spot,TSLA,377.51,377.59,377.54999999999995,2.1189,152.0,13.0,377.54,739430802.4176636
2026-09-22T16:41:37.551Z,1790095297551,2026-09-23,TSLAUSDT,perp,TSLA,377.64,377.65,377.645,0.2648,80.88,0.19,377.69,18546923.431
2026-09-22T16:41:37.551Z,1790095297551,2026-09-23,RNVDAUSDT,spot,NVDA,228.84,228.85,228.845,0.437,225.0,175.0,228.85,1062721452.0317214
2026-09-22T16:41:37.551Z,1790095297551,2026-09-23,NVDAUSDT,perp,NVDA,228.99,229.0,228.995,0.4367,56.84,259.95,228.96,12596651.0386
2026-09-22T16:41:37.551Z,1790095297551,2026-09-23,RAAPLUSDT,spot,AAPL,342.72,342.75,342.735,0.8753,234.0,280.0,342.74,638051332.242516
2026-09-22T16:41:37.551Z,1790095297551,2026-09-23,AAPLUSDT,perp,AAPL,342.79,342.8,342.795,0.2917,0.86,36.07,342.77,6095038.6186
2026-09-22T16:41:37.551Z,1790095297551,2026-09-23,RMETAUSDT,spot,META,743.2,743.47,743.335,3.6323,90.0,266.0,743.34,1928894844.685878
2026-09-22T16:41:37.551Z,1790095297551,2026-09-23,METAUSDT,perp,META,743.83,743.97,743.9000000000001,1.882,4.03,23.06,743.75,13395954.916
2026-09-22T16:41:37.551Z,1790095297551,2026-09-23,RGOOGLUSDT,spot,GOOGL,351.22,351.25,351.235,0.8541,40.0,305.0,351.25,1028244573.0827253
2026-09-22T16:41:37.551Z,1790095297551,2026-09-23,GOOGLUSDT,perp,GOOGL,351.58,351.6,351.59000000000003,0.5688,0.08,9.16,351.62,8726500.2164
2026-09-22T16:41:37.551Z,1790095297551,2026-09-23,RSPYUSDT,spot,SPY,772.99,773.02,773.005,0.3881,455.0,196.0,773.01,1248681322.4716363
2026-09-22T16:41:37.551Z,1790095297551,2026-09-23,SPYUSDT,perp,SPY,773.45,773.46,773.455,0.1293,4.24,41.69,773.33,1449410.7074
2026-09-22T16:41:37.551Z,1790095297551,2026-09-23,RQQQUSDT,spot,QQQ,744.32,744.34,744.33,0.2687,1.0,190.0,744.35,1985732052.3265712
2026-09-22T16:41:37.551Z,1790095297551,2026-09-23,QQQUSDT,perp,QQQ,744.84,744.85,744.845,0.1343,8.51,9.7,744.83,5706891.3648
2026-09-22T16:41:37.551Z,1790095297551,2026-09-23,RSOXLUSDT,spot,SOXL,147.29,147.32,147.305,2.0366,160.0,117.0,147.3,520896037.10152686
2026-09-22T16:41:37.551Z,1790095297551,2026-09-23,SOXLUSDT,perp,SOXL,147.32,147.33,147.325,0.6788,109.34,13.92,147.32,177051879.0411
2026-09-22T16:41:37.551Z,1790095297551,2026-09-23,RHOODUSDT,spot,HOOD,123.78,123.8,123.78999999999999,1.6156,3.0,20.0,123.79,106767895.8678076
2026-09-22T16:41:37.551Z,1790095297551,2026-09-23,HOODUSDT,perp,HOOD,123.93,123.96,123.945,2.4204,31.37,387.72,123.96,8655343.8364
2026-09-22T16:41:37.551Z,1790095297551,2026-09-23,RMRVLUSDT,spot,MRVL,262.75,262.92,262.83500000000004,6.4679,5.0,57.0,262.77,265591242.90827274
2026-09-22T16:41:37.551Z,1790095297551,2026-09-23,MRVLUSDT,perp,MRVL,262.87,262.88,262.875,0.3804,1.08,17.94,262.9,18472992.3189
2026-09-22T16:42:37.563Z,1790095357563,2026-09-23,RTSLAUSDT,spot,TSLA,377.28,377.33,377.30499999999995,1.3252,42.0,2.0,377.31,751577294.1643636
2026-09-22T16:42:37.563Z,1790095357563,2026-09-23,TSLAUSDT,perp,TSLA,377.45,377.46,377.455,0.2649,16.69,74.2,377.5,18539950.185
2026-09-22T16:42:37.563Z,1790095357563,2026-09-23,RNVDAUSDT,spot,NVDA,228.72,228.74,228.73000000000002,0.8744,283.0,49.0,228.74,1099442333.5879214
2026-09-22T16:42:37.563Z,1790095357563,2026-09-23,NVDAUSDT,perp,NVDA,228.88,228.89,228.885,0.4369,52.8,88.83,228.9,12561810.8718
2026-09-22T16:42:37.563Z,1790095357563,2026-09-23,RAAPLUSDT,spot,AAPL,342.49,342.54,342.515,1.4598,2.0,20.0,342.51,651893694.091816
2026-09-22T16:42:37.563Z,1790095357563,2026-09-23,AAPLUSDT,perp,AAPL,342.53,342.54,342.53499999999997,0.2919,0.73,9.98,342.54,6150246.2749
2026-09-22T16:42:37.563Z,1790095357563,2026-09-23,RMETAUSDT,spot,META,742.3,742.47,742.385,2.2899,19.0,92.0,742.39,1963331261.131178
2026-09-22T16:42:37.563Z,1790095357563,2026-09-23,METAUSDT,perp,META,742.94,743.1,743.02,2.1534,4.03,27.12,742.88,13400396.3034
2026-09-22T16:42:37.563Z,1790095357563,2026-09-23,RGOOGLUSDT,spot,GOOGL,350.7,350.75,350.725,1.4256,55.0,10.0,350.73,1044730265.4704254
2026-09-22T16:42:37.563Z,1790095357563,2026-09-23,GOOGLUSDT,perp,GOOGL,351.12,351.2,351.15999999999997,2.2782,0.08,4.1,351.24,8727586.5879
2026-09-22T16:42:37.563Z,1790095357563,2026-09-23,RSPYUSDT,spot,SPY,772.84,772.87,772.855,0.3882,575.0,480.0,772.86,1263291589.6163363
2026-09-22T16:42:37.563Z,1790095357563,2026-09-23,SPYUSDT,perp,SPY,773.35,773.36,773.355,0.1293,0.38,39.81,773.44,1377399.3734
2026-09-22T16:42:37.563Z,1790095357563,2026-09-23,RQQQUSDT,spot,QQQ,744.22,744.23,744.225,0.1344,55.0,40.0,744.21,1994984017.5063713
2026-09-22T16:42:37.563Z,1790095357563,2026-09-23,QQQUSDT,perp,QQQ,744.74,744.75,744.745,0.1343,11.21,7.93,744.83,5706301.7447
2026-09-22T16:42:37.563Z,1790095357563,2026-09-23,RSOXLUSDT,spot,SOXL,147.4,147.43,147.41500000000002,2.0351,33.0,310.0,147.43,525192339.40512687
2026-09-22T16:42:37.563Z,1790095357563,2026-09-23,SOXLUSDT,perp,SOXL,147.46,147.47,147.465,0.6781,5.15,369.12,147.45,177026437.8355
2026-09-22T16:42:37.563Z,1790095357563,2026-09-23,RHOODUSDT,spot,HOOD,123.68,123.72,123.7,3.2336,685.0,20.0,123.71,107334378.99780759
2026-09-22T16:42:37.563Z,1790095357563,2026-09-23,HOODUSDT,perp,HOOD,123.84,123.85,123.845,0.8075,30.86,0.17,123.96,8585086.5016
2026-09-22T16:42:37.563Z,1790095357563,2026-09-23,RMRVLUSDT,spot,MRVL,262.88,262.96,262.91999999999996,3.0428,199.0,26.0,262.93,266606762.21267274
2026-09-22T16:42:37.563Z,1790095357563,2026-09-23,MRVLUSDT,perp,MRVL,262.95,262.99,262.97,1.5211,18.99,21.3,262.99,18471156.9853
2026-09-22T16:43:37.578Z,1790095417578,2026-09-23,RTSLAUSDT,spot,TSLA,377.31,377.39,377.35,2.12,12.0,10.0,377.35,762720398.2854636
2026-09-22T16:43:37.578Z,1790095417578,2026-09-23,TSLAUSDT,perp,TSLA,377.51,377.52,377.515,0.2649,16.31,74.22,377.4,18527362.1639
2026-09-22T16:43:37.578Z,1790095417578,2026-09-23,RNVDAUSDT,spot,NVDA,228.69,228.71,228.7,0.8745,292.0,121.0,228.71,1115816468.8619213
2026-09-22T16:43:37.578Z,1790095417578,2026-09-23,NVDAUSDT,perp,NVDA,228.89,228.9,228.89499999999998,0.4369,7.17,405.84,228.88,12542325.5747
2026-09-22T16:43:37.578Z,1790095417578,2026-09-23,RAAPLUSDT,spot,AAPL,342.55,342.58,342.565,0.8757,120.0,50.0,342.54,664105574.979616
2026-09-22T16:43:37.578Z,1790095417578,2026-09-23,AAPLUSDT,perp,AAPL,342.57,342.59,342.58,0.5838,14.42,27.08,342.57,6150694.7192
2026-09-22T16:43:37.578Z,1790095417578,2026-09-23,RMETAUSDT,spot,META,741.7,741.95,741.825,3.3701,45.0,10.0,741.8,2003258823.937478
2026-09-22T16:43:37.578Z,1790095417578,2026-09-23,METAUSDT,perp,META,742.31,742.47,742.39,2.1552,4.03,2.04,742.61,13397770.3578
2026-09-22T16:43:37.578Z,1790095417578,2026-09-23,RGOOGLUSDT,spot,GOOGL,351.12,351.19,351.155,1.9934,22.0,10.0,351.1,1054583327.2207253
2026-09-22T16:43:37.578Z,1790095417578,2026-09-23,GOOGLUSDT,perp,GOOGL,351.59,351.64,351.615,1.422,0.08,3.41,351.6,8736684.9051
2026-09-22T16:43:37.578Z,1790095417578,2026-09-23,RSPYUSDT,spot,SPY,772.9,772.92,772.91,0.2588,20.0,636.0,772.9,1279481410.4357362
2026-09-22T16:43:37.578Z,1790095417578,2026-09-23,SPYUSDT,perp,SPY,773.39,773.4,773.395,0.1293,0.37,109.61,773.44,1375916.1684
2026-09-22T16:43:37.578Z,1790095417578,2026-09-23,RQQQUSDT,spot,QQQ,744.44,744.46,744.45,0.2687,100.0,75.0,744.45,2011200990.0675714
2026-09-22T16:43:37.578Z,1790095417578,2026-09-23,QQQUSDT,perp,QQQ,744.91,744.92,744.915,0.1342,5.6,0.28,744.83,5698870.1722
2026-09-22T16:43:37.578Z,1790095417578,2026-09-23,RSOXLUSDT,spot,SOXL,147.58,147.64,147.61,4.0648,250.0,167.0,147.58,555807172.6970516
2026-09-22T16:43:37.578Z,1790095417578,2026-09-23,SOXLUSDT,perp,SOXL,147.6,147.61,147.60500000000002,0.6775,10.18,174.91,147.6,177240272.3949
2026-09-22T16:43:37.578Z,1790095417578,2026-09-23,RHOODUSDT,spot,HOOD,123.82,123.85,123.835,2.4226,65.0,611.0,123.83,108948823.31280759
2026-09-22T16:43:37.578Z,1790095417578,2026-09-23,HOODUSDT,perp,HOOD,123.99,124.0,123.995,0.8065,30.86,0.17,124.03,8583277.5513
2026-09-22T16:43:37.578Z,1790095417578,2026-09-23,RMRVLUSDT,spot,MRVL,262.88,262.99,262.935,4.1835,200.0,35.0,262.96,276265330.21767277
2026-09-22T16:43:37.578Z,1790095417578,2026-09-23,MRVLUSDT,perp,MRVL,263.06,263.1,263.08000000000004,1.5205,0.84,17.94,263.06,18472793.331
2026-09-22T16:44:37.583Z,1790095477583,2026-09-23,RTSLAUSDT,spot,TSLA,377.46,377.49,377.475,0.7948,1009.0,1.0,377.48,772178453.5629636
2026-09-22T16:44:37.583Z,1790095477583,2026-09-23,TSLAUSDT,perp,TSLA,377.64,377.66,377.65,0.5296,0.45,16.24,377.61,18519624.8619
2026-09-22T16:44:37.583Z,1790095477583,2026-09-23,RNVDAUSDT,spot,NVDA,228.76,228.78,228.76999999999998,0.8742,619.0,24.0,228.78,1125617731.2308214
2026-09-22T16:44:37.583Z,1790095477583,2026-09-23,NVDAUSDT,perp,NVDA,228.93,228.94,228.935,0.4368,1.96,352.39,228.88,12529133.316
2026-09-22T16:44:37.583Z,1790095477583,2026-09-23,RAAPLUSDT,spot,AAPL,342.41,342.46,342.435,1.4601,20.0,125.0,342.44,673537798.530416
2026-09-22T16:44:37.583Z,1790095477583,2026-09-23,AAPLUSDT,perp,AAPL,342.5,342.51,342.505,0.292,0.86,44.61,342.43,6163026.1604
2026-09-22T16:44:37.583Z,1790095477583,2026-09-23,RMETAUSDT,spot,META,741.58,741.89,741.735,4.1794,47.0,132.0,741.67,2020732896.292378
2026-09-22T16:44:37.583Z,1790095477583,2026-09-23,METAUSDT,perp,META,742.11,742.3,742.2049999999999,2.5599,4.03,23.11,742.24,13394853.4175
2026-09-22T16:44:37.583Z,1790095477583,2026-09-23,RGOOGLUSDT,spot,GOOGL,351.41,351.45,351.43,1.1382,1.0,8.0,351.45,1073092832.0333253
2026-09-22T16:44:37.583Z,1790095477583,2026-09-23,GOOGLUSDT,perp,GOOGL,351.89,351.95,351.91999999999996,1.7049,9.42,0.08,351.73,8747148.0019
2026-09-22T16:44:37.583Z,1790095477583,2026-09-23,RSPYUSDT,spot,SPY,772.99,773.02,773.005,0.3881,415.0,195.0,772.97,1295926264.9654362
2026-09-22T16:44:37.583Z,1790095477583,2026-09-23,SPYUSDT,perp,SPY,773.45,773.46,773.455,0.1293,0.56,115.45,773.44,1375831.1895
2026-09-22T16:44:37.583Z,1790095477583,2026-09-23,RQQQUSDT,spot,QQQ,744.59,744.62,744.605,0.4029,335.0,876.0,744.58,2042655240.4759712
2026-09-22T16:44:37.583Z,1790095477583,2026-09-23,QQQUSDT,perp,QQQ,745.08,745.09,745.085,0.1342,4.77,2.91,744.92,5692690.5225
2026-09-22T16:44:37.583Z,1790095477583,2026-09-23,RSOXLUSDT,spot,SOXL,147.66,147.68,147.67000000000002,1.3544,100.0,45.0,147.63,558721826.0545517
2026-09-22T16:44:37.583Z,1790095477583,2026-09-23,SOXLUSDT,perp,SOXL,147.69,147.7,147.695,0.6771,98.1,84.93,147.7,177188687.3011
2026-09-22T16:44:37.583Z,1790095477583,2026-09-23,RHOODUSDT,spot,HOOD,123.82,123.87,123.845,4.0373,30.0,700.0,123.86,110471131.1653076
2026-09-22T16:44:37.583Z,1790095477583,2026-09-23,HOODUSDT,perp,HOOD,123.99,124.01,124.0,1.6129,30.86,31.03,123.97,8571018.6946
2026-09-22T16:44:37.583Z,1790095477583,2026-09-23,RMRVLUSDT,spot,MRVL,263.03,263.19,263.11,6.0811,100.0,40.0,263.07,280049106.48417276
2026-09-22T16:44:37.583Z,1790095477583,2026-09-23,MRVLUSDT,perp,MRVL,263.23,263.25,263.24,0.7598,18.78,91.21,263.23,18477117.8697
2026-09-22T16:45:37.594Z,1790095537594,2026-09-23,RTSLAUSDT,spot,TSLA,377.5,377.55,377.525,1.3244,125.0,41.0,377.5,781592272.8562636
2026-09-22T16:45:37.594Z,1790095537594,2026-09-23,TSLAUSDT,perp,TSLA,377.63,377.66,377.645,0.7944,16.9,87.85,377.66,18475392.3411
2026-09-22T16:45:37.594Z,1790095537594,2026-09-23,RNVDAUSDT,spot,NVDA,228.81,228.83,228.82,0.874,111.0,160.0,228.85,1144697016.7491214
2026-09-22T16:45:37.594Z,1790095537594,2026-09-23,NVDAUSDT,perp,NVDA,228.97,228.98,228.975,0.4367,60.4,123.61,228.99,12513018.1408
2026-09-22T16:45:37.594Z,1790095537594,2026-09-23,RAAPLUSDT,spot,AAPL,342.35,342.41,342.38,1.7524,40.0,23.0,342.37,679144636.695816
2026-09-22T16:45:37.594Z,1790095537594,2026-09-23,AAPLUSDT,perp,AAPL,342.41,342.42,342.415,0.292,0.91,27.55,342.4,6164006.5103
2026-09-22T16:45:37.594Z,1790095537594,2026-09-23,RMETAUSDT,spot,META,742.8,743.01,742.905,2.8267,93.0,14.0,743.15,2054346713.606178
2026-09-22T16:45:37.594Z,1790095537594,2026-09-23,METAUSDT,perp,META,743.38,743.44,743.4100000000001,0.8071,4.83,4.03,743.41,13415814.853
2026-09-22T16:45:37.594Z,1790095537594,2026-09-23,RGOOGLUSDT,spot,GOOGL,351.45,351.52,351.485,1.9916,10.0,50.0,351.5,1108204672.8554254
2026-09-22T16:45:37.594Z,1790095537594,2026-09-23,GOOGLUSDT,perp,GOOGL,351.85,351.9,351.875,1.421,9.32,10.58,351.86,8746296.5362
2026-09-22T16:45:37.594Z,1790095537594,2026-09-23,RSPYUSDT,spot,SPY,773.07,773.1,773.085,0.3881,380.0,295.0,773.09,1308326167.7386363
2026-09-22T16:45:37.594Z,1790095537594,2026-09-23,SPYUSDT,perp,SPY,773.52,773.53,773.525,0.1293,0.36,44.26,773.44,1375746.2052
2026-09-22T16:45:37.594Z,1790095537594,2026-09-23,RQQQUSDT,spot,QQQ,744.59,744.62,744.605,0.4029,175.0,110.0,744.6,2061268943.6309712
2026-09-22T16:45:37.594Z,1790095537594,2026-09-23,QQQUSDT,perp,QQQ,745.1,745.11,745.105,0.1342,79.08,2.25,744.92,5691300.6009
2026-09-22T16:45:37.594Z,1790095537594,2026-09-23,RSOXLUSDT,spot,SOXL,147.57,147.6,147.58499999999998,2.0327,80.0,220.0,147.61,563912212.6299517
2026-09-22T16:45:37.594Z,1790095537594,2026-09-23,SOXLUSDT,perp,SOXL,147.65,147.66,147.655,0.6773,97.14,16.68,147.65,177203121.9505
2026-09-22T16:45:37.594Z,1790095537594,2026-09-23,RHOODUSDT,spot,HOOD,123.96,123.99,123.975,2.4198,75.0,66.0,123.89,112419252.8503076
2026-09-22T16:45:37.594Z,1790095537594,2026-09-23,HOODUSDT,perp,HOOD,124.11,124.14,124.125,2.4169,9.34,387.34,124.01,8568600.7079
2026-09-22T16:45:37.594Z,1790095537594,2026-09-23,RMRVLUSDT,spot,MRVL,263.2,263.36,263.28,6.0772,110.0,20.0,263.3,290122446.13417274
2026-09-22T16:45:37.594Z,1790095537594,2026-09-23,MRVLUSDT,perp,MRVL,263.37,263.41,263.39,1.5187,1.05,2.73,263.4,18482799.7267
2026-09-22T16:46:37.604Z,1790095597604,2026-09-23,RTSLAUSDT,spot,TSLA,377.39,377.45,377.41999999999996,1.5897,227.0,402.0,377.42,799293027.1235362
2026-09-22T16:46:37.604Z,1790095597604,2026-09-23,TSLAUSDT,perp,TSLA,377.55,377.57,377.56,0.5297,48.62,0.15,377.55,18478920.8154
2026-09-22T16:46:37.604Z,1790095597604,2026-09-23,RNVDAUSDT,spot,NVDA,228.81,228.83,228.82,0.874,238.0,160.0,228.83,1161204441.1054213
2026-09-22T16:46:37.604Z,1790095597604,2026-09-23,NVDAUSDT,perp,NVDA,229.0,229.01,229.005,0.4367,57.12,159.49,228.99,12511783.1552
2026-09-22T16:46:37.604Z,1790095597604,2026-09-23,RAAPLUSDT,spot,AAPL,342.35,342.4,342.375,1.4604,67.0,151.0,342.38,684177128.471916
2026-09-22T16:46:37.604Z,1790095597604,2026-09-23,AAPLUSDT,perp,AAPL,342.4,342.41,342.405,0.2921,0.91,27.57,342.4,6149084.074
2026-09-22T16:46:37.604Z,1790095597604,2026-09-23,RMETAUSDT,spot,META,742.78,742.98,742.88,2.6922,46.0,19.0,742.78,2105683473.4198706
2026-09-22T16:46:37.604Z,1790095597604,2026-09-23,METAUSDT,perp,META,743.31,743.46,743.385,2.0178,4.03,4.03,743.27,13417974.1761
2026-09-22T16:46:37.604Z,1790095597604,2026-09-23,RGOOGLUSDT,spot,GOOGL,351.36,351.39,351.375,0.8538,108.0,19.0,351.38,1167771808.3593097
2026-09-22T16:46:37.604Z,1790095597604,2026-09-23,GOOGLUSDT,perp,GOOGL,351.65,351.7,351.67499999999995,1.4218,10.96,3.4,351.65,8744252.5369
2026-09-22T16:46:37.604Z,1790095597604,2026-09-23,RSPYUSDT,spot,SPY,773.08,773.1,773.09,0.2587,80.0,125.0,773.11,1376059773.5945451
2026-09-22T16:46:37.604Z,1790095597604,2026-09-23,SPYUSDT,perp,SPY,773.53,773.54,773.535,0.1293,0.38,122.76,773.44,1375645.7547
2026-09-22T16:46:37.604Z,1790095597604,2026-09-23,RQQQUSDT,spot,QQQ,744.65,744.67,744.66,0.2686,85.0,306.0,744.66,2123701231.0068135
2026-09-22T16:46:37.604Z,1790095597604,2026-09-23,QQQUSDT,perp,QQQ,745.12,745.13,745.125,0.1342,12.37,0.21,744.92,5691300.6009
2026-09-22T16:46:37.604Z,1790095597604,2026-09-23,RSOXLUSDT,spot,SOXL,147.6,147.63,147.615,2.0323,80.0,124.0,147.59,568099499.6729517
2026-09-22T16:46:37.604Z,1790095597604,2026-09-23,SOXLUSDT,perp,SOXL,147.7,147.72,147.70999999999998,1.354,56.09,214.96,147.7,177259303.4319
2026-09-22T16:46:37.604Z,1790095597604,2026-09-23,RHOODUSDT,spot,HOOD,123.89,123.94,123.91499999999999,4.035,669.0,500.0,123.92,119717969.20427977
2026-09-22T16:46:37.604Z,1790095597604,2026-09-23,HOODUSDT,perp,HOOD,124.06,124.09,124.075,2.4179,35.31,417.92,124.17,8566240.067
2026-09-22T16:46:37.604Z,1790095597604,2026-09-23,RMRVLUSDT,spot,MRVL,263.18,263.34,263.26,6.0776,100.0,110.0,263.3,295986799.50167274
2026-09-22T16:46:37.604Z,1790095597604,2026-09-23,MRVLUSDT,perp,MRVL,263.42,263.45,263.435,1.1388,0.63,91.15,263.4,18468976.3997
2026-09-22T16:47:37.607Z,1790095657607,2026-09-23,RTSLAUSDT,spot,TSLA,377.75,377.8,377.775,1.3235,49.0,53.0,377.78,817787446.0197363
2026-09-22T16:47:37.607Z,1790095657607,2026-09-23,TSLAUSDT,perp,TSLA,377.94,377.98,377.96000000000004,1.0583,0.21,90.38,377.92,18522393.7755
2026-09-22T16:47:37.607Z,1790095657607,2026-09-23,RNVDAUSDT,spot,NVDA,228.8,228.82,228.81,0.8741,893.0,120.0,228.82,1181601162.0740213
2026-09-22T16:47:37.607Z,1790095657607,2026-09-23,NVDAUSDT,perp,NVDA,228.97,228.98,228.975,0.4367,4.98,150.48,228.97,12510174.0887
2026-09-22T16:47:37.607Z,1790095657607,2026-09-23,RAAPLUSDT,spot,AAPL,342.37,342.4,342.385,0.8762,52.0,7.0,342.4,692961642.795716
2026-09-22T16:47:37.607Z,1790095657607,2026-09-23,AAPLUSDT,perp,AAPL,342.45,342.46,342.455,0.292,0.76,19.44,342.49,6156395.9841
2026-09-22T16:47:37.607Z,1790095657607,2026-09-23,RMETAUSDT,spot,META,742.62,742.92,742.77,4.0389,40.0,62.0,742.92,2121540753.8336706
2026-09-22T16:47:37.607Z,1790095657607,2026-09-23,METAUSDT,perp,META,743.17,743.23,743.2,0.8073,4.85,4.03,743.41,13420425.2385
2026-09-22T16:47:37.607Z,1790095657607,2026-09-23,RGOOGLUSDT,spot,GOOGL,350.93,350.99,350.96000000000004,1.7096,10.0,10.0,350.99,1182712835.2692096
2026-09-22T16:47:37.607Z,1790095657607,2026-09-23,GOOGLUSDT,perp,GOOGL,351.3,351.38,351.34000000000003,2.277,0.08,5.74,351.44,8753354.1301
2026-09-22T16:47:37.607Z,1790095657607,2026-09-23,RSPYUSDT,spot,SPY,773.11,773.13,773.12,0.2587,215.0,40.0,773.12,1386163829.564645
2026-09-22T16:47:37.607Z,1790095657607,2026-09-23,SPYUSDT,perp,SPY,773.58,773.59,773.585,0.1293,0.59,4.25,773.44,1375553.035
2026-09-22T16:47:37.607Z,1790095657607,2026-09-23,RQQQUSDT,spot,QQQ,744.73,744.75,744.74,0.2686,40.0,170.0,744.72,2134415561.2381134
2026-09-22T16:47:37.607Z,1790095657607,2026-09-23,QQQUSDT,perp,QQQ,745.22,745.23,745.225,0.1342,81.51,2.41,744.92,5691285.8131
2026-09-22T16:47:37.607Z,1790095657607,2026-09-23,RSOXLUSDT,spot,SOXL,147.74,147.76,147.75,1.3536,130.0,15.0,147.76,574106365.3795516
2026-09-22T16:47:37.607Z,1790095657607,2026-09-23,SOXLUSDT,perp,SOXL,147.76,147.77,147.765,0.6768,13.14,143.71,147.77,177042794.4447
2026-09-22T16:47:37.607Z,1790095657607,2026-09-23,RHOODUSDT,spot,HOOD,123.93,123.96,123.945,2.4204,3.0,158.0,123.96,120876185.27717976
2026-09-22T16:47:37.607Z,1790095657607,2026-09-23,HOODUSDT,perp,HOOD,124.1,124.12,124.11,1.6115,30.86,467.83,124.01,8565579.1728
2026-09-22T16:47:37.607Z,1790095657607,2026-09-23,RMRVLUSDT,spot,MRVL,263.26,263.38,263.32,4.5572,100.0,27.0,263.44,297735852.50667274
2026-09-22T16:47:37.607Z,1790095657607,2026-09-23,MRVLUSDT,perp,MRVL,263.45,263.49,263.47,1.5182,17.94,2.52,263.55,18454406.5777
2026-09-22T16:48:37.615Z,1790095717615,2026-09-23,RTSLAUSDT,spot,TSLA,377.7,377.75,377.725,1.3237,39.0,73.0,377.71,822963691.6144363
2026-09-22T16:48:37.615Z,1790095717615,2026-09-23,TSLAUSDT,perp,TSLA,377.9,377.91,377.905,0.2646,0.07,74.68,377.87,18520195.8233
2026-09-22T16:48:37.615Z,1790095717615,2026-09-23,RNVDAUSDT,spot,NVDA,228.83,228.84,228.835,0.437,1.0,37.0,228.83,1197393151.9243214
2026-09-22T16:48:37.615Z,1790095717615,2026-09-23,NVDAUSDT,perp,NVDA,229.03,229.04,229.035,0.4366,2.0,12.44,229.05,12509398.8457
2026-09-22T16:48:37.615Z,1790095717615,2026-09-23,RAAPLUSDT,spot,AAPL,342.44,342.47,342.45500000000004,0.876,11.0,74.0,342.44,697608815.304016
2026-09-22T16:48:37.615Z,1790095717615,2026-09-23,AAPLUSDT,perp,AAPL,342.5,342.52,342.51,0.5839,33.5,26.46,342.52,6160128.3702
2026-09-22T16:48:37.615Z,1790095717615,2026-09-23,RMETAUSDT,spot,META,742.67,743.03,742.8499999999999,4.8462,16.0,4.0,742.8,2143666575.7037706
2026-09-22T16:48:37.615Z,1790095717615,2026-09-23,GOOGLUSDT,perp,GOOGL,351.42,351.46,351.44,1.1382,10.66,3.41,351.56,8759196.2009
2026-09-22T16:48:37.615Z,1790095717615,2026-09-23,RSPYUSDT,spot,SPY,773.36,773.37,773.365,0.1293,440.0,500.0,773.4,1440129253.658745
2026-09-22T16:48:37.615Z,1790095717615,2026-09-23,SPYUSDT,perp,SPY,773.77,773.78,773.775,0.1292,0.37,31.68,773.79,1375537.6688
2026-09-22T16:48:37.615Z,1790095717615,2026-09-23,RQQQUSDT,spot,QQQ,745.02,745.03,745.025,0.1342,25.0,100.0,745.07,2214640320.0050135
2026-09-22T16:48:37.615Z,1790095717615,2026-09-23,QQQUSDT,perp,QQQ,745.6,745.61,745.605,0.1341,72.72,6.18,745.58,5712425.8231
2026-09-22T16:48:37.615Z,1790095717615,2026-09-23,RSOXLUSDT,spot,SOXL,148.03,148.06,148.04500000000002,2.0264,70.0,300.0,148.02,588108066.0558517
2026-09-22T16:48:37.615Z,1790095717615,2026-09-23,SOXLUSDT,perp,SOXL,148.1,148.11,148.10500000000002,0.6752,1.09,478.73,148.11,177480845.5914
2026-09-22T16:48:37.615Z,1790095717615,2026-09-23,RHOODUSDT,spot,HOOD,124.0,124.05,124.025,4.0314,200.0,500.0,124.03,124734986.24717976
2026-09-22T16:48:37.615Z,1790095717615,2026-09-23,HOODUSDT,perp,HOOD,124.15,124.17,124.16,1.6108,30.86,386.82,124.19,8572324.7253
2026-09-22T16:48:37.615Z,1790095717615,2026-09-23,RMRVLUSDT,spot,MRVL,263.45,263.7,263.575,9.485,100.0,89.0,263.45,301169678.38997275
2026-09-22T16:48:37.615Z,1790095717615,2026-09-23,MRVLUSDT,perp,MRVL,263.6,263.64,263.62,1.5173,17.94,2.52,263.64,18438075.7515
2026-09-22T16:49:37.625Z,1790095777625,2026-09-23,RTSLAUSDT,spot,TSLA,378.39,378.42,378.405,0.7928,91.0,83.0,378.41,863760298.8623363
2026-09-22T16:49:37.625Z,1790095777625,2026-09-23,TSLAUSDT,perp,TSLA,378.54,378.57,378.555,0.7925,31.77,2.27,378.49,18554779.9321
2026-09-22T16:49:37.625Z,1790095777625,2026-09-23,RNVDAUSDT,spot,NVDA,228.74,228.76,228.75,0.8743,351.0,126.0,228.76,1249473544.6649213
2026-09-22T16:49:37.625Z,1790095777625,2026-09-23,NVDAUSDT,perp,NVDA,228.94,228.95,228.945,0.4368,2.0,370.95,228.92,12510541.6165
2026-09-22T16:49:37.625Z,1790095777625,2026-09-23,RAAPLUSDT,spot,AAPL,342.56,342.6,342.58000000000004,1.1676,593.0,205.0,342.59,707008541.945416
2026-09-22T16:49:37.625Z,1790095777625,2026-09-23,AAPLUSDT,perp,AAPL,342.58,342.59,342.585,0.2919,1.36,8.93,342.57,6161785.81
2026-09-22T16:49:37.625Z,1790095777625,2026-09-23,RMETAUSDT,spot,META,742.29,742.66,742.4749999999999,4.9833,200.0,60.0,742.3,2164327635.3645706
2026-09-22T16:49:37.625Z,1790095777625,2026-09-23,METAUSDT,perp,META,742.98,743.19,743.085,2.8261,4.03,23.06,742.9,13434589.0221
2026-09-22T16:49:37.625Z,1790095777625,2026-09-23,RGOOGLUSDT,spot,GOOGL,351.07,351.12,351.095,1.4241,1.0,20.0,351.06,1203440862.2222097
2026-09-22T16:49:37.625Z,1790095777625,2026-09-23,GOOGLUSDT,perp,GOOGL,351.37,351.41,351.39,1.1383,63.56,3.41,351.44,8758250.22
2026-09-22T16:49:37.625Z,1790095777625,2026-09-23,RSPYUSDT,spot,SPY,773.61,773.64,773.625,0.3878,340.0,190.0,773.54,1516968357.784945
2026-09-22T16:49:37.625Z,1790095777625,2026-09-23,SPYUSDT,perp,SPY,774.01,774.02,774.015,0.1292,3.87,68.09,774.02,1380436.7468
2026-09-22T16:49:37.625Z,1790095777625,2026-09-23,RQQQUSDT,spot,QQQ,745.21,745.22,745.215,0.1342,890.0,5.0,745.2,2252416612.3128133
2026-09-22T16:49:37.625Z,1790095777625,2026-09-23,QQQUSDT,perp,QQQ,745.68,745.69,745.685,0.1341,9.64,0.41,745.66,5712470.5559
2026-09-22T16:49:37.625Z,1790095777625,2026-09-23,RSOXLUSDT,spot,SOXL,148.08,148.13,148.10500000000002,3.376,90.0,50.0,148.13,592589730.2316517
2026-09-22T16:49:37.625Z,1790095777625,2026-09-23,SOXLUSDT,perp,SOXL,148.22,148.23,148.225,0.6747,15.93,132.67,148.22,177338076.7921
2026-09-22T16:49:37.625Z,1790095777625,2026-09-23,RHOODUSDT,spot,HOOD,124.03,124.1,124.065,5.6422,104.0,510.0,124.07,126439356.35217977
2026-09-22T16:49:37.625Z,1790095777625,2026-09-23,HOODUSDT,perp,HOOD,124.22,124.25,124.235,2.4148,30.86,386.71,124.27,8576308.3187
2026-09-22T16:49:37.625Z,1790095777625,2026-09-23,RMRVLUSDT,spot,MRVL,263.38,263.68,263.53,11.3839,70.0,190.0,263.59,306934511.5097727
2026-09-22T16:49:37.625Z,1790095777625,2026-09-23,MRVLUSDT,perp,MRVL,263.71,263.73,263.72,0.7584,17.94,93.81,263.68,18438183.6454
2026-09-22T16:50:37.626Z,1790095837626,2026-09-23,RTSLAUSDT,spot,TSLA,378.23,378.3,378.265,1.8506,4.0,67.0,378.26,899372514.6619363
2026-09-22T16:50:37.626Z,1790095837626,2026-09-23,TSLAUSDT,perp,TSLA,378.43,378.45,378.44,0.5285,16.24,28.11,378.39,18549526.307
2026-09-22T16:50:37.626Z,1790095837626,2026-09-23,RNVDAUSDT,spot,NVDA,229.0,229.01,229.005,0.4367,857.0,100.0,229.0,1280180487.6521213
2026-09-22T16:50:37.626Z,1790095837626,2026-09-23,NVDAUSDT,perp,NVDA,229.12,229.13,229.125,0.4364,77.9,37.17,229.16,12508150.8284
2026-09-22T16:50:37.626Z,1790095837626,2026-09-23,RAAPLUSDT,spot,AAPL,342.31,342.38,342.345,2.0447,40.0,82.0,342.36,732483547.604216
2026-09-22T16:50:37.626Z,1790095837626,2026-09-23,AAPLUSDT,perp,AAPL,342.38,342.41,342.395,0.8762,1.25,44.61,342.51,6146824.7097
2026-09-22T16:50:37.626Z,1790095837626,2026-09-23,RMETAUSDT,spot,META,742.76,743.07,742.915,4.1728,160.0,60.0,743.07,2192415027.8771706
2026-09-22T16:50:37.626Z,1790095837626,2026-09-23,METAUSDT,perp,META,743.61,743.78,743.6949999999999,2.2859,0.8,23.05,743.75,13438268.5459
2026-09-22T16:50:37.626Z,1790095837626,2026-09-23,RGOOGLUSDT,spot,GOOGL,351.06,351.1,351.08000000000004,1.1393,112.0,10.0,351.09,1215633794.5721097
2026-09-22T16:50:37.626Z,1790095837626,2026-09-23,GOOGLUSDT,perp,GOOGL,351.4,351.41,351.405,0.2846,63.91,0.62,351.45,8757936.1003
2026-09-22T16:50:37.626Z,1790095837626,2026-09-23,RSPYUSDT,spot,SPY,773.52,773.55,773.535,0.3878,150.0,100.0,773.52,1555112251.397645
2026-09-22T16:50:37.626Z,1790095837626,2026-09-23,SPYUSDT,perp,SPY,773.97,773.98,773.975,0.1292,0.54,45.34,774.0,1380444.5141
2026-09-22T16:50:37.626Z,1790095837626,2026-09-23,RQQQUSDT,spot,QQQ,745.22,745.25,745.235,0.4026,65.0,890.0,745.23,2295033125.2041135
2026-09-22T16:50:37.626Z,1790095837626,2026-09-23,QQQUSDT,perp,QQQ,745.7,745.71,745.705,0.1341,6.42,2.56,745.74,5714036.5267
2026-09-22T16:50:37.626Z,1790095837626,2026-09-23,RSOXLUSDT,spot,SOXL,148.08,148.14,148.11,4.051,200.0,114.0,148.08,601013431.9496517
2026-09-22T16:50:37.626Z,1790095837626,2026-09-23,SOXLUSDT,perp,SOXL,148.25,148.26,148.255,0.6745,11.95,82.15,148.25,177488429.1336
2026-09-22T16:50:37.626Z,1790095837626,2026-09-23,RHOODUSDT,spot,HOOD,124.16,124.2,124.18,3.2211,900.0,51.0,124.18,129219113.92217976
2026-09-22T16:50:37.626Z,1790095837626,2026-09-23,HOODUSDT,perp,HOOD,124.36,124.39,124.375,2.4121,5.5,396.12,124.36,8574969.8989
2026-09-22T16:50:37.626Z,1790095837626,2026-09-23,RMRVLUSDT,spot,MRVL,263.41,263.52,263.46500000000003,4.1751,3.0,270.0,263.45,309138111.20977277
2026-09-22T16:50:37.626Z,1790095837626,2026-09-23,MRVLUSDT,perp,MRVL,263.63,263.67,263.65,1.5172,0.84,95.24,263.68,18420525.2469
2026-09-22T16:51:37.637Z,1790095897637,2026-09-23,TSLAUSDT,perp,TSLA,378.3,378.31,378.305,0.2643,16.24,2.08,378.33,18541646.9718
2026-09-22T16:51:37.637Z,1790095897637,2026-09-23,RNVDAUSDT,spot,NVDA,229.02,229.03,229.025,0.4366,207.0,1.0,229.07,1303061679.2956214
2026-09-22T16:51:37.637Z,1790095897637,2026-09-23,NVDAUSDT,perp,NVDA,229.19,229.2,229.195,0.4363,5.65,148.39,229.17,12510894.2078
2026-09-22T16:51:37.637Z,1790095897637,2026-09-23,RAAPLUSDT,spot,AAPL,342.42,342.44,342.43,0.5841,259.0,1.0,342.44,744210068.770216
2026-09-22T16:51:37.637Z,1790095897637,2026-09-23,RMETAUSDT,spot,META,742.89,743.28,743.085,5.2484,7.0,86.0,743.05,2216337401.5949707
2026-09-22T16:51:37.637Z,1790095897637,2026-09-23,RGOOGLUSDT,spot,GOOGL,350.95,351.01,350.98,1.7095,152.0,48.0,350.98,1228049801.4087095
2026-09-22T16:51:37.637Z,1790095897637,2026-09-23,GOOGLUSDT,perp,GOOGL,351.32,351.33,351.325,0.2846,10.58,3.41,351.38,8759774.7599
2026-09-22T16:51:37.637Z,1790095897637,2026-09-23,RSPYUSDT,spot,SPY,773.68,773.71,773.6949999999999,0.3877,270.0,520.0,773.69,1585902714.782545
2026-09-22T16:51:37.637Z,1790095897637,2026-09-23,SPYUSDT,perp,SPY,774.1,774.11,774.105,0.1292,0.37,78.36,773.99,1379641.1261
2026-09-22T16:51:37.637Z,1790095897637,2026-09-23,RQQQUSDT,spot,QQQ,745.32,745.35,745.335,0.4025,135.0,990.0,745.33,2327017081.1054134
2026-09-22T16:51:37.637Z,1790095897637,2026-09-23,RSOXLUSDT,spot,SOXL,148.04,148.09,148.065,3.3769,150.0,50.0,148.05,607751185.9693516
2026-09-22T16:51:37.637Z,1790095897637,2026-09-23,SOXLUSDT,perp,SOXL,148.14,148.15,148.14499999999998,0.675,242.9,131.05,148.19,177482482.3511
2026-09-22T16:51:37.637Z,1790095897637,2026-09-23,HOODUSDT,perp,HOOD,124.53,124.56,124.545,2.4088,61.72,446.47,124.46,8576243.05
2026-09-22T16:51:37.637Z,1790095897637,2026-09-23,RMRVLUSDT,spot,MRVL,263.31,263.38,263.345,2.6581,6.0,151.0,263.34,312235867.1627728
2026-09-22T16:51:37.637Z,1790095897637,2026-09-23,MRVLUSDT,perp,MRVL,263.5,263.53,263.515,1.1385,17.94,4.41,263.51,18400156.7203
2026-09-22T16:52:37.642Z,1790095957642,2026-09-23,RTSLAUSDT,spot,TSLA,378.25,378.32,378.28499999999997,1.8505,99.0,2.0,378.29,944790221.7574363
2026-09-22T16:52:37.642Z,1790095957642,2026-09-23,TSLAUSDT,perp,TSLA,378.47,378.48,378.475,0.2642,16.24,74.01,378.49,18550496.8451
2026-09-22T16:52:37.642Z,1790095957642,2026-09-23,RNVDAUSDT,spot,NVDA,229.05,229.07,229.06,0.8731,362.0,66.0,229.07,1323827206.2655213
2026-09-22T16:52:37.642Z,1790095957642,2026-09-23,NVDAUSDT,perp,NVDA,229.2,229.21,229.20499999999998,0.4363,23.81,40.48,229.22,12516736.3172
2026-09-22T16:52:37.642Z,1790095957642,2026-09-23,RAAPLUSDT,spot,AAPL,342.48,342.55,342.515,2.0437,85.0,85.0,342.52,749103456.020416
2026-09-22T16:52:37.642Z,1790095957642,2026-09-23,AAPLUSDT,perp,AAPL,342.54,342.55,342.545,0.2919,0.8,18.36,342.59,6141037.7525
2026-09-22T16:52:37.642Z,1790095957642,2026-09-23,RMETAUSDT,spot,META,742.62,742.9,742.76,3.7697,29.0,303.0,742.8,2224958328.3543706
2026-09-22T16:52:37.642Z,1790095957642,2026-09-23,METAUSDT,perp,META,743.24,743.3,743.27,0.8072,4.87,4.03,743.25,13442690.9275
2026-09-22T16:52:37.642Z,1790095957642,2026-09-23,RGOOGLUSDT,spot,GOOGL,350.74,350.78,350.76,1.1404,52.0,1.0,350.77,1244507292.6044097
2026-09-22T16:52:37.642Z,1790095957642,2026-09-23,GOOGLUSDT,perp,GOOGL,351.09,351.11,351.1,0.5696,63.86,0.61,351.11,8763923.5624
2026-09-22T16:52:37.642Z,1790095957642,2026-09-23,RSPYUSDT,spot,SPY,773.6,773.62,773.61,0.2585,31.0,41.0,773.6,1600278654.743045
2026-09-22T16:52:37.642Z,1790095957642,2026-09-23,SPYUSDT,perp,SPY,774.04,774.05,774.045,0.1292,0.38,68.54,773.99,1378814.4261
2026-09-22T16:52:37.642Z,1790095957642,2026-09-23,RQQQUSDT,spot,QQQ,745.28,745.3,745.29,0.2684,41.0,42.0,745.26,2337050878.657913
2026-09-22T16:52:37.642Z,1790095957642,2026-09-23,QQQUSDT,perp,QQQ,745.73,745.74,745.735,0.1341,85.82,3.12,745.74,5713393.2697
2026-09-22T16:52:37.642Z,1790095957642,2026-09-23,RSOXLUSDT,spot,SOXL,148.23,148.27,148.25,2.6981,114.0,78.0,148.22,612085167.5074517
2026-09-22T16:52:37.642Z,1790095957642,2026-09-23,SOXLUSDT,perp,SOXL,148.33,148.34,148.335,0.6741,11.86,88.32,148.34,177489469.1046
2026-09-22T16:52:37.642Z,1790095957642,2026-09-23,RHOODUSDT,spot,HOOD,124.3,124.34,124.32,3.2175,129.0,600.0,124.32,142701195.79977977
2026-09-22T16:52:37.642Z,1790095957642,2026-09-23,HOODUSDT,perp,HOOD,124.47,124.5,124.485,2.4099,30.86,30.86,124.49,8596070.6832
2026-09-22T16:52:37.642Z,1790095957642,2026-09-23,RMRVLUSDT,spot,MRVL,263.56,263.66,263.61,3.7935,13.0,36.0,263.62,314958671.4077727
2026-09-22T16:52:37.642Z,1790095957642,2026-09-23,MRVLUSDT,perp,MRVL,263.82,263.85,263.83500000000004,1.1371,0.21,4.62,263.84,18403467.9555
2026-09-22T16:53:37.647Z,1790096017647,2026-09-23,RTSLAUSDT,spot,TSLA,378.29,378.33,378.31,1.0573,79.0,80.0,378.29,950591245.0232363
2026-09-22T16:53:37.647Z,1790096017647,2026-09-23,TSLAUSDT,perp,TSLA,378.59,378.63,378.61,1.0565,0.8,76.22,378.52,18555402.5283
2026-09-22T16:53:37.647Z,1790096017647,2026-09-23,RNVDAUSDT,spot,NVDA,229.17,229.18,229.175,0.4363,70.0,160.0,229.16,1346843541.5970213
2026-09-22T16:53:37.647Z,1790096017647,2026-09-23,NVDAUSDT,perp,NVDA,229.31,229.32,229.315,0.4361,58.44,176.53,229.3,12516920.8622
2026-09-22T16:53:37.647Z,1790096017647,2026-09-23,RAAPLUSDT,spot,AAPL,342.46,342.52,342.49,1.7519,240.0,45.0,342.49,753201912.534216
2026-09-22T16:53:37.647Z,1790096017647,2026-09-23,AAPLUSDT,perp,AAPL,342.5,342.51,342.505,0.292,0.81,18.37,342.52,6141614.3367
2026-09-22T16:53:37.647Z,1790096017647,2026-09-23,RMETAUSDT,spot,META,742.24,742.61,742.425,4.9837,37.0,124.0,742.44,2236706300.3701706
2026-09-22T16:53:37.647Z,1790096017647,2026-09-23,METAUSDT,perp,META,742.81,742.87,742.8399999999999,0.8077,0.83,23.06,742.91,13411989.1526
2026-09-22T16:53:37.647Z,1790096017647,2026-09-23,RGOOGLUSDT,spot,GOOGL,350.98,351.02,351.0,1.1396,2.0,5.0,351.0,1260268291.4031096
2026-09-22T16:53:37.647Z,1790096017647,2026-09-23,GOOGLUSDT,perp,GOOGL,351.33,351.34,351.335,0.2846,55.02,3.41,351.25,8729980.3946
2026-09-22T16:53:37.647Z,1790096017647,2026-09-23,RSPYUSDT,spot,SPY,773.57,773.6,773.585,0.3878,170.0,91.0,773.59,1618482366.848045
2026-09-22T16:53:37.647Z,1790096017647,2026-09-23,SPYUSDT,perp,SPY,774.07,774.08,774.075,0.1292,0.37,76.2,774.11,1378806.7182
2026-09-22T16:53:37.647Z,1790096017647,2026-09-23,RQQQUSDT,spot,QQQ,745.29,745.32,745.3050000000001,0.4025,41.0,270.0,745.3,2348834782.957413
2026-09-22T16:53:37.647Z,1790096017647,2026-09-23,QQQUSDT,perp,QQQ,745.77,745.78,745.775,0.1341,86.49,0.34,745.74,5713393.2697
2026-09-22T16:53:37.647Z,1790096017647,2026-09-23,RSOXLUSDT,spot,SOXL,148.36,148.39,148.375,2.0219,24.0,25.0,148.36,681245686.2519237
2026-09-22T16:53:37.647Z,1790096017647,2026-09-23,SOXLUSDT,perp,SOXL,148.47,148.49,148.48000000000002,1.347,153.15,95.44,148.48,177521524.5003
2026-09-22T16:53:37.647Z,1790096017647,2026-09-23,RHOODUSDT,spot,HOOD,124.33,124.38,124.35499999999999,4.0207,14.0,500.0,124.36,144801863.96477976
2026-09-22T16:53:37.647Z,1790096017647,2026-09-23,HOODUSDT,perp,HOOD,124.5,124.53,124.515,2.4093,30.86,438.15,124.51,8596693.2332
2026-09-22T16:53:37.647Z,1790096017647,2026-09-23,RMRVLUSDT,spot,MRVL,263.42,263.68,263.55,9.8653,100.0,120.0,263.58,329465451.41047275
2026-09-22T16:53:37.647Z,1790096017647,2026-09-23,MRVLUSDT,perp,MRVL,263.67,263.7,263.685,1.1377,0.21,95.63,263.69,18400301.3641
