ts_utc,ts_ms,date_cn,base,symbol,oi_size,oi_delta_pct,funding_bp,funding_pctile,funding_positive_share,next_funding_ms
2026-09-24T15:36:41.027Z,1790264201027,2026-09-24,TSLA,TSLAUSDT,44534.10000000003,,0.0,78.0,22.0,1790265600000
2026-09-24T15:36:41.027Z,1790264201027,2026-09-24,NVDA,NVDAUSDT,72851.13999999993,,1.65,84.0,30.0,1790265600000
2026-09-24T15:36:41.027Z,1790264201027,2026-09-24,AAPL,AAPLUSDT,22632.77999999999,,0.0,82.0,18.0,1790265600000
2026-09-24T15:36:41.027Z,1790264201027,2026-09-24,META,METAUSDT,8553.730000000005,,0.0,90.0,10.0,1790265600000
2026-09-24T15:36:41.027Z,1790264201027,2026-09-24,GOOGL,GOOGLUSDT,61862.849999999984,,3.75,93.0,34.0,1790265600000
2026-09-24T15:36:41.027Z,1790264201027,2026-09-24,SPY,SPYUSDT,13766.900000000005,,0.56,93.0,14.0,1790265600000
2026-09-24T15:36:41.027Z,1790264201027,2026-09-24,QQQ,QQQUSDT,20284.569999999992,,0.64,63.0,41.0,1790265600000
2026-09-24T15:36:41.027Z,1790264201027,2026-09-24,SOXL,SOXLUSDT,383572.72999999905,,2.49,83.0,27.0,1790265600000
2026-09-24T15:36:41.027Z,1790264201027,2026-09-24,HOOD,HOODUSDT,43065.56000000002,,0.43,79.0,25.0,1790265600000
2026-09-24T15:36:41.027Z,1790264201027,2026-09-24,MRVL,MRVLUSDT,16822.690000000028,,0.0,74.0,26.0,1790265600000
2026-09-24T15:42:18.316Z,1790264538316,2026-09-24,TSLA,TSLAUSDT,44521.60000000003,-0.0281,0.0,78.0,22.0,1790265600000
2026-09-24T15:42:18.316Z,1790264538316,2026-09-24,NVDA,NVDAUSDT,72825.41999999993,-0.0353,1.68,84.0,30.0,1790265600000
2026-09-24T15:42:18.316Z,1790264538316,2026-09-24,AAPL,AAPLUSDT,22631.499999999996,-0.0057,0.0,82.0,18.0,1790265600000
2026-09-24T15:42:18.316Z,1790264538316,2026-09-24,META,METAUSDT,8588.940000000004,0.4116,0.0,90.0,10.0,1790265600000
2026-09-24T15:42:18.316Z,1790264538316,2026-09-24,GOOGL,GOOGLUSDT,61881.30999999999,0.0298,3.64,92.0,34.0,1790265600000
2026-09-24T15:42:18.316Z,1790264538316,2026-09-24,SPY,SPYUSDT,13766.720000000007,-0.0013,0.61,93.0,14.0,1790265600000
2026-09-24T15:42:18.316Z,1790264538316,2026-09-24,QQQ,QQQUSDT,20282.609999999993,-0.0097,0.65,64.0,41.0,1790265600000
2026-09-24T15:42:18.316Z,1790264538316,2026-09-24,SOXL,SOXLUSDT,383224.71999999904,-0.0907,2.47,83.0,27.0,1790265600000
2026-09-24T15:42:18.316Z,1790264538316,2026-09-24,HOOD,HOODUSDT,43048.26000000002,-0.0402,0.49,79.0,25.0,1790265600000
2026-09-24T15:42:18.316Z,1790264538316,2026-09-24,MRVL,MRVLUSDT,16891.150000000027,0.407,0.0,74.0,26.0,1790265600000
2026-09-24T15:48:00.597Z,1790264880597,2026-09-24,TSLA,TSLAUSDT,44514.68000000003,-0.0155,0.0,78.0,22.0,1790265600000
2026-09-24T15:48:00.597Z,1790264880597,2026-09-24,NVDA,NVDAUSDT,72347.15999999993,-0.6567,1.72,84.0,30.0,1790265600000
2026-09-24T15:48:00.597Z,1790264880597,2026-09-24,AAPL,AAPLUSDT,22648.079999999994,0.0733,0.0,82.0,18.0,1790265600000
2026-09-24T15:48:00.597Z,1790264880597,2026-09-24,META,METAUSDT,8621.440000000004,0.3784,0.0,90.0,10.0,1790265600000
2026-09-24T15:48:00.597Z,1790264880597,2026-09-24,GOOGL,GOOGLUSDT,61796.669999999984,-0.1368,3.56,92.0,34.0,1790265600000
2026-09-24T15:48:00.597Z,1790264880597,2026-09-24,SPY,SPYUSDT,13771.760000000006,0.0366,0.65,93.0,14.0,1790265600000
2026-09-24T15:48:00.597Z,1790264880597,2026-09-24,QQQ,QQQUSDT,20280.589999999993,-0.01,0.66,65.0,41.0,1790265600000
2026-09-24T15:48:00.597Z,1790264880597,2026-09-24,SOXL,SOXLUSDT,383028.86999999906,-0.0511,2.5,83.0,27.0,1790265600000
2026-09-24T15:48:00.597Z,1790264880597,2026-09-24,HOOD,HOODUSDT,43010.64000000002,-0.0874,0.56,81.0,25.0,1790265600000
2026-09-24T15:48:00.597Z,1790264880597,2026-09-24,MRVL,MRVLUSDT,16790.610000000026,-0.5952,0.0,74.0,26.0,1790265600000
2026-09-24T15:53:38.467Z,1790265218467,2026-09-24,TSLA,TSLAUSDT,44462.80000000003,-0.1165,0.0,78.0,22.0,1790265600000
2026-09-24T15:53:38.467Z,1790265218467,2026-09-24,NVDA,NVDAUSDT,72316.09999999993,-0.0429,1.77,86.0,30.0,1790265600000
2026-09-24T15:53:38.467Z,1790265218467,2026-09-24,AAPL,AAPLUSDT,22627.739999999994,-0.0898,0.0,82.0,18.0,1790265600000
2026-09-24T15:53:38.467Z,1790265218467,2026-09-24,META,METAUSDT,8655.420000000004,0.3941,0.0,90.0,10.0,1790265600000
2026-09-24T15:53:38.467Z,1790265218467,2026-09-24,GOOGL,GOOGLUSDT,61790.40999999999,-0.0101,3.5,92.0,34.0,1790265600000
2026-09-24T15:53:38.467Z,1790265218467,2026-09-24,SPY,SPYUSDT,13801.800000000005,0.2181,0.71,93.0,14.0,1790265600000
2026-09-24T15:53:38.467Z,1790265218467,2026-09-24,QQQ,QQQUSDT,20280.149999999994,-0.0022,0.69,66.0,41.0,1790265600000
2026-09-24T15:53:38.467Z,1790265218467,2026-09-24,SOXL,SOXLUSDT,382445.699999999,-0.1523,2.52,83.0,27.0,1790265600000
2026-09-24T15:53:38.467Z,1790265218467,2026-09-24,HOOD,HOODUSDT,43057.28000000001,0.1084,0.63,82.0,25.0,1790265600000
2026-09-24T15:53:38.467Z,1790265218467,2026-09-24,MRVL,MRVLUSDT,16851.030000000024,0.3598,0.0,74.0,26.0,1790265600000
2026-09-24T15:59:17.459Z,1790265557459,2026-09-24,TSLA,TSLAUSDT,44429.82000000003,-0.0742,0.0,78.0,22.0,1790265600000
2026-09-24T15:59:17.459Z,1790265557459,2026-09-24,NVDA,NVDAUSDT,72331.05999999992,0.0207,1.78,86.0,30.0,1790265600000
2026-09-24T15:59:17.459Z,1790265557459,2026-09-24,AAPL,AAPLUSDT,22714.819999999992,0.3848,0.0,82.0,18.0,1790265600000
2026-09-24T15:59:17.459Z,1790265557459,2026-09-24,META,METAUSDT,8677.240000000003,0.2521,0.0,90.0,10.0,1790265600000
2026-09-24T15:59:17.459Z,1790265557459,2026-09-24,GOOGL,GOOGLUSDT,61787.78999999999,-0.0042,3.46,92.0,34.0,1790265600000
2026-09-24T15:59:17.459Z,1790265557459,2026-09-24,SPY,SPYUSDT,13801.540000000006,-0.0019,0.76,93.0,14.0,1790265600000
2026-09-24T15:59:17.459Z,1790265557459,2026-09-24,QQQ,QQQUSDT,20282.269999999993,0.0105,0.72,66.0,41.0,1790265600000
2026-09-24T15:59:17.459Z,1790265557459,2026-09-24,SOXL,SOXLUSDT,382036.189999999,-0.1071,2.48,83.0,27.0,1790265600000
2026-09-24T15:59:17.459Z,1790265557459,2026-09-24,HOOD,HOODUSDT,43078.78000000001,0.0499,0.71,84.0,25.0,1790265600000
2026-09-24T15:59:17.459Z,1790265557459,2026-09-24,MRVL,MRVLUSDT,16834.510000000024,-0.098,0.0,74.0,26.0,1790265600000
2026-09-24T16:04:50.307Z,1790265890307,2026-09-25,TSLA,TSLAUSDT,44416.070000000036,-0.0309,0.0,78.0,22.0,1790294400000
2026-09-24T16:04:50.307Z,1790265890307,2026-09-25,NVDA,NVDAUSDT,72335.62999999993,0.0063,1.78,86.0,31.0,1790294400000
2026-09-24T16:04:50.307Z,1790265890307,2026-09-25,AAPL,AAPLUSDT,22699.719999999998,-0.0665,0.0,82.0,18.0,1790294400000
2026-09-24T16:04:50.307Z,1790265890307,2026-09-25,META,METAUSDT,8726.310000000003,0.5655,0.0,90.0,10.0,1790294400000
2026-09-24T16:04:50.307Z,1790265890307,2026-09-25,GOOGL,GOOGLUSDT,61780.28999999999,-0.0121,3.45,92.0,35.0,1790294400000
2026-09-24T16:04:50.307Z,1790265890307,2026-09-25,SPY,SPYUSDT,13799.920000000007,-0.0117,0.81,93.0,15.0,1790294400000
2026-09-24T16:04:50.307Z,1790265890307,2026-09-25,QQQ,QQQUSDT,20281.309999999994,-0.0047,0.74,66.0,42.0,1790294400000
2026-09-24T16:04:50.307Z,1790265890307,2026-09-25,SOXL,SOXLUSDT,382103.15999999904,0.0175,2.46,82.0,28.0,1790294400000
2026-09-24T16:04:50.307Z,1790265890307,2026-09-25,HOOD,HOODUSDT,43103.96000000002,0.0585,0.75,84.0,26.0,1790294400000
2026-09-24T16:04:50.307Z,1790265890307,2026-09-25,MRVL,MRVLUSDT,16911.520000000026,0.4575,0.0,74.0,26.0,1790294400000
2026-09-24T16:10:26.657Z,1790266226657,2026-09-25,TSLA,TSLAUSDT,44339.72000000004,-0.1719,0.0,78.0,22.0,1790294400000
2026-09-24T16:10:26.657Z,1790266226657,2026-09-25,NVDA,NVDAUSDT,72327.89999999992,-0.0107,1.79,86.0,31.0,1790294400000
2026-09-24T16:10:26.657Z,1790266226657,2026-09-25,AAPL,AAPLUSDT,22693.579999999994,-0.027,0.0,82.0,18.0,1790294400000
2026-09-24T16:10:26.657Z,1790266226657,2026-09-25,META,METAUSDT,8745.120000000004,0.2156,0.0,90.0,10.0,1790294400000
2026-09-24T16:10:26.657Z,1790266226657,2026-09-25,GOOGL,GOOGLUSDT,61731.329999999994,-0.0792,3.47,92.0,35.0,1790294400000
2026-09-24T16:10:26.657Z,1790266226657,2026-09-25,SPY,SPYUSDT,13804.440000000006,0.0328,0.85,93.0,15.0,1790294400000
2026-09-24T16:10:26.657Z,1790266226657,2026-09-25,QQQ,QQQUSDT,20278.02999999999,-0.0162,0.78,66.0,42.0,1790294400000
2026-09-24T16:10:26.657Z,1790266226657,2026-09-25,SOXL,SOXLUSDT,381816.129999999,-0.0751,2.46,82.0,28.0,1790294400000
2026-09-24T16:10:26.657Z,1790266226657,2026-09-25,HOOD,HOODUSDT,43102.48000000002,-0.0034,0.78,86.0,26.0,1790294400000
2026-09-24T16:10:26.657Z,1790266226657,2026-09-25,MRVL,MRVLUSDT,16925.910000000025,0.0851,0.0,74.0,26.0,1790294400000
2026-09-24T16:15:04.075Z,1790266504075,2026-09-25,TSLA,TSLAUSDT,44229.66000000004,-0.2482,0.0,78.0,22.0,1790294400000
2026-09-24T16:15:04.075Z,1790266504075,2026-09-25,NVDA,NVDAUSDT,72311.37999999993,-0.0228,1.8,86.0,31.0,1790294400000
2026-09-24T16:15:04.075Z,1790266504075,2026-09-25,AAPL,AAPLUSDT,22646.379999999994,-0.208,0.0,82.0,18.0,1790294400000
2026-09-24T16:15:04.075Z,1790266504075,2026-09-25,META,METAUSDT,9009.950000000004,3.0283,0.0,90.0,10.0,1790294400000
2026-09-24T16:15:04.075Z,1790266504075,2026-09-25,GOOGL,GOOGLUSDT,61736.05999999999,0.0077,3.47,92.0,35.0,1790294400000
2026-09-24T16:15:04.075Z,1790266504075,2026-09-25,SPY,SPYUSDT,13804.180000000006,-0.0019,0.89,93.0,15.0,1790294400000
2026-09-24T16:15:04.075Z,1790266504075,2026-09-25,QQQ,QQQUSDT,20218.229999999992,-0.2949,0.8,66.0,42.0,1790294400000
2026-09-24T16:15:04.075Z,1790266504075,2026-09-25,SOXL,SOXLUSDT,380897.02999999904,-0.2407,2.47,82.0,28.0,1790294400000
2026-09-24T16:15:04.075Z,1790266504075,2026-09-25,HOOD,HOODUSDT,43090.18000000002,-0.0285,0.8,86.0,26.0,1790294400000
2026-09-24T16:15:04.075Z,1790266504075,2026-09-25,MRVL,MRVLUSDT,16726.510000000024,-1.1781,0.0,74.0,26.0,1790294400000
2026-09-24T16:15:35.756Z,1790266535756,2026-09-25,TSLA,TSLAUSDT,44248.86000000004,-0.2049,0.0,78.0,22.0,1790294400000
2026-09-24T16:15:35.756Z,1790266535756,2026-09-25,NVDA,NVDAUSDT,72310.99999999993,-0.0005,1.8,86.0,31.0,1790294400000
2026-09-24T16:15:35.756Z,1790266535756,2026-09-25,AAPL,AAPLUSDT,22649.999999999993,0.016,0.0,82.0,18.0,1790294400000
2026-09-24T16:15:35.756Z,1790266535756,2026-09-25,META,METAUSDT,9006.320000000005,-0.0403,0.0,90.0,10.0,1790294400000
2026-09-24T16:15:35.756Z,1790266535756,2026-09-25,GOOGL,GOOGLUSDT,61739.31,0.0053,3.47,92.0,35.0,1790294400000
2026-09-24T16:15:35.756Z,1790266535756,2026-09-25,SPY,SPYUSDT,13766.990000000007,-0.2694,0.9,93.0,15.0,1790294400000
2026-09-24T16:15:35.756Z,1790266535756,2026-09-25,QQQ,QQQUSDT,20239.48999999999,0.1052,0.8,66.0,42.0,1790294400000
2026-09-24T16:15:35.756Z,1790266535756,2026-09-25,SOXL,SOXLUSDT,385258.5099999991,1.1451,2.48,83.0,28.0,1790294400000
2026-09-24T16:15:35.756Z,1790266535756,2026-09-25,HOOD,HOODUSDT,43444.32000000002,0.8219,0.81,86.0,26.0,1790294400000
2026-09-24T16:15:35.756Z,1790266535756,2026-09-25,MRVL,MRVLUSDT,16863.280000000024,0.8177,0.0,74.0,26.0,1790294400000
2026-09-24T16:15:58.720Z,1790266558720,2026-09-25,TSLA,TSLAUSDT,44214.21000000004,-0.0349,0.0,78.0,22.0,1790294400000
2026-09-24T16:15:58.720Z,1790266558720,2026-09-25,NVDA,NVDAUSDT,72308.22999999994,-0.0044,1.8,86.0,31.0,1790294400000
2026-09-24T16:15:58.720Z,1790266558720,2026-09-25,AAPL,AAPLUSDT,22546.82999999999,-0.4396,0.0,82.0,18.0,1790294400000
2026-09-24T16:15:58.720Z,1790266558720,2026-09-25,META,METAUSDT,9023.440000000004,0.1901,0.0,90.0,10.0,1790294400000
2026-09-24T16:15:58.720Z,1790266558720,2026-09-25,GOOGL,GOOGLUSDT,61675.369999999995,-0.1036,3.47,92.0,35.0,1790294400000
2026-09-24T16:15:58.720Z,1790266558720,2026-09-25,SPY,SPYUSDT,13768.860000000006,0.0136,0.9,93.0,15.0,1790294400000
2026-09-24T16:15:58.720Z,1790266558720,2026-09-25,QQQ,QQQUSDT,20221.629999999994,-0.0882,0.8,66.0,42.0,1790294400000
2026-09-24T16:15:58.720Z,1790266558720,2026-09-25,SOXL,SOXLUSDT,382596.59999999905,-0.6909,2.48,83.0,28.0,1790294400000
2026-09-24T16:15:58.720Z,1790266558720,2026-09-25,HOOD,HOODUSDT,43340.92000000001,-0.238,0.81,86.0,26.0,1790294400000
2026-09-24T16:15:58.720Z,1790266558720,2026-09-25,MRVL,MRVLUSDT,16778.940000000024,-0.5001,0.0,74.0,26.0,1790294400000
2026-09-24T16:18:42.314Z,1790266722314,2026-09-25,TSLA,TSLAUSDT,44174.100000000035,-0.0907,0.0,78.0,22.0,1790294400000
2026-09-24T16:18:42.314Z,1790266722314,2026-09-25,NVDA,NVDAUSDT,72647.23999999993,0.4688,1.82,86.0,31.0,1790294400000
2026-09-24T16:18:42.314Z,1790266722314,2026-09-25,AAPL,AAPLUSDT,22623.979999999996,0.3422,0.0,82.0,18.0,1790294400000
2026-09-24T16:18:42.314Z,1790266722314,2026-09-25,META,METAUSDT,9037.440000000004,0.1552,0.0,90.0,10.0,1790294400000
2026-09-24T16:18:42.314Z,1790266722314,2026-09-25,GOOGL,GOOGLUSDT,61696.53999999999,0.0343,3.47,92.0,35.0,1790294400000
2026-09-24T16:18:42.314Z,1790266722314,2026-09-25,SPY,SPYUSDT,13706.420000000007,-0.4535,0.94,93.0,15.0,1790294400000
2026-09-24T16:18:42.314Z,1790266722314,2026-09-25,QQQ,QQQUSDT,20218.18999999999,-0.017,0.84,68.0,42.0,1790294400000
2026-09-24T16:18:42.314Z,1790266722314,2026-09-25,SOXL,SOXLUSDT,380742.79999999906,-0.4845,2.56,83.0,28.0,1790294400000
2026-09-24T16:18:42.314Z,1790266722314,2026-09-25,HOOD,HOODUSDT,43618.93000000002,0.6414,0.87,86.0,26.0,1790294400000
2026-09-24T16:18:42.314Z,1790266722314,2026-09-25,MRVL,MRVLUSDT,16816.550000000025,0.2242,0.0,74.0,26.0,1790294400000
2026-09-24T16:20:33.128Z,1790266833128,2026-09-25,TSLA,TSLAUSDT,44230.50000000004,0.1277,0.0,78.0,22.0,1790294400000
2026-09-24T16:20:33.128Z,1790266833128,2026-09-25,NVDA,NVDAUSDT,72599.45999999993,-0.0658,1.81,86.0,31.0,1790294400000
2026-09-24T16:20:33.128Z,1790266833128,2026-09-25,AAPL,AAPLUSDT,22739.39999999999,0.5102,0.0,82.0,18.0,1790294400000
2026-09-24T16:20:33.128Z,1790266833128,2026-09-25,META,METAUSDT,9024.290000000005,-0.1455,0.0,90.0,10.0,1790294400000
2026-09-24T16:20:33.128Z,1790266833128,2026-09-25,GOOGL,GOOGLUSDT,61696.65999999999,0.0002,3.47,92.0,35.0,1790294400000
2026-09-24T16:20:33.128Z,1790266833128,2026-09-25,SPY,SPYUSDT,13649.370000000008,-0.4162,0.94,93.0,15.0,1790294400000
2026-09-24T16:20:33.128Z,1790266833128,2026-09-25,QQQ,QQQUSDT,20326.349999999995,0.535,0.85,68.0,42.0,1790294400000
2026-09-24T16:20:33.128Z,1790266833128,2026-09-25,SOXL,SOXLUSDT,381596.499999999,0.2242,2.58,83.0,28.0,1790294400000
2026-09-24T16:20:33.128Z,1790266833128,2026-09-25,HOOD,HOODUSDT,43454.10000000002,-0.3779,0.9,86.0,26.0,1790294400000
2026-09-24T16:20:33.128Z,1790266833128,2026-09-25,MRVL,MRVLUSDT,16831.670000000024,0.0899,0.0,74.0,26.0,1790294400000
2026-09-24T16:21:29.683Z,1790266889683,2026-09-25,TSLA,TSLAUSDT,44171.90000000003,-0.1325,0.0,78.0,22.0,1790294400000
2026-09-24T16:21:29.683Z,1790266889683,2026-09-25,NVDA,NVDAUSDT,72740.87999999992,0.1948,1.82,86.0,31.0,1790294400000
2026-09-24T16:21:29.683Z,1790266889683,2026-09-25,AAPL,AAPLUSDT,22748.019999999993,0.0379,0.0,82.0,18.0,1790294400000
2026-09-24T16:21:29.683Z,1790266889683,2026-09-25,META,METAUSDT,9001.860000000004,-0.2486,0.0,90.0,10.0,1790294400000
2026-09-24T16:21:29.683Z,1790266889683,2026-09-25,GOOGL,GOOGLUSDT,61670.289999999986,-0.0427,3.47,92.0,35.0,1790294400000
2026-09-24T16:21:29.683Z,1790266889683,2026-09-25,SPY,SPYUSDT,13796.510000000007,1.078,0.93,93.0,15.0,1790294400000
2026-09-24T16:21:29.683Z,1790266889683,2026-09-25,QQQ,QQQUSDT,20323.109999999993,-0.0159,0.86,68.0,42.0,1790294400000
2026-09-24T16:21:29.683Z,1790266889683,2026-09-25,SOXL,SOXLUSDT,382796.38999999897,0.3144,2.6,84.0,28.0,1790294400000
2026-09-24T16:21:29.683Z,1790266889683,2026-09-25,HOOD,HOODUSDT,43377.98000000002,-0.1752,0.92,87.0,26.0,1790294400000
2026-09-24T16:21:29.683Z,1790266889683,2026-09-25,MRVL,MRVLUSDT,16849.940000000028,0.1085,0.0,74.0,26.0,1790294400000
2026-09-24T16:22:15.684Z,1790266935684,2026-09-25,TSLA,TSLAUSDT,44170.890000000036,-0.0023,0.0,78.0,22.0,1790294400000
2026-09-24T16:22:15.684Z,1790266935684,2026-09-25,NVDA,NVDAUSDT,72735.37999999992,-0.0076,1.82,86.0,31.0,1790294400000
2026-09-24T16:22:15.684Z,1790266935684,2026-09-25,AAPL,AAPLUSDT,22753.419999999995,0.0237,0.0,82.0,18.0,1790294400000
2026-09-24T16:22:15.684Z,1790266935684,2026-09-25,META,METAUSDT,9000.660000000005,-0.0133,0.0,90.0,10.0,1790294400000
2026-09-24T16:22:15.684Z,1790266935684,2026-09-25,GOOGL,GOOGLUSDT,61667.84999999999,-0.004,3.47,92.0,35.0,1790294400000
2026-09-24T16:22:15.684Z,1790266935684,2026-09-25,SPY,SPYUSDT,13803.92000000001,0.0537,0.93,93.0,15.0,1790294400000
2026-09-24T16:22:15.684Z,1790266935684,2026-09-25,QQQ,QQQUSDT,20312.969999999994,-0.0499,0.86,68.0,42.0,1790294400000
2026-09-24T16:22:15.684Z,1790266935684,2026-09-25,SOXL,SOXLUSDT,382915.23999999894,0.031,2.57,83.0,28.0,1790294400000
2026-09-24T16:22:15.684Z,1790266935684,2026-09-25,HOOD,HOODUSDT,43498.140000000014,0.277,0.94,87.0,26.0,1790294400000
2026-09-24T16:22:15.684Z,1790266935684,2026-09-25,MRVL,MRVLUSDT,16854.310000000027,0.0259,0.0,74.0,26.0,1790294400000
2026-09-24T16:25:38.820Z,1790267138820,2026-09-25,TSLA,TSLAUSDT,44129.18000000004,-0.0944,0.0,78.0,22.0,1790294400000
2026-09-24T16:25:38.820Z,1790267138820,2026-09-25,NVDA,NVDAUSDT,72703.03999999992,-0.0445,1.86,87.0,31.0,1790294400000
2026-09-24T16:25:38.820Z,1790267138820,2026-09-25,AAPL,AAPLUSDT,22790.659999999996,0.1637,0.0,82.0,18.0,1790294400000
2026-09-24T16:25:38.820Z,1790267138820,2026-09-25,META,METAUSDT,8936.180000000004,-0.7164,0.0,90.0,10.0,1790294400000
2026-09-24T16:25:38.820Z,1790267138820,2026-09-25,GOOGL,GOOGLUSDT,61658.76999999998,-0.0147,3.47,92.0,35.0,1790294400000
2026-09-24T16:25:38.820Z,1790267138820,2026-09-25,SPY,SPYUSDT,13806.340000000007,0.0175,0.94,93.0,15.0,1790294400000
2026-09-24T16:25:38.820Z,1790267138820,2026-09-25,QQQ,QQQUSDT,20300.429999999993,-0.0617,0.88,69.0,42.0,1790294400000
2026-09-24T16:25:38.820Z,1790267138820,2026-09-25,SOXL,SOXLUSDT,384621.5199999989,0.4456,2.57,83.0,28.0,1790294400000
2026-09-24T16:25:38.820Z,1790267138820,2026-09-25,HOOD,HOODUSDT,43426.680000000015,-0.1643,1.0,87.0,26.0,1790294400000
2026-09-24T16:25:38.820Z,1790267138820,2026-09-25,MRVL,MRVLUSDT,16802.55000000003,-0.3071,0.0,74.0,26.0,1790294400000
2026-09-24T16:25:53.042Z,1790267153042,2026-09-25,TSLA,TSLAUSDT,44128.94000000003,-0.095,0.0,78.0,22.0,1790294400000
2026-09-24T16:25:53.042Z,1790267153042,2026-09-25,NVDA,NVDAUSDT,72702.15999999993,-0.0457,1.86,87.0,31.0,1790294400000
2026-09-24T16:25:53.042Z,1790267153042,2026-09-25,AAPL,AAPLUSDT,22790.659999999993,0.1637,0.0,82.0,18.0,1790294400000
2026-09-24T16:25:53.042Z,1790267153042,2026-09-25,META,METAUSDT,8936.180000000004,-0.7164,0.0,90.0,10.0,1790294400000
2026-09-24T16:25:53.042Z,1790267153042,2026-09-25,GOOGL,GOOGLUSDT,61636.709999999985,-0.0505,3.47,92.0,35.0,1790294400000
2026-09-24T16:25:53.042Z,1790267153042,2026-09-25,SPY,SPYUSDT,13806.360000000008,0.0177,0.94,93.0,15.0,1790294400000
2026-09-24T16:25:53.042Z,1790267153042,2026-09-25,QQQ,QQQUSDT,20300.269999999993,-0.0625,,,,
2026-09-24T16:25:53.042Z,1790267153042,2026-09-25,SOXL,SOXLUSDT,385020.0899999989,0.1036,2.57,83.0,28.0,1790294400000
2026-09-24T16:25:53.042Z,1790267153042,2026-09-25,HOOD,HOODUSDT,43426.680000000015,0.0,1.0,87.0,26.0,1790294400000
2026-09-24T16:25:53.042Z,1790267153042,2026-09-25,MRVL,MRVLUSDT,16772.07000000003,-0.1814,0.0,74.0,26.0,1790294400000
2026-09-24T16:27:02.653Z,1790267222653,2026-09-25,TSLA,TSLAUSDT,44118.36000000004,-0.024,0.0,78.0,22.0,1790294400000
2026-09-24T16:27:02.653Z,1790267222653,2026-09-25,NVDA,NVDAUSDT,71964.05999999994,-1.0152,1.87,87.0,31.0,1790294400000
2026-09-24T16:27:02.653Z,1790267222653,2026-09-25,AAPL,AAPLUSDT,22812.37999999999,0.0953,0.0,82.0,18.0,1790294400000
2026-09-24T16:27:02.653Z,1790267222653,2026-09-25,META,METAUSDT,8932.620000000004,-0.0398,0.0,90.0,10.0,1790294400000
2026-09-24T16:27:02.653Z,1790267222653,2026-09-25,GOOGL,GOOGLUSDT,61595.90999999999,-0.0662,3.47,92.0,35.0,1790294400000
2026-09-24T16:27:02.653Z,1790267222653,2026-09-25,SPY,SPYUSDT,13805.640000000009,-0.0052,0.93,93.0,15.0,1790294400000
2026-09-24T16:27:02.653Z,1790267222653,2026-09-25,QQQ,QQQUSDT,20291.019999999993,-0.0456,0.88,69.0,42.0,1790294400000
2026-09-24T16:27:02.653Z,1790267222653,2026-09-25,SOXL,SOXLUSDT,386255.93999999895,0.321,2.56,83.0,28.0,1790294400000
2026-09-24T16:27:02.653Z,1790267222653,2026-09-25,HOOD,HOODUSDT,43427.24000000002,0.0013,1.01,87.0,26.0,1790294400000
2026-09-24T16:27:02.653Z,1790267222653,2026-09-25,MRVL,MRVLUSDT,16757.830000000027,-0.0849,0.0,74.0,26.0,1790294400000
2026-09-24T16:29:29.102Z,1790267369102,2026-09-25,TSLA,TSLAUSDT,44113.040000000045,-0.0121,0.0,78.0,22.0,1790294400000
2026-09-24T16:29:29.102Z,1790267369102,2026-09-25,NVDA,NVDAUSDT,71932.31999999993,-0.0441,1.9,87.0,31.0,1790294400000
2026-09-24T16:29:29.102Z,1790267369102,2026-09-25,AAPL,AAPLUSDT,22795.259999999995,-0.075,0.0,82.0,18.0,1790294400000
2026-09-24T16:29:29.102Z,1790267369102,2026-09-25,META,METAUSDT,8914.560000000005,-0.2022,0.0,90.0,10.0,1790294400000
2026-09-24T16:29:29.102Z,1790267369102,2026-09-25,GOOGL,GOOGLUSDT,61588.76999999999,-0.0116,3.49,92.0,35.0,1790294400000
2026-09-24T16:29:29.102Z,1790267369102,2026-09-25,SPY,SPYUSDT,13802.720000000008,-0.0212,0.94,93.0,15.0,1790294400000
2026-09-24T16:29:29.102Z,1790267369102,2026-09-25,QQQ,QQQUSDT,20289.02999999999,-0.0098,0.9,69.0,42.0,1790294400000
2026-09-24T16:29:29.102Z,1790267369102,2026-09-25,SOXL,SOXLUSDT,386496.5699999989,0.0623,2.58,83.0,28.0,1790294400000
2026-09-24T16:29:29.102Z,1790267369102,2026-09-25,HOOD,HOODUSDT,43370.580000000016,-0.1305,1.07,87.0,26.0,1790294400000
2026-09-24T16:29:29.102Z,1790267369102,2026-09-25,MRVL,MRVLUSDT,16760.650000000023,0.0168,0.0,74.0,26.0,1790294400000
2026-09-24T16:30:38.443Z,1790267438443,2026-09-25,TSLA,TSLAUSDT,44093.10000000004,-0.0452,0.0,78.0,22.0,1790294400000
2026-09-24T16:30:38.443Z,1790267438443,2026-09-25,NVDA,NVDAUSDT,72023.91999999993,0.1273,1.93,87.0,31.0,1790294400000
2026-09-24T16:30:38.443Z,1790267438443,2026-09-25,AAPL,AAPLUSDT,22786.799999999996,-0.0371,0.0,82.0,18.0,1790294400000
2026-09-24T16:30:38.443Z,1790267438443,2026-09-25,META,METAUSDT,8921.860000000004,0.0819,0.0,90.0,10.0,1790294400000
2026-09-24T16:30:38.443Z,1790267438443,2026-09-25,GOOGL,GOOGLUSDT,61577.889999999985,-0.0177,3.49,92.0,35.0,1790294400000
2026-09-24T16:30:38.443Z,1790267438443,2026-09-25,SPY,SPYUSDT,13797.440000000008,-0.0383,0.93,93.0,15.0,1790294400000
2026-09-24T16:30:38.443Z,1790267438443,2026-09-25,QQQ,QQQUSDT,20282.16999999999,-0.0338,0.9,69.0,42.0,1790294400000
2026-09-24T16:30:38.443Z,1790267438443,2026-09-25,SOXL,SOXLUSDT,386401.7199999989,-0.0245,2.57,83.0,28.0,1790294400000
2026-09-24T16:30:38.443Z,1790267438443,2026-09-25,HOOD,HOODUSDT,43302.56000000001,-0.1568,1.08,87.0,26.0,1790294400000
2026-09-24T16:30:38.443Z,1790267438443,2026-09-25,MRVL,MRVLUSDT,16728.770000000026,-0.1902,0.0,74.0,26.0,1790294400000
2026-09-24T16:32:37.081Z,1790267557081,2026-09-25,TSLA,TSLAUSDT,44007.90000000004,-0.1932,0.0,78.0,22.0,1790294400000
2026-09-24T16:32:37.081Z,1790267557081,2026-09-25,NVDA,NVDAUSDT,72022.28999999992,-0.0023,1.95,87.0,31.0,1790294400000
2026-09-24T16:32:37.081Z,1790267557081,2026-09-25,AAPL,AAPLUSDT,22783.349999999995,-0.0151,0.0,82.0,18.0,1790294400000
2026-09-24T16:32:37.081Z,1790267557081,2026-09-25,META,METAUSDT,8919.910000000005,-0.0219,0.0,90.0,10.0,1790294400000
2026-09-24T16:32:37.081Z,1790267557081,2026-09-25,GOOGL,GOOGLUSDT,61630.52999999999,0.0855,3.48,92.0,35.0,1790294400000
2026-09-24T16:32:37.081Z,1790267557081,2026-09-25,SPY,SPYUSDT,13789.480000000007,-0.0577,0.92,93.0,15.0,1790294400000
2026-09-24T16:32:37.081Z,1790267557081,2026-09-25,QQQ,QQQUSDT,20276.229999999992,-0.0293,0.91,69.0,42.0,1790294400000
2026-09-24T16:32:37.081Z,1790267557081,2026-09-25,SOXL,SOXLUSDT,386228.80999999895,-0.0447,2.55,83.0,28.0,1790294400000
2026-09-24T16:32:37.081Z,1790267557081,2026-09-25,HOOD,HOODUSDT,43312.01000000002,0.0218,1.1,87.0,26.0,1790294400000
2026-09-24T16:32:37.081Z,1790267557081,2026-09-25,MRVL,MRVLUSDT,16772.780000000024,0.2631,0.0,74.0,26.0,1790294400000
2026-09-24T16:33:08.184Z,1790267588184,2026-09-25,TSLA,TSLAUSDT,44008.12000000004,-0.1927,0.0,78.0,22.0,1790294400000
2026-09-24T16:33:08.184Z,1790267588184,2026-09-25,NVDA,NVDAUSDT,72023.17999999992,-0.001,1.95,87.0,31.0,1790294400000
2026-09-24T16:33:08.184Z,1790267588184,2026-09-25,AAPL,AAPLUSDT,22779.879999999994,-0.0152,0.0,82.0,18.0,1790294400000
2026-09-24T16:33:08.184Z,1790267588184,2026-09-25,META,METAUSDT,8919.880000000005,-0.0003,0.0,90.0,10.0,1790294400000
2026-09-24T16:33:08.184Z,1790267588184,2026-09-25,GOOGL,GOOGLUSDT,61627.98999999999,-0.0041,3.48,92.0,35.0,1790294400000
2026-09-24T16:33:08.184Z,1790267588184,2026-09-25,SPY,SPYUSDT,13789.500000000007,0.0001,0.92,93.0,15.0,1790294400000
2026-09-24T16:33:08.184Z,1790267588184,2026-09-25,QQQ,QQQUSDT,20277.089999999993,0.0042,0.91,69.0,42.0,1790294400000
2026-09-24T16:33:08.184Z,1790267588184,2026-09-25,SOXL,SOXLUSDT,385611.48999999894,-0.1598,2.55,83.0,28.0,1790294400000
2026-09-24T16:33:08.184Z,1790267588184,2026-09-25,HOOD,HOODUSDT,43312.10000000001,0.0002,1.1,87.0,26.0,1790294400000
2026-09-24T16:33:08.184Z,1790267588184,2026-09-25,MRVL,MRVLUSDT,16785.870000000024,0.078,0.0,74.0,26.0,1790294400000
2026-09-24T16:33:53.793Z,1790267633793,2026-09-25,TSLA,TSLAUSDT,44040.47000000004,0.0735,0.0,78.0,22.0,1790294400000
2026-09-24T16:33:53.793Z,1790267633793,2026-09-25,NVDA,NVDAUSDT,71960.93999999992,-0.0864,1.96,87.0,31.0,1790294400000
2026-09-24T16:33:53.793Z,1790267633793,2026-09-25,AAPL,AAPLUSDT,22775.359999999993,-0.0198,0.0,82.0,18.0,1790294400000
2026-09-24T16:33:53.793Z,1790267633793,2026-09-25,META,METAUSDT,8921.000000000004,0.0126,0.0,90.0,10.0,1790294400000
2026-09-24T16:33:53.793Z,1790267633793,2026-09-25,GOOGL,GOOGLUSDT,61628.98999999999,0.0016,3.48,92.0,35.0,1790294400000
2026-09-24T16:33:53.793Z,1790267633793,2026-09-25,SPY,SPYUSDT,13776.520000000008,-0.0941,0.92,93.0,15.0,1790294400000
2026-09-24T16:33:53.793Z,1790267633793,2026-09-25,QQQ,QQQUSDT,20279.389999999992,0.0113,0.91,69.0,42.0,1790294400000
2026-09-24T16:33:53.793Z,1790267633793,2026-09-25,SOXL,SOXLUSDT,385435.3099999989,-0.0457,2.54,83.0,28.0,1790294400000
2026-09-24T16:33:53.793Z,1790267633793,2026-09-25,HOOD,HOODUSDT,43328.70000000002,0.0383,1.11,87.0,26.0,1790294400000
2026-09-24T16:33:53.793Z,1790267633793,2026-09-25,MRVL,MRVLUSDT,16799.210000000025,0.0795,0.0,74.0,26.0,1790294400000
2026-09-24T16:34:00.940Z,1790267640940,2026-09-25,TSLA,TSLAUSDT,44038.67000000004,0.0694,0.0,78.0,22.0,1790294400000
2026-09-24T16:34:00.940Z,1790267640940,2026-09-25,NVDA,NVDAUSDT,71959.23999999992,-0.0888,1.96,87.0,31.0,1790294400000
2026-09-24T16:34:00.940Z,1790267640940,2026-09-25,AAPL,AAPLUSDT,22775.359999999993,-0.0198,0.0,82.0,18.0,1790294400000
2026-09-24T16:34:00.940Z,1790267640940,2026-09-25,META,METAUSDT,8919.860000000004,-0.0002,0.0,90.0,10.0,1790294400000
2026-09-24T16:34:00.940Z,1790267640940,2026-09-25,GOOGL,GOOGLUSDT,61628.98999999999,0.0016,3.48,92.0,35.0,1790294400000
2026-09-24T16:34:00.940Z,1790267640940,2026-09-25,SPY,SPYUSDT,13772.100000000008,-0.1262,0.92,93.0,15.0,1790294400000
2026-09-24T16:34:00.940Z,1790267640940,2026-09-25,QQQ,QQQUSDT,20279.389999999992,0.0113,0.91,69.0,42.0,1790294400000
2026-09-24T16:34:00.940Z,1790267640940,2026-09-25,SOXL,SOXLUSDT,385435.3099999989,-0.0457,2.54,83.0,28.0,1790294400000
2026-09-24T16:34:00.940Z,1790267640940,2026-09-25,HOOD,HOODUSDT,43328.70000000002,0.0,1.11,87.0,26.0,1790294400000
2026-09-24T16:34:00.940Z,1790267640940,2026-09-25,MRVL,MRVLUSDT,16799.190000000028,-0.0001,0.0,74.0,26.0,1790294400000
2026-09-24T16:34:40.427Z,1790267680427,2026-09-25,TSLA,TSLAUSDT,44064.80000000004,0.0593,0.0,78.0,22.0,1790294400000
2026-09-24T16:34:40.427Z,1790267680427,2026-09-25,NVDA,NVDAUSDT,71955.91999999993,-0.0046,1.97,87.0,31.0,1790294400000
2026-09-24T16:34:40.427Z,1790267680427,2026-09-25,AAPL,AAPLUSDT,22775.319999999996,-0.0002,0.0,82.0,18.0,1790294400000
2026-09-24T16:34:40.427Z,1790267680427,2026-09-25,META,METAUSDT,8918.060000000003,-0.0202,0.0,90.0,10.0,1790294400000
2026-09-24T16:34:40.427Z,1790267680427,2026-09-25,GOOGL,GOOGLUSDT,61631.50999999999,0.0041,3.48,92.0,35.0,1790294400000
2026-09-24T16:34:40.427Z,1790267680427,2026-09-25,SPY,SPYUSDT,13760.920000000007,-0.0812,0.92,93.0,15.0,1790294400000
2026-09-24T16:34:40.427Z,1790267680427,2026-09-25,QQQ,QQQUSDT,20280.109999999993,0.0036,0.92,69.0,42.0,1790294400000
2026-09-24T16:34:40.427Z,1790267680427,2026-09-25,SOXL,SOXLUSDT,385254.79999999894,-0.0468,2.54,83.0,28.0,1790294400000
2026-09-24T16:34:40.427Z,1790267680427,2026-09-25,HOOD,HOODUSDT,43328.70000000002,0.0,1.12,87.0,26.0,1790294400000
2026-09-24T16:34:40.427Z,1790267680427,2026-09-25,MRVL,MRVLUSDT,16832.970000000027,0.2011,0.0,74.0,26.0,1790294400000
2026-09-24T16:35:37.034Z,1790267737034,2026-09-25,TSLA,TSLAUSDT,44064.04000000004,-0.0017,0.0,78.0,22.0,1790294400000
2026-09-24T16:35:37.034Z,1790267737034,2026-09-25,NVDA,NVDAUSDT,71975.65999999992,0.0274,1.97,87.0,31.0,1790294400000
2026-09-24T16:35:37.034Z,1790267737034,2026-09-25,AAPL,AAPLUSDT,22739.159999999996,-0.1588,0.0,82.0,18.0,1790294400000
2026-09-24T16:35:37.034Z,1790267737034,2026-09-25,META,METAUSDT,8930.480000000005,0.1393,0.0,90.0,10.0,1790294400000
2026-09-24T16:35:37.034Z,1790267737034,2026-09-25,GOOGL,GOOGLUSDT,61394.48999999999,-0.3846,3.47,92.0,35.0,1790294400000
2026-09-24T16:35:37.034Z,1790267737034,2026-09-25,SPY,SPYUSDT,13747.040000000008,-0.1009,0.91,93.0,15.0,1790294400000
2026-09-24T16:35:37.034Z,1790267737034,2026-09-25,QQQ,QQQUSDT,20280.16999999999,0.0003,0.92,69.0,42.0,1790294400000
2026-09-24T16:35:37.034Z,1790267737034,2026-09-25,SOXL,SOXLUSDT,385345.18999999895,0.0235,2.53,83.0,28.0,1790294400000
2026-09-24T16:35:37.034Z,1790267737034,2026-09-25,HOOD,HOODUSDT,43329.330000000016,0.0015,1.13,88.0,26.0,1790294400000
2026-09-24T16:35:37.034Z,1790267737034,2026-09-25,MRVL,MRVLUSDT,16868.930000000026,0.2136,0.0,74.0,26.0,1790294400000
2026-09-24T16:36:43.020Z,1790267803020,2026-09-25,TSLA,TSLAUSDT,43965.80000000004,-0.2229,0.0,78.0,22.0,1790294400000
2026-09-24T16:36:43.020Z,1790267803020,2026-09-25,NVDA,NVDAUSDT,71969.03999999992,-0.0092,1.98,87.0,31.0,1790294400000
2026-09-24T16:36:43.020Z,1790267803020,2026-09-25,AAPL,AAPLUSDT,22706.319999999992,-0.1444,0.0,82.0,18.0,1790294400000
2026-09-24T16:36:43.020Z,1790267803020,2026-09-25,META,METAUSDT,8919.270000000004,-0.1255,0.0,90.0,10.0,1790294400000
2026-09-24T16:36:43.020Z,1790267803020,2026-09-25,GOOGL,GOOGLUSDT,61482.009999999995,0.1426,3.46,92.0,35.0,1790294400000
2026-09-24T16:36:43.020Z,1790267803020,2026-09-25,SPY,SPYUSDT,13747.060000000009,0.0001,0.91,93.0,15.0,1790294400000
2026-09-24T16:36:43.020Z,1790267803020,2026-09-25,QQQ,QQQUSDT,20280.289999999994,0.0006,0.93,69.0,42.0,1790294400000
2026-09-24T16:36:43.020Z,1790267803020,2026-09-25,SOXL,SOXLUSDT,386259.4399999989,0.2373,2.53,83.0,28.0,1790294400000
2026-09-24T16:36:43.020Z,1790267803020,2026-09-25,HOOD,HOODUSDT,43328.96000000002,-0.0009,1.15,88.0,26.0,1790294400000
2026-09-24T16:36:43.020Z,1790267803020,2026-09-25,MRVL,MRVLUSDT,16863.190000000028,-0.034,0.0,74.0,26.0,1790294400000
2026-09-24T16:37:29.296Z,1790267849296,2026-09-25,TSLA,TSLAUSDT,44002.640000000036,0.0838,0.0,78.0,22.0,1790294400000
2026-09-24T16:37:29.296Z,1790267849296,2026-09-25,NVDA,NVDAUSDT,71952.99999999993,-0.0223,1.98,87.0,31.0,1790294400000
2026-09-24T16:37:29.296Z,1790267849296,2026-09-25,AAPL,AAPLUSDT,22700.579999999994,-0.0253,0.0,82.0,18.0,1790294400000
2026-09-24T16:37:29.296Z,1790267849296,2026-09-25,META,METAUSDT,8918.520000000004,-0.0084,0.0,90.0,10.0,1790294400000
2026-09-24T16:37:29.296Z,1790267849296,2026-09-25,GOOGL,GOOGLUSDT,61481.909999999996,-0.0002,3.46,92.0,35.0,1790294400000
2026-09-24T16:37:29.296Z,1790267849296,2026-09-25,SPY,SPYUSDT,13747.020000000008,-0.0003,0.91,93.0,15.0,1790294400000
2026-09-24T16:37:29.296Z,1790267849296,2026-09-25,QQQ,QQQUSDT,20285.539999999994,0.0259,0.93,69.0,42.0,1790294400000
2026-09-24T16:37:29.296Z,1790267849296,2026-09-25,SOXL,SOXLUSDT,385748.36999999895,-0.1323,2.54,83.0,28.0,1790294400000
2026-09-24T16:37:29.296Z,1790267849296,2026-09-25,HOOD,HOODUSDT,43332.82000000002,0.0089,1.17,88.0,26.0,1790294400000
2026-09-24T16:37:29.296Z,1790267849296,2026-09-25,MRVL,MRVLUSDT,16847.780000000024,-0.0914,0.0,74.0,26.0,1790294400000
2026-09-24T16:38:11.172Z,1790267891172,2026-09-25,TSLA,TSLAUSDT,43963.060000000034,-0.0899,0.0,78.0,22.0,1790294400000
2026-09-24T16:38:11.172Z,1790267891172,2026-09-25,NVDA,NVDAUSDT,71945.79999999993,-0.01,1.99,87.0,31.0,1790294400000
2026-09-24T16:38:11.172Z,1790267891172,2026-09-25,AAPL,AAPLUSDT,22700.619999999995,0.0002,0.0,82.0,18.0,1790294400000
2026-09-24T16:38:11.172Z,1790267891172,2026-09-25,META,METAUSDT,8911.300000000005,-0.081,0.0,90.0,10.0,1790294400000
2026-09-24T16:38:11.172Z,1790267891172,2026-09-25,GOOGL,GOOGLUSDT,61735.03999999999,0.4117,3.46,92.0,35.0,1790294400000
2026-09-24T16:38:11.172Z,1790267891172,2026-09-25,SPY,SPYUSDT,13746.900000000009,-0.0009,0.91,93.0,15.0,1790294400000
2026-09-24T16:38:11.172Z,1790267891172,2026-09-25,QQQ,QQQUSDT,20283.249999999993,-0.0113,0.93,69.0,42.0,1790294400000
2026-09-24T16:38:11.172Z,1790267891172,2026-09-25,SOXL,SOXLUSDT,384655.36999999895,-0.2833,2.54,83.0,28.0,1790294400000
2026-09-24T16:38:11.172Z,1790267891172,2026-09-25,HOOD,HOODUSDT,43332.82000000002,0.0,1.19,88.0,26.0,1790294400000
2026-09-24T16:38:11.172Z,1790267891172,2026-09-25,MRVL,MRVLUSDT,16905.210000000025,0.3409,0.0,74.0,26.0,1790294400000
2026-09-24T16:40:18.130Z,1790268018130,2026-09-25,TSLA,TSLAUSDT,43791.96000000004,-0.3892,0.0,78.0,22.0,1790294400000
2026-09-24T16:40:18.130Z,1790268018130,2026-09-25,NVDA,NVDAUSDT,71933.96999999993,-0.0164,2.0,87.0,31.0,1790294400000
2026-09-24T16:40:18.130Z,1790268018130,2026-09-25,AAPL,AAPLUSDT,22668.679999999993,-0.1407,0.0,82.0,18.0,1790294400000
2026-09-24T16:40:18.130Z,1790268018130,2026-09-25,META,METAUSDT,8895.140000000005,-0.1813,0.0,90.0,10.0,1790294400000
2026-09-24T16:40:18.130Z,1790268018130,2026-09-25,GOOGL,GOOGLUSDT,62037.08999999999,0.4893,3.46,92.0,35.0,1790294400000
2026-09-24T16:40:18.130Z,1790268018130,2026-09-25,SPY,SPYUSDT,13746.900000000009,0.0,0.9,93.0,15.0,1790294400000
2026-09-24T16:40:18.130Z,1790268018130,2026-09-25,QQQ,QQQUSDT,20278.86999999999,-0.0216,0.94,70.0,42.0,1790294400000
2026-09-24T16:40:18.130Z,1790268018130,2026-09-25,SOXL,SOXLUSDT,384199.28999999893,-0.1186,2.49,83.0,28.0,1790294400000
2026-09-24T16:40:18.130Z,1790268018130,2026-09-25,HOOD,HOODUSDT,43326.92000000002,-0.0136,1.21,88.0,26.0,1790294400000
2026-09-24T16:40:18.130Z,1790268018130,2026-09-25,MRVL,MRVLUSDT,16900.390000000025,-0.0285,0.0,74.0,26.0,1790294400000
2026-09-24T16:40:32.484Z,1790268032484,2026-09-25,TSLA,TSLAUSDT,43829.73000000004,-0.3033,0.0,78.0,22.0,1790294400000
2026-09-24T16:40:32.484Z,1790268032484,2026-09-25,NVDA,NVDAUSDT,71933.47999999994,-0.0171,2.01,87.0,31.0,1790294400000
2026-09-24T16:40:32.484Z,1790268032484,2026-09-25,AAPL,AAPLUSDT,22662.579999999994,-0.1676,0.0,82.0,18.0,1790294400000
2026-09-24T16:40:32.484Z,1790268032484,2026-09-25,META,METAUSDT,8895.240000000003,-0.1802,0.0,90.0,10.0,1790294400000
2026-09-24T16:40:32.484Z,1790268032484,2026-09-25,GOOGL,GOOGLUSDT,62027.45,0.4737,3.46,92.0,35.0,1790294400000
2026-09-24T16:40:32.484Z,1790268032484,2026-09-25,SPY,SPYUSDT,13746.080000000009,-0.006,0.9,93.0,15.0,1790294400000
2026-09-24T16:40:32.484Z,1790268032484,2026-09-25,QQQ,QQQUSDT,20278.86999999999,0.0,0.94,70.0,42.0,1790294400000
2026-09-24T16:40:32.484Z,1790268032484,2026-09-25,SOXL,SOXLUSDT,384183.43999999895,-0.0041,2.49,83.0,28.0,1790294400000
2026-09-24T16:40:32.484Z,1790268032484,2026-09-25,HOOD,HOODUSDT,43334.92000000002,0.0185,1.21,88.0,26.0,1790294400000
2026-09-24T16:40:32.484Z,1790268032484,2026-09-25,MRVL,MRVLUSDT,16900.390000000025,0.0,0.0,74.0,26.0,1790294400000
2026-09-24T16:40:50.136Z,1790268050136,2026-09-25,TSLA,TSLAUSDT,43833.63000000004,-0.2944,0.0,78.0,22.0,1790294400000
2026-09-24T16:40:50.136Z,1790268050136,2026-09-25,NVDA,NVDAUSDT,71932.99999999993,-0.0013,2.01,87.0,31.0,1790294400000
2026-09-24T16:40:50.136Z,1790268050136,2026-09-25,AAPL,AAPLUSDT,22645.789999999994,-0.101,0.0,82.0,18.0,1790294400000
2026-09-24T16:40:50.136Z,1790268050136,2026-09-25,META,METAUSDT,8895.220000000003,0.0009,0.0,90.0,10.0,1790294400000
2026-09-24T16:40:50.136Z,1790268050136,2026-09-25,GOOGL,GOOGLUSDT,62033.96999999999,-0.005,3.46,92.0,35.0,1790294400000
2026-09-24T16:40:50.136Z,1790268050136,2026-09-25,SPY,SPYUSDT,13734.960000000008,-0.0809,0.9,93.0,15.0,1790294400000
2026-09-24T16:40:50.136Z,1790268050136,2026-09-25,QQQ,QQQUSDT,20278.86999999999,0.0,0.94,70.0,42.0,1790294400000
2026-09-24T16:40:50.136Z,1790268050136,2026-09-25,SOXL,SOXLUSDT,384134.29999999894,-0.0128,2.49,83.0,28.0,1790294400000
2026-09-24T16:40:50.136Z,1790268050136,2026-09-25,HOOD,HOODUSDT,43335.92000000002,0.0023,1.21,88.0,26.0,1790294400000
2026-09-24T16:40:50.136Z,1790268050136,2026-09-25,MRVL,MRVLUSDT,16900.390000000025,0.0,0.0,74.0,26.0,1790294400000
2026-09-24T16:41:00.799Z,1790268060799,2026-09-25,TSLA,TSLAUSDT,44023.580000000045,0.5289,0.0,78.0,22.0,1790294400000
2026-09-24T16:41:00.799Z,1790268060799,2026-09-25,NVDA,NVDAUSDT,71932.99999999993,-0.0007,2.01,87.0,31.0,1790294400000
2026-09-24T16:41:00.799Z,1790268060799,2026-09-25,AAPL,AAPLUSDT,22669.499999999996,0.0305,0.0,82.0,18.0,1790294400000
2026-09-24T16:41:00.799Z,1790268060799,2026-09-25,META,METAUSDT,8895.220000000005,-0.0002,0.0,90.0,10.0,1790294400000
2026-09-24T16:41:00.799Z,1790268060799,2026-09-25,GOOGL,GOOGLUSDT,62033.96999999999,0.0105,3.46,92.0,35.0,1790294400000
2026-09-24T16:41:00.799Z,1790268060799,2026-09-25,SPY,SPYUSDT,13734.960000000008,-0.0809,0.9,93.0,15.0,1790294400000
2026-09-24T16:41:00.799Z,1790268060799,2026-09-25,QQQ,QQQUSDT,20275.829999999994,-0.015,0.94,70.0,42.0,1790294400000
2026-09-24T16:41:00.799Z,1790268060799,2026-09-25,SOXL,SOXLUSDT,383911.81999999896,-0.0579,2.49,83.0,28.0,1790294400000
2026-09-24T16:41:00.799Z,1790268060799,2026-09-25,HOOD,HOODUSDT,43331.76000000002,-0.0096,1.21,88.0,26.0,1790294400000
2026-09-24T16:41:00.799Z,1790268060799,2026-09-25,MRVL,MRVLUSDT,16896.210000000025,-0.0247,0.0,74.0,26.0,1790294400000
2026-09-24T16:43:45.504Z,1790268225504,2026-09-25,TSLA,TSLAUSDT,43844.43000000004,-0.4069,0.0,78.0,22.0,1790294400000
2026-09-24T16:43:45.504Z,1790268225504,2026-09-25,NVDA,NVDAUSDT,71894.42999999992,-0.0536,2.05,87.0,31.0,1790294400000
2026-09-24T16:43:45.504Z,1790268225504,2026-09-25,AAPL,AAPLUSDT,22637.119999999995,-0.1428,0.0,82.0,18.0,1790294400000
2026-09-24T16:43:45.504Z,1790268225504,2026-09-25,META,METAUSDT,8896.000000000004,0.0088,0.0,90.0,10.0,1790294400000
2026-09-24T16:43:45.504Z,1790268225504,2026-09-25,GOOGL,GOOGLUSDT,61895.58999999999,-0.2231,3.47,92.0,35.0,1790294400000
2026-09-24T16:43:45.504Z,1790268225504,2026-09-25,SPY,SPYUSDT,13663.780000000008,-0.5182,0.9,93.0,15.0,1790294400000
2026-09-24T16:43:45.504Z,1790268225504,2026-09-25,QQQ,QQQUSDT,19488.729999999992,-3.882,0.95,70.0,42.0,1790294400000
2026-09-24T16:43:45.504Z,1790268225504,2026-09-25,SOXL,SOXLUSDT,378879.379999999,-1.3108,2.49,83.0,28.0,1790294400000
2026-09-24T16:43:45.504Z,1790268225504,2026-09-25,HOOD,HOODUSDT,43328.220000000016,-0.0082,1.28,90.0,26.0,1790294400000
2026-09-24T16:43:45.504Z,1790268225504,2026-09-25,MRVL,MRVLUSDT,16899.750000000025,0.021,0.0,74.0,26.0,1790294400000
2026-09-24T16:43:52.218Z,1790268232218,2026-09-25,TSLA,TSLAUSDT,43840.010000000046,-0.417,0.0,78.0,22.0,1790294400000
2026-09-24T16:43:52.218Z,1790268232218,2026-09-25,NVDA,NVDAUSDT,72099.97999999992,0.2321,2.05,87.0,31.0,1790294400000
2026-09-24T16:43:52.218Z,1790268232218,2026-09-25,AAPL,AAPLUSDT,22620.879999999994,-0.2145,0.0,82.0,18.0,1790294400000
2026-09-24T16:43:52.218Z,1790268232218,2026-09-25,META,METAUSDT,8896.000000000004,0.0088,0.0,90.0,10.0,1790294400000
2026-09-24T16:43:52.218Z,1790268232218,2026-09-25,GOOGL,GOOGLUSDT,61895.58999999999,-0.2231,3.47,92.0,35.0,1790294400000
2026-09-24T16:43:52.218Z,1790268232218,2026-09-25,SPY,SPYUSDT,13663.780000000008,-0.5182,0.9,93.0,15.0,1790294400000
2026-09-24T16:43:52.218Z,1790268232218,2026-09-25,QQQ,QQQUSDT,19488.729999999992,-3.882,0.95,70.0,42.0,1790294400000
2026-09-24T16:43:52.218Z,1790268232218,2026-09-25,SOXL,SOXLUSDT,378879.379999999,-1.3108,2.49,83.0,28.0,1790294400000
2026-09-24T16:43:52.218Z,1790268232218,2026-09-25,HOOD,HOODUSDT,43327.76000000002,-0.0011,1.28,90.0,26.0,1790294400000
2026-09-24T16:43:52.218Z,1790268232218,2026-09-25,MRVL,MRVLUSDT,16899.39000000003,-0.0021,0.0,74.0,26.0,1790294400000
2026-09-24T16:44:31.648Z,1790268271648,2026-09-25,TSLA,TSLAUSDT,43759.510000000046,-0.1836,0.0,78.0,22.0,1790294400000
2026-09-24T16:44:31.648Z,1790268271648,2026-09-25,NVDA,NVDAUSDT,72100.47999999992,0.0007,2.05,87.0,31.0,1790294400000
2026-09-24T16:44:31.648Z,1790268271648,2026-09-25,AAPL,AAPLUSDT,22602.719999999994,-0.0803,0.0,82.0,18.0,1790294400000
2026-09-24T16:44:31.648Z,1790268271648,2026-09-25,META,METAUSDT,8894.960000000005,-0.0117,0.0,90.0,10.0,1790294400000
2026-09-24T16:44:31.648Z,1790268271648,2026-09-25,GOOGL,GOOGLUSDT,61881.369999999995,-0.023,3.46,92.0,35.0,1790294400000
2026-09-24T16:44:31.648Z,1790268271648,2026-09-25,SPY,SPYUSDT,13643.00000000001,-0.1521,0.88,93.0,15.0,1790294400000
2026-09-24T16:44:31.648Z,1790268271648,2026-09-25,QQQ,QQQUSDT,19492.769999999993,0.0207,0.95,70.0,42.0,1790294400000
2026-09-24T16:44:31.648Z,1790268271648,2026-09-25,SOXL,SOXLUSDT,377833.47999999905,-0.2761,2.48,83.0,28.0,1790294400000
2026-09-24T16:44:31.648Z,1790268271648,2026-09-25,HOOD,HOODUSDT,43300.37000000002,-0.0632,1.29,90.0,26.0,1790294400000
2026-09-24T16:44:31.648Z,1790268271648,2026-09-25,MRVL,MRVLUSDT,16888.390000000025,-0.0651,0.0,74.0,26.0,1790294400000
2026-09-24T16:45:33.132Z,1790268333132,2026-09-25,TSLA,TSLAUSDT,43906.78000000004,0.3365,0.0,78.0,22.0,1790294400000
2026-09-24T16:45:33.132Z,1790268333132,2026-09-25,NVDA,NVDAUSDT,72102.87999999992,0.0033,2.06,87.0,31.0,1790294400000
2026-09-24T16:45:33.132Z,1790268333132,2026-09-25,AAPL,AAPLUSDT,22605.539999999994,0.0125,0.0,82.0,18.0,1790294400000
2026-09-24T16:45:33.132Z,1790268333132,2026-09-25,META,METAUSDT,8897.060000000005,0.0236,0.0,90.0,10.0,1790294400000
2026-09-24T16:45:33.132Z,1790268333132,2026-09-25,GOOGL,GOOGLUSDT,61873.459999999985,-0.0128,3.46,92.0,35.0,1790294400000
2026-09-24T16:45:33.132Z,1790268333132,2026-09-25,SPY,SPYUSDT,13639.80000000001,-0.0235,0.87,93.0,15.0,1790294400000
2026-09-24T16:45:33.132Z,1790268333132,2026-09-25,QQQ,QQQUSDT,19490.869999999995,-0.0097,0.95,70.0,42.0,1790294400000
2026-09-24T16:45:33.132Z,1790268333132,2026-09-25,SOXL,SOXLUSDT,376771.08999999904,-0.2812,2.47,82.0,28.0,1790294400000
2026-09-24T16:45:33.132Z,1790268333132,2026-09-25,HOOD,HOODUSDT,43291.44000000002,-0.0206,1.29,90.0,26.0,1790294400000
2026-09-24T16:45:33.132Z,1790268333132,2026-09-25,MRVL,MRVLUSDT,16873.790000000026,-0.0864,0.0,74.0,26.0,1790294400000
2026-09-24T16:47:27.869Z,1790268447869,2026-09-25,TSLA,TSLAUSDT,43839.220000000045,-0.1539,0.0,78.0,22.0,1790294400000
2026-09-24T16:47:27.869Z,1790268447869,2026-09-25,NVDA,NVDAUSDT,72075.29999999992,-0.0383,2.06,87.0,31.0,1790294400000
2026-09-24T16:47:27.869Z,1790268447869,2026-09-25,AAPL,AAPLUSDT,22622.199999999997,0.0737,0.0,82.0,18.0,1790294400000
2026-09-24T16:47:27.869Z,1790268447869,2026-09-25,META,METAUSDT,8891.860000000004,-0.0584,0.0,90.0,10.0,1790294400000
2026-09-24T16:47:27.869Z,1790268447869,2026-09-25,GOOGL,GOOGLUSDT,61863.749999999985,-0.0157,3.46,92.0,35.0,1790294400000
2026-09-24T16:47:27.869Z,1790268447869,2026-09-25,SPY,SPYUSDT,13632.46000000001,-0.0538,0.85,93.0,15.0,1790294400000
2026-09-24T16:47:27.869Z,1790268447869,2026-09-25,QQQ,QQQUSDT,19492.809999999994,0.01,0.95,70.0,42.0,1790294400000
2026-09-24T16:47:27.869Z,1790268447869,2026-09-25,SOXL,SOXLUSDT,377063.62999999896,0.0776,2.48,83.0,28.0,1790294400000
2026-09-24T16:47:27.869Z,1790268447869,2026-09-25,HOOD,HOODUSDT,43200.28000000002,-0.2106,1.3,90.0,26.0,1790294400000
2026-09-24T16:47:27.869Z,1790268447869,2026-09-25,MRVL,MRVLUSDT,16847.290000000026,-0.157,0.0,74.0,26.0,1790294400000
2026-09-24T16:48:11.088Z,1790268491088,2026-09-25,TSLA,TSLAUSDT,43822.34000000004,-0.0385,0.0,78.0,22.0,1790294400000
2026-09-24T16:48:11.088Z,1790268491088,2026-09-25,NVDA,NVDAUSDT,72066.80999999992,-0.0118,2.07,87.0,31.0,1790294400000
2026-09-24T16:48:11.088Z,1790268491088,2026-09-25,AAPL,AAPLUSDT,22621.839999999997,-0.0016,0.0,82.0,18.0,1790294400000
2026-09-24T16:48:11.088Z,1790268491088,2026-09-25,META,METAUSDT,8891.760000000006,-0.0011,0.0,90.0,10.0,1790294400000
2026-09-24T16:48:11.088Z,1790268491088,2026-09-25,GOOGL,GOOGLUSDT,61864.34999999999,0.001,3.46,92.0,35.0,1790294400000
2026-09-24T16:48:11.088Z,1790268491088,2026-09-25,SPY,SPYUSDT,13621.380000000008,-0.0813,0.85,93.0,15.0,1790294400000
2026-09-24T16:48:11.088Z,1790268491088,2026-09-25,QQQ,QQQUSDT,19491.86999999999,-0.0048,0.95,70.0,42.0,1790294400000
2026-09-24T16:48:11.088Z,1790268491088,2026-09-25,SOXL,SOXLUSDT,377708.1499999989,0.1709,2.48,83.0,28.0,1790294400000
2026-09-24T16:48:11.088Z,1790268491088,2026-09-25,HOOD,HOODUSDT,43197.180000000015,-0.0072,1.31,90.0,26.0,1790294400000
2026-09-24T16:48:11.088Z,1790268491088,2026-09-25,MRVL,MRVLUSDT,16849.550000000025,0.0134,0.0,74.0,26.0,1790294400000
2026-09-24T16:49:17.102Z,1790268557102,2026-09-25,TSLA,TSLAUSDT,43819.820000000036,-0.0058,0.0,78.0,22.0,1790294400000
2026-09-24T16:49:17.102Z,1790268557102,2026-09-25,NVDA,NVDAUSDT,72054.45999999992,-0.0171,2.08,87.0,31.0,1790294400000
2026-09-24T16:49:17.102Z,1790268557102,2026-09-25,AAPL,AAPLUSDT,22622.099999999995,0.0011,0.0,82.0,18.0,1790294400000
2026-09-24T16:49:17.102Z,1790268557102,2026-09-25,META,METAUSDT,8893.920000000006,0.0243,0.0,90.0,10.0,1790294400000
2026-09-24T16:49:17.102Z,1790268557102,2026-09-25,GOOGL,GOOGLUSDT,61860.84999999999,-0.0057,3.46,92.0,35.0,1790294400000
2026-09-24T16:49:17.102Z,1790268557102,2026-09-25,SPY,SPYUSDT,13620.320000000009,-0.0078,0.83,93.0,15.0,1790294400000
2026-09-24T16:49:17.102Z,1790268557102,2026-09-25,QQQ,QQQUSDT,19481.079999999994,-0.0554,0.95,70.0,42.0,1790294400000
2026-09-24T16:49:17.102Z,1790268557102,2026-09-25,SOXL,SOXLUSDT,377341.99999999895,-0.0969,2.5,83.0,28.0,1790294400000
2026-09-24T16:49:17.102Z,1790268557102,2026-09-25,HOOD,HOODUSDT,43180.02000000002,-0.0397,1.32,91.0,26.0,1790294400000
2026-09-24T16:49:17.102Z,1790268557102,2026-09-25,MRVL,MRVLUSDT,16830.07000000003,-0.1156,0.0,74.0,26.0,1790294400000
2026-09-24T16:50:30.601Z,1790268630601,2026-09-25,TSLA,TSLAUSDT,43813.22000000004,-0.0151,0.0,78.0,22.0,1790294400000
2026-09-24T16:50:30.601Z,1790268630601,2026-09-25,NVDA,NVDAUSDT,71842.93999999993,-0.2936,2.11,87.0,31.0,1790294400000
2026-09-24T16:50:30.601Z,1790268630601,2026-09-25,AAPL,AAPLUSDT,22621.799999999996,-0.0013,0.0,82.0,18.0,1790294400000
2026-09-24T16:50:30.601Z,1790268630601,2026-09-25,META,METAUSDT,8892.240000000005,-0.0189,0.0,90.0,10.0,1790294400000
2026-09-24T16:50:30.601Z,1790268630601,2026-09-25,GOOGL,GOOGLUSDT,61861.18999999999,0.0005,3.44,91.0,35.0,1790294400000
2026-09-24T16:50:30.601Z,1790268630601,2026-09-25,SPY,SPYUSDT,13615.900000000009,-0.0325,0.82,93.0,15.0,1790294400000
2026-09-24T16:50:30.601Z,1790268630601,2026-09-25,QQQ,QQQUSDT,19484.549999999992,0.0178,0.95,70.0,42.0,1790294400000
2026-09-24T16:50:30.601Z,1790268630601,2026-09-25,SOXL,SOXLUSDT,376203.07999999897,-0.3018,2.51,83.0,28.0,1790294400000
2026-09-24T16:50:30.601Z,1790268630601,2026-09-25,HOOD,HOODUSDT,43182.62000000002,0.006,1.32,91.0,26.0,1790294400000
2026-09-24T16:50:30.601Z,1790268630601,2026-09-25,MRVL,MRVLUSDT,16830.030000000024,-0.0002,0.0,74.0,26.0,1790294400000
2026-09-24T16:51:06.206Z,1790268666206,2026-09-25,TSLA,TSLAUSDT,43829.34000000004,0.0217,0.0,78.0,22.0,1790294400000
2026-09-24T16:51:06.206Z,1790268666206,2026-09-25,NVDA,NVDAUSDT,71826.01999999993,-0.0236,2.11,87.0,31.0,1790294400000
2026-09-24T16:51:06.206Z,1790268666206,2026-09-25,AAPL,AAPLUSDT,22625.739999999994,0.0174,0.0,82.0,18.0,1790294400000
2026-09-24T16:51:06.206Z,1790268666206,2026-09-25,META,METAUSDT,8893.400000000005,0.013,0.0,90.0,10.0,1790294400000
2026-09-24T16:51:06.206Z,1790268666206,2026-09-25,GOOGL,GOOGLUSDT,61861.18999999999,0.0,3.44,91.0,35.0,1790294400000
2026-09-24T16:51:06.206Z,1790268666206,2026-09-25,SPY,SPYUSDT,13608.42000000001,-0.0549,0.82,93.0,15.0,1790294400000
2026-09-24T16:51:06.206Z,1790268666206,2026-09-25,QQQ,QQQUSDT,19482.769999999993,-0.0091,0.95,70.0,42.0,1790294400000
2026-09-24T16:51:06.206Z,1790268666206,2026-09-25,SOXL,SOXLUSDT,376059.91999999894,-0.0381,2.51,83.0,28.0,1790294400000
2026-09-24T16:51:06.206Z,1790268666206,2026-09-25,HOOD,HOODUSDT,43180.12000000002,-0.0058,1.32,91.0,26.0,1790294400000
2026-09-24T16:51:06.206Z,1790268666206,2026-09-25,MRVL,MRVLUSDT,16831.510000000028,0.0088,0.0,74.0,26.0,1790294400000
2026-09-24T16:51:43.293Z,1790268703293,2026-09-25,TSLA,TSLAUSDT,43822.80000000005,-0.0149,0.0,78.0,22.0,1790294400000
2026-09-24T16:51:43.293Z,1790268703293,2026-09-25,NVDA,NVDAUSDT,71828.18999999993,0.003,2.11,87.0,31.0,1790294400000
2026-09-24T16:51:43.293Z,1790268703293,2026-09-25,AAPL,AAPLUSDT,22625.699999999993,-0.0002,0.0,82.0,18.0,1790294400000
2026-09-24T16:51:43.293Z,1790268703293,2026-09-25,META,METAUSDT,8891.290000000005,-0.0237,0.0,90.0,10.0,1790294400000
2026-09-24T16:51:43.293Z,1790268703293,2026-09-25,GOOGL,GOOGLUSDT,61860.26999999998,-0.0015,3.43,91.0,35.0,1790294400000
2026-09-24T16:51:43.293Z,1790268703293,2026-09-25,SPY,SPYUSDT,13604.34000000001,-0.03,0.81,93.0,15.0,1790294400000
2026-09-24T16:51:43.293Z,1790268703293,2026-09-25,QQQ,QQQUSDT,19483.069999999992,0.0015,0.95,70.0,42.0,1790294400000
2026-09-24T16:51:43.293Z,1790268703293,2026-09-25,SOXL,SOXLUSDT,375843.6399999989,-0.0575,2.5,83.0,28.0,1790294400000
2026-09-24T16:51:43.293Z,1790268703293,2026-09-25,HOOD,HOODUSDT,43175.720000000016,-0.0102,1.33,91.0,26.0,1790294400000
2026-09-24T16:51:43.293Z,1790268703293,2026-09-25,MRVL,MRVLUSDT,16827.990000000023,-0.0209,0.0,74.0,26.0,1790294400000
2026-09-24T16:54:37.924Z,1790268877924,2026-09-25,TSLA,TSLAUSDT,43827.24000000004,0.0101,0.0,78.0,22.0,1790294400000
2026-09-24T16:54:37.924Z,1790268877924,2026-09-25,NVDA,NVDAUSDT,72195.99999999993,0.5121,2.15,87.0,31.0,1790294400000
2026-09-24T16:54:37.924Z,1790268877924,2026-09-25,AAPL,AAPLUSDT,22634.939999999995,0.0408,0.0,82.0,18.0,1790294400000
2026-09-24T16:54:37.924Z,1790268877924,2026-09-25,META,METAUSDT,8914.460000000005,0.2606,0.0,90.0,10.0,1790294400000
2026-09-24T16:54:37.924Z,1790268877924,2026-09-25,GOOGL,GOOGLUSDT,61851.389999999985,-0.0144,3.42,91.0,35.0,1790294400000
2026-09-24T16:54:37.924Z,1790268877924,2026-09-25,SPY,SPYUSDT,13604.28000000001,-0.0004,0.79,93.0,15.0,1790294400000
2026-09-24T16:54:37.924Z,1790268877924,2026-09-25,QQQ,QQQUSDT,19439.52999999999,-0.2235,0.95,70.0,42.0,1790294400000
2026-09-24T16:54:37.924Z,1790268877924,2026-09-25,SOXL,SOXLUSDT,375974.06999999896,0.0347,2.5,83.0,28.0,1790294400000
2026-09-24T16:54:37.924Z,1790268877924,2026-09-25,HOOD,HOODUSDT,43188.74000000001,0.0302,1.36,91.0,26.0,1790294400000
2026-09-24T16:54:37.924Z,1790268877924,2026-09-25,MRVL,MRVLUSDT,16884.96000000003,0.3385,0.0,74.0,26.0,1790294400000
2026-09-24T16:54:50.906Z,1790268890906,2026-09-25,TSLA,TSLAUSDT,43839.040000000045,0.0371,0.0,78.0,22.0,1790294400000
2026-09-24T16:54:50.906Z,1790268890906,2026-09-25,NVDA,NVDAUSDT,72199.65999999993,0.5172,2.15,87.0,31.0,1790294400000
2026-09-24T16:54:50.906Z,1790268890906,2026-09-25,AAPL,AAPLUSDT,22634.939999999995,0.0408,0.0,82.0,18.0,1790294400000
2026-09-24T16:54:50.906Z,1790268890906,2026-09-25,META,METAUSDT,8915.160000000003,0.2685,0.0,90.0,10.0,1790294400000
2026-09-24T16:54:50.906Z,1790268890906,2026-09-25,GOOGL,GOOGLUSDT,61851.389999999985,-0.0144,3.42,91.0,35.0,1790294400000
2026-09-24T16:54:50.906Z,1790268890906,2026-09-25,SPY,SPYUSDT,13604.28000000001,-0.0004,0.79,93.0,15.0,1790294400000
2026-09-24T16:54:50.906Z,1790268890906,2026-09-25,QQQ,QQQUSDT,19439.32999999999,-0.001,0.95,70.0,42.0,1790294400000
2026-09-24T16:54:50.906Z,1790268890906,2026-09-25,SOXL,SOXLUSDT,375859.05999999895,-0.0306,2.5,83.0,28.0,1790294400000
2026-09-24T16:54:50.906Z,1790268890906,2026-09-25,HOOD,HOODUSDT,43188.74000000001,0.0,1.36,91.0,26.0,1790294400000
2026-09-24T16:54:50.906Z,1790268890906,2026-09-25,MRVL,MRVLUSDT,16898.82000000003,0.0821,0.0,74.0,26.0,1790294400000
2026-09-24T16:55:08.568Z,1790268908568,2026-09-25,TSLA,TSLAUSDT,43851.46000000004,0.0654,0.0,78.0,22.0,1790294400000
2026-09-24T16:55:08.568Z,1790268908568,2026-09-25,NVDA,NVDAUSDT,72204.15999999993,0.0113,2.15,87.0,31.0,1790294400000
2026-09-24T16:55:08.568Z,1790268908568,2026-09-25,AAPL,AAPLUSDT,22634.939999999995,0.0,0.0,82.0,18.0,1790294400000
2026-09-24T16:55:08.568Z,1790268908568,2026-09-25,META,METAUSDT,8936.500000000004,0.2472,0.0,90.0,10.0,1790294400000
2026-09-24T16:55:08.568Z,1790268908568,2026-09-25,GOOGL,GOOGLUSDT,61851.389999999985,0.0,3.42,91.0,35.0,1790294400000
2026-09-24T16:55:08.568Z,1790268908568,2026-09-25,SPY,SPYUSDT,13604.280000000008,-0.0,0.79,93.0,15.0,1790294400000
2026-09-24T16:55:08.568Z,1790268908568,2026-09-25,QQQ,QQQUSDT,19439.849999999995,0.0027,0.95,70.0,42.0,1790294400000
2026-09-24T16:55:08.568Z,1790268908568,2026-09-25,SOXL,SOXLUSDT,375377.38999999897,-0.1282,2.5,83.0,28.0,1790294400000
2026-09-24T16:55:08.568Z,1790268908568,2026-09-25,HOOD,HOODUSDT,43188.74000000001,0.0,1.37,91.0,26.0,1790294400000
2026-09-24T16:55:08.568Z,1790268908568,2026-09-25,MRVL,MRVLUSDT,16846.650000000027,-0.3087,0.0,74.0,26.0,1790294400000
2026-09-24T16:55:16.252Z,1790268916252,2026-09-25,TSLA,TSLAUSDT,43851.46000000004,0.0553,0.0,78.0,22.0,1790294400000
2026-09-24T16:55:16.252Z,1790268916252,2026-09-25,NVDA,NVDAUSDT,72202.39999999992,0.0089,2.15,87.0,31.0,1790294400000
2026-09-24T16:55:16.252Z,1790268916252,2026-09-25,AAPL,AAPLUSDT,22634.939999999995,0.0,0.0,82.0,18.0,1790294400000
2026-09-24T16:55:16.252Z,1790268916252,2026-09-25,META,METAUSDT,8936.500000000004,0.2394,0.0,90.0,10.0,1790294400000
2026-09-24T16:55:16.252Z,1790268916252,2026-09-25,GOOGL,GOOGLUSDT,61851.18999999999,-0.0003,3.42,91.0,35.0,1790294400000
2026-09-24T16:55:16.252Z,1790268916252,2026-09-25,SPY,SPYUSDT,13604.280000000008,-0.0,0.78,93.0,15.0,1790294400000
2026-09-24T16:55:16.252Z,1790268916252,2026-09-25,QQQ,QQQUSDT,19439.849999999995,0.0027,0.95,70.0,42.0,1790294400000
2026-09-24T16:55:16.252Z,1790268916252,2026-09-25,SOXL,SOXLUSDT,375335.149999999,-0.1394,2.49,83.0,28.0,1790294400000
2026-09-24T16:55:16.252Z,1790268916252,2026-09-25,HOOD,HOODUSDT,43188.74000000001,0.0,1.37,91.0,26.0,1790294400000
2026-09-24T16:55:16.252Z,1790268916252,2026-09-25,MRVL,MRVLUSDT,16846.650000000027,0.0,0.0,74.0,26.0,1790294400000
2026-09-24T16:55:38.586Z,1790268938586,2026-09-25,TSLA,TSLAUSDT,43851.220000000045,0.0278,0.0,78.0,22.0,1790294400000
2026-09-24T16:55:38.586Z,1790268938586,2026-09-25,NVDA,NVDAUSDT,72200.59999999993,0.0013,2.16,87.0,31.0,1790294400000
2026-09-24T16:55:38.586Z,1790268938586,2026-09-25,AAPL,AAPLUSDT,22634.939999999995,0.0,0.0,82.0,18.0,1790294400000
2026-09-24T16:55:38.586Z,1790268938586,2026-09-25,META,METAUSDT,8937.600000000004,0.0123,0.0,90.0,10.0,1790294400000
2026-09-24T16:55:38.586Z,1790268938586,2026-09-25,GOOGL,GOOGLUSDT,61842.49999999999,-0.0144,3.41,91.0,35.0,1790294400000
2026-09-24T16:55:38.586Z,1790268938586,2026-09-25,SPY,SPYUSDT,13604.280000000008,0.0,0.78,93.0,15.0,1790294400000
2026-09-24T16:55:38.586Z,1790268938586,2026-09-25,QQQ,QQQUSDT,19439.84999999999,-0.0,0.95,70.0,42.0,1790294400000
2026-09-24T16:55:38.586Z,1790268938586,2026-09-25,SOXL,SOXLUSDT,375362.12999999896,0.0072,2.49,83.0,28.0,1790294400000
2026-09-24T16:55:38.586Z,1790268938586,2026-09-25,HOOD,HOODUSDT,43188.74000000001,0.0,1.37,91.0,26.0,1790294400000
2026-09-24T16:55:38.586Z,1790268938586,2026-09-25,MRVL,MRVLUSDT,16834.700000000026,-0.0709,0.0,74.0,26.0,1790294400000
2026-09-24T16:58:14.460Z,1790269094460,2026-09-25,TSLA,TSLAUSDT,43823.45000000004,-0.0633,0.0,78.0,22.0,1790294400000
2026-09-24T16:58:14.460Z,1790269094460,2026-09-25,NVDA,NVDAUSDT,72184.41999999993,-0.0224,2.19,87.0,31.0,1790294400000
2026-09-24T16:58:14.460Z,1790269094460,2026-09-25,AAPL,AAPLUSDT,22635.099999999995,0.0007,0.0,82.0,18.0,1790294400000
2026-09-24T16:58:14.460Z,1790269094460,2026-09-25,META,METAUSDT,8719.360000000004,-2.4418,0.0,90.0,10.0,1790294400000
2026-09-24T16:58:14.460Z,1790269094460,2026-09-25,GOOGL,GOOGLUSDT,61211.04999999999,-1.0211,3.38,90.0,35.0,1790294400000
2026-09-24T16:58:14.460Z,1790269094460,2026-09-25,SPY,SPYUSDT,13605.510000000007,0.009,0.77,93.0,15.0,1790294400000
2026-09-24T16:58:14.460Z,1790269094460,2026-09-25,QQQ,QQQUSDT,19402.66999999999,-0.1913,0.96,70.0,42.0,1790294400000
2026-09-24T16:58:14.460Z,1790269094460,2026-09-25,SOXL,SOXLUSDT,375399.91999999894,0.0101,2.49,83.0,28.0,1790294400000
2026-09-24T16:58:14.460Z,1790269094460,2026-09-25,HOOD,HOODUSDT,43187.98000000002,-0.0018,1.41,93.0,26.0,1790294400000
2026-09-24T16:58:14.460Z,1790269094460,2026-09-25,MRVL,MRVLUSDT,16834.590000000026,-0.0007,0.0,74.0,26.0,1790294400000
2026-09-24T16:58:41.715Z,1790269121715,2026-09-25,TSLA,TSLAUSDT,43824.39000000003,-0.0612,0.0,78.0,22.0,1790294400000
2026-09-24T16:58:41.715Z,1790269121715,2026-09-25,NVDA,NVDAUSDT,72172.75999999992,-0.0386,2.2,87.0,31.0,1790294400000
2026-09-24T16:58:41.715Z,1790269121715,2026-09-25,AAPL,AAPLUSDT,22635.099999999995,0.0,0.0,82.0,18.0,1790294400000
2026-09-24T16:58:41.715Z,1790269121715,2026-09-25,META,METAUSDT,8759.850000000004,0.4644,0.0,90.0,10.0,1790294400000
2026-09-24T16:58:41.715Z,1790269121715,2026-09-25,GOOGL,GOOGLUSDT,61211.00999999999,-0.0001,3.37,90.0,35.0,1790294400000
2026-09-24T16:58:41.715Z,1790269121715,2026-09-25,SPY,SPYUSDT,13605.280000000008,-0.0017,0.76,92.0,15.0,1790294400000
2026-09-24T16:58:41.715Z,1790269121715,2026-09-25,QQQ,QQQUSDT,19406.229999999992,0.0183,0.96,70.0,42.0,1790294400000
2026-09-24T16:58:41.715Z,1790269121715,2026-09-25,SOXL,SOXLUSDT,375340.18999999895,-0.0159,2.49,83.0,28.0,1790294400000
2026-09-24T16:58:41.715Z,1790269121715,2026-09-25,HOOD,HOODUSDT,43187.98000000002,0.0,1.41,93.0,26.0,1790294400000
2026-09-24T16:58:41.715Z,1790269121715,2026-09-25,MRVL,MRVLUSDT,16833.730000000025,-0.0051,0.0,74.0,26.0,1790294400000
2026-09-24T16:58:50.006Z,1790269130006,2026-09-25,TSLA,TSLAUSDT,43824.670000000035,0.0028,0.0,78.0,22.0,1790294400000
2026-09-24T16:58:50.006Z,1790269130006,2026-09-25,NVDA,NVDAUSDT,72172.75999999992,-0.0162,2.2,87.0,31.0,1790294400000
2026-09-24T16:58:50.006Z,1790269130006,2026-09-25,AAPL,AAPLUSDT,22635.099999999995,0.0,0.0,82.0,18.0,1790294400000
2026-09-24T16:58:50.006Z,1790269130006,2026-09-25,META,METAUSDT,8768.180000000004,0.5599,0.0,90.0,10.0,1790294400000
2026-09-24T16:58:50.006Z,1790269130006,2026-09-25,GOOGL,GOOGLUSDT,61211.009999999995,-0.0001,3.37,90.0,35.0,1790294400000
2026-09-24T16:58:50.006Z,1790269130006,2026-09-25,SPY,SPYUSDT,13605.260000000007,-0.0018,0.76,92.0,15.0,1790294400000
2026-09-24T16:58:50.006Z,1790269130006,2026-09-25,QQQ,QQQUSDT,19406.229999999992,0.0183,0.96,70.0,42.0,1790294400000
2026-09-24T16:58:50.006Z,1790269130006,2026-09-25,SOXL,SOXLUSDT,375336.789999999,-0.0168,2.49,83.0,28.0,1790294400000
2026-09-24T16:58:50.006Z,1790269130006,2026-09-25,HOOD,HOODUSDT,43187.98000000002,0.0,1.41,93.0,26.0,1790294400000
2026-09-24T16:58:50.006Z,1790269130006,2026-09-25,MRVL,MRVLUSDT,16851.030000000024,0.1028,0.0,74.0,26.0,1790294400000
2026-09-24T17:00:27.803Z,1790269227803,2026-09-25,TSLA,TSLAUSDT,43843.38000000004,0.0427,0.0,78.0,22.0,1790294400000
2026-09-24T17:00:27.803Z,1790269227803,2026-09-25,NVDA,NVDAUSDT,72177.51999999993,0.0066,2.22,88.0,31.0,1790294400000
2026-09-24T17:00:27.803Z,1790269227803,2026-09-25,AAPL,AAPLUSDT,22635.059999999994,-0.0002,0.0,82.0,18.0,1790294400000
2026-09-24T17:00:27.803Z,1790269227803,2026-09-25,META,METAUSDT,8737.190000000004,-0.3534,0.0,90.0,10.0,1790294400000
2026-09-24T17:00:27.803Z,1790269227803,2026-09-25,GOOGL,GOOGLUSDT,61229.54999999999,0.0303,3.34,90.0,35.0,1790294400000
2026-09-24T17:00:27.803Z,1790269227803,2026-09-25,SPY,SPYUSDT,13600.22000000001,-0.037,0.75,92.0,15.0,1790294400000
2026-09-24T17:00:27.803Z,1790269227803,2026-09-25,QQQ,QQQUSDT,19406.309999999994,0.0004,0.96,70.0,42.0,1790294400000
2026-09-24T17:00:27.803Z,1790269227803,2026-09-25,SOXL,SOXLUSDT,375032.66999999894,-0.081,2.46,82.0,28.0,1790294400000
2026-09-24T17:00:27.803Z,1790269227803,2026-09-25,HOOD,HOODUSDT,43171.03000000001,-0.0392,1.44,93.0,26.0,1790294400000
2026-09-24T17:00:27.803Z,1790269227803,2026-09-25,MRVL,MRVLUSDT,16839.260000000024,-0.0698,0.0,74.0,26.0,1790294400000
2026-09-24T17:00:34.718Z,1790269234718,2026-09-25,TSLA,TSLAUSDT,43873.920000000035,0.1124,0.0,78.0,22.0,1790294400000
2026-09-24T17:00:34.718Z,1790269234718,2026-09-25,NVDA,NVDAUSDT,72178.59999999993,0.0081,2.23,88.0,31.0,1790294400000
2026-09-24T17:00:34.718Z,1790269234718,2026-09-25,AAPL,AAPLUSDT,22635.099999999995,0.0,0.0,82.0,18.0,1790294400000
2026-09-24T17:00:34.718Z,1790269234718,2026-09-25,META,METAUSDT,8744.600000000004,-0.2689,0.0,90.0,10.0,1790294400000
2026-09-24T17:00:34.718Z,1790269234718,2026-09-25,GOOGL,GOOGLUSDT,61219.039999999986,0.0131,3.34,90.0,35.0,1790294400000
2026-09-24T17:00:34.718Z,1790269234718,2026-09-25,SPY,SPYUSDT,13600.22000000001,-0.037,0.75,92.0,15.0,1790294400000
2026-09-24T17:00:34.718Z,1790269234718,2026-09-25,QQQ,QQQUSDT,19408.249999999993,0.0104,0.96,70.0,42.0,1790294400000
2026-09-24T17:00:34.718Z,1790269234718,2026-09-25,SOXL,SOXLUSDT,375073.339999999,-0.0702,2.46,82.0,28.0,1790294400000
2026-09-24T17:00:34.718Z,1790269234718,2026-09-25,HOOD,HOODUSDT,43155.110000000015,-0.0369,1.44,93.0,26.0,1790294400000
2026-09-24T17:00:34.718Z,1790269234718,2026-09-25,MRVL,MRVLUSDT,16842.930000000022,0.0218,0.0,74.0,26.0,1790294400000
2026-09-24T17:01:44.393Z,1790269304393,2026-09-25,TSLA,TSLAUSDT,43895.40000000004,0.049,0.0,78.0,22.0,1790294400000
2026-09-24T17:01:44.393Z,1790269304393,2026-09-25,NVDA,NVDAUSDT,72254.99999999994,0.1058,2.24,88.0,31.0,1790294400000
2026-09-24T17:01:44.393Z,1790269304393,2026-09-25,AAPL,AAPLUSDT,22593.299999999992,-0.1847,0.0,82.0,18.0,1790294400000
2026-09-24T17:01:44.393Z,1790269304393,2026-09-25,META,METAUSDT,8757.680000000004,0.1496,0.0,90.0,10.0,1790294400000
2026-09-24T17:01:44.393Z,1790269304393,2026-09-25,GOOGL,GOOGLUSDT,61230.389999999985,0.0185,3.33,90.0,35.0,1790294400000
2026-09-24T17:01:44.393Z,1790269304393,2026-09-25,SPY,SPYUSDT,13592.18000000001,-0.0591,0.74,92.0,15.0,1790294400000
2026-09-24T17:01:44.393Z,1790269304393,2026-09-25,QQQ,QQQUSDT,19408.86999999999,0.0032,0.96,70.0,42.0,1790294400000
2026-09-24T17:01:44.393Z,1790269304393,2026-09-25,SOXL,SOXLUSDT,374412.25999999896,-0.1763,2.44,82.0,28.0,1790294400000
2026-09-24T17:01:44.393Z,1790269304393,2026-09-25,HOOD,HOODUSDT,43145.080000000016,-0.0232,1.44,93.0,26.0,1790294400000
2026-09-24T17:01:44.393Z,1790269304393,2026-09-25,MRVL,MRVLUSDT,16877.330000000024,0.2042,0.0,74.0,26.0,1790294400000
2026-09-24T17:02:21.723Z,1790269341723,2026-09-25,TSLA,TSLAUSDT,43896.86000000003,0.0523,0.0,78.0,22.0,1790294400000
2026-09-24T17:02:21.723Z,1790269341723,2026-09-25,NVDA,NVDAUSDT,72254.25999999994,-0.001,2.24,88.0,31.0,1790294400000
2026-09-24T17:02:21.723Z,1790269341723,2026-09-25,AAPL,AAPLUSDT,22593.299999999992,0.0,0.0,82.0,18.0,1790294400000
2026-09-24T17:02:21.723Z,1790269341723,2026-09-25,META,METAUSDT,8757.320000000003,-0.0041,0.0,90.0,10.0,1790294400000
2026-09-24T17:02:21.723Z,1790269341723,2026-09-25,GOOGL,GOOGLUSDT,61228.82999999999,-0.0025,3.33,90.0,35.0,1790294400000
2026-09-24T17:02:21.723Z,1790269341723,2026-09-25,SPY,SPYUSDT,13586.06000000001,-0.045,0.73,92.0,15.0,1790294400000
2026-09-24T17:02:21.723Z,1790269341723,2026-09-25,QQQ,QQQUSDT,19406.82999999999,-0.0105,0.97,70.0,42.0,1790294400000
2026-09-24T17:02:21.723Z,1790269341723,2026-09-25,SOXL,SOXLUSDT,374417.18999999895,0.0013,2.43,82.0,28.0,1790294400000
2026-09-24T17:02:21.723Z,1790269341723,2026-09-25,HOOD,HOODUSDT,43144.98000000002,-0.0002,1.46,93.0,26.0,1790294400000
2026-09-24T17:02:21.723Z,1790269341723,2026-09-25,MRVL,MRVLUSDT,16893.090000000026,0.0934,0.0,74.0,26.0,1790294400000
2026-09-24T17:02:27.149Z,1790269347149,2026-09-25,TSLA,TSLAUSDT,43896.86000000004,0.0033,0.0,78.0,22.0,1790294400000
2026-09-24T17:02:27.149Z,1790269347149,2026-09-25,NVDA,NVDAUSDT,72254.45999999993,-0.0007,2.24,88.0,31.0,1790294400000
2026-09-24T17:02:27.149Z,1790269347149,2026-09-25,AAPL,AAPLUSDT,22595.57999999999,0.0101,0.0,82.0,18.0,1790294400000
2026-09-24T17:02:27.149Z,1790269347149,2026-09-25,META,METAUSDT,8756.420000000004,-0.0144,0.0,90.0,10.0,1790294400000
2026-09-24T17:02:27.149Z,1790269347149,2026-09-25,GOOGL,GOOGLUSDT,61232.27999999999,0.0031,3.32,90.0,35.0,1790294400000
2026-09-24T17:02:27.149Z,1790269347149,2026-09-25,SPY,SPYUSDT,13586.06000000001,-0.045,0.73,92.0,15.0,1790294400000
2026-09-24T17:02:27.149Z,1790269347149,2026-09-25,QQQ,QQQUSDT,19406.82999999999,-0.0105,0.97,70.0,42.0,1790294400000
2026-09-24T17:02:27.149Z,1790269347149,2026-09-25,SOXL,SOXLUSDT,374401.12999999896,-0.003,2.43,82.0,28.0,1790294400000
2026-09-24T17:02:27.149Z,1790269347149,2026-09-25,HOOD,HOODUSDT,43221.55000000001,0.1775,1.46,93.0,26.0,1790294400000
2026-09-24T17:02:27.149Z,1790269347149,2026-09-25,MRVL,MRVLUSDT,16946.390000000025,0.3155,0.0,74.0,26.0,1790294400000
2026-09-24T17:05:15.370Z,1790269515370,2026-09-25,TSLA,TSLAUSDT,43789.56000000004,-0.2444,0.0,78.0,22.0,1790294400000
2026-09-24T17:05:15.370Z,1790269515370,2026-09-25,NVDA,NVDAUSDT,72409.23999999992,0.2142,2.27,88.0,31.0,1790294400000
2026-09-24T17:05:15.370Z,1790269515370,2026-09-25,AAPL,AAPLUSDT,22590.619999999995,-0.022,0.0,82.0,18.0,1790294400000
2026-09-24T17:05:15.370Z,1790269515370,2026-09-25,META,METAUSDT,8777.120000000004,0.2364,0.0,90.0,10.0,1790294400000
2026-09-24T17:05:15.370Z,1790269515370,2026-09-25,GOOGL,GOOGLUSDT,61266.86999999999,0.0565,3.3,90.0,35.0,1790294400000
2026-09-24T17:05:15.370Z,1790269515370,2026-09-25,SPY,SPYUSDT,13578.36000000001,-0.0567,0.7,92.0,15.0,1790294400000
2026-09-24T17:05:15.370Z,1790269515370,2026-09-25,QQQ,QQQUSDT,19394.629999999994,-0.0629,0.96,70.0,42.0,1790294400000
2026-09-24T17:05:15.370Z,1790269515370,2026-09-25,SOXL,SOXLUSDT,374296.849999999,-0.0279,2.41,82.0,28.0,1790294400000
2026-09-24T17:05:15.370Z,1790269515370,2026-09-25,HOOD,HOODUSDT,43232.06000000001,0.0243,1.48,93.0,26.0,1790294400000
2026-09-24T17:05:15.370Z,1790269515370,2026-09-25,MRVL,MRVLUSDT,16850.030000000024,-0.5686,0.0,74.0,26.0,1790294400000
2026-09-24T17:05:30.625Z,1790269530625,2026-09-25,TSLA,TSLAUSDT,43789.54000000004,-0.2445,0.0,78.0,22.0,1790294400000
2026-09-24T17:05:30.625Z,1790269530625,2026-09-25,NVDA,NVDAUSDT,72477.81999999993,0.3091,2.28,89.0,31.0,1790294400000
2026-09-24T17:05:30.625Z,1790269530625,2026-09-25,AAPL,AAPLUSDT,22588.59999999999,-0.0309,0.0,82.0,18.0,1790294400000
2026-09-24T17:05:30.625Z,1790269530625,2026-09-25,META,METAUSDT,8777.450000000004,0.2402,0.0,90.0,10.0,1790294400000
2026-09-24T17:05:30.625Z,1790269530625,2026-09-25,GOOGL,GOOGLUSDT,61266.99,0.0567,3.29,90.0,35.0,1790294400000
2026-09-24T17:05:30.625Z,1790269530625,2026-09-25,SPY,SPYUSDT,13578.34000000001,-0.0001,0.7,92.0,15.0,1790294400000
2026-09-24T17:05:30.625Z,1790269530625,2026-09-25,QQQ,QQQUSDT,19391.949999999993,-0.0138,0.96,70.0,42.0,1790294400000
2026-09-24T17:05:30.625Z,1790269530625,2026-09-25,SOXL,SOXLUSDT,374298.099999999,0.0003,2.41,82.0,28.0,1790294400000
2026-09-24T17:05:30.625Z,1790269530625,2026-09-25,HOOD,HOODUSDT,43227.320000000014,-0.011,1.48,93.0,26.0,1790294400000
2026-09-24T17:05:30.625Z,1790269530625,2026-09-25,MRVL,MRVLUSDT,16829.130000000026,-0.124,0.0,74.0,26.0,1790294400000
2026-09-24T17:05:55.522Z,1790269555522,2026-09-25,TSLA,TSLAUSDT,43791.540000000045,0.0045,0.0,78.0,22.0,1790294400000
2026-09-24T17:05:55.522Z,1790269555522,2026-09-25,NVDA,NVDAUSDT,72463.74999999993,0.0753,2.28,89.0,31.0,1790294400000
2026-09-24T17:05:55.522Z,1790269555522,2026-09-25,AAPL,AAPLUSDT,22590.59999999999,0.0089,0.0,82.0,18.0,1790294400000
2026-09-24T17:05:55.522Z,1790269555522,2026-09-25,META,METAUSDT,8854.180000000004,0.8742,0.0,90.0,10.0,1790294400000
2026-09-24T17:05:55.522Z,1790269555522,2026-09-25,GOOGL,GOOGLUSDT,61266.32999999999,-0.0011,3.29,90.0,35.0,1790294400000
2026-09-24T17:05:55.522Z,1790269555522,2026-09-25,SPY,SPYUSDT,13578.310000000009,-0.0002,0.7,92.0,15.0,1790294400000
2026-09-24T17:05:55.522Z,1790269555522,2026-09-25,QQQ,QQQUSDT,19381.299999999992,-0.0549,0.96,70.0,42.0,1790294400000
2026-09-24T17:05:55.522Z,1790269555522,2026-09-25,SOXL,SOXLUSDT,374229.159999999,-0.0184,2.41,82.0,28.0,1790294400000
2026-09-24T17:05:55.522Z,1790269555522,2026-09-25,HOOD,HOODUSDT,43211.42000000002,-0.0368,1.48,93.0,26.0,1790294400000
2026-09-24T17:05:55.522Z,1790269555522,2026-09-25,MRVL,MRVLUSDT,16824.070000000025,-0.0301,0.0,74.0,26.0,1790294400000
2026-09-24T17:05:56.219Z,1790269556219,2026-09-25,TSLA,TSLAUSDT,43784.12000000004,-0.0124,0.0,78.0,22.0,1790294400000
2026-09-24T17:05:56.219Z,1790269556219,2026-09-25,NVDA,NVDAUSDT,72463.74999999993,-0.0194,2.28,89.0,31.0,1790294400000
2026-09-24T17:05:56.219Z,1790269556219,2026-09-25,AAPL,AAPLUSDT,22590.59999999999,0.0089,0.0,82.0,18.0,1790294400000
2026-09-24T17:05:56.219Z,1790269556219,2026-09-25,META,METAUSDT,8865.160000000003,0.9993,0.0,90.0,10.0,1790294400000
2026-09-24T17:05:56.219Z,1790269556219,2026-09-25,GOOGL,GOOGLUSDT,61266.32999999999,-0.0011,3.29,90.0,35.0,1790294400000
2026-09-24T17:05:56.219Z,1790269556219,2026-09-25,SPY,SPYUSDT,13578.310000000009,-0.0002,0.7,92.0,15.0,1790294400000
2026-09-24T17:05:56.219Z,1790269556219,2026-09-25,QQQ,QQQUSDT,19381.299999999992,-0.0549,0.96,70.0,42.0,1790294400000
2026-09-24T17:05:56.219Z,1790269556219,2026-09-25,SOXL,SOXLUSDT,374053.2099999989,-0.0654,2.41,82.0,28.0,1790294400000
2026-09-24T17:05:56.219Z,1790269556219,2026-09-25,HOOD,HOODUSDT,43211.42000000002,-0.0368,1.48,93.0,26.0,1790294400000
2026-09-24T17:05:56.219Z,1790269556219,2026-09-25,MRVL,MRVLUSDT,16824.070000000025,-0.0301,0.0,74.0,26.0,1790294400000
2026-09-24T17:06:01.468Z,1790269561468,2026-09-25,TSLA,TSLAUSDT,43784.12000000004,-0.0124,0.0,78.0,22.0,1790294400000
2026-09-24T17:06:01.468Z,1790269561468,2026-09-25,NVDA,NVDAUSDT,72463.74999999993,-0.0194,2.28,89.0,31.0,1790294400000
2026-09-24T17:06:01.468Z,1790269561468,2026-09-25,AAPL,AAPLUSDT,22590.59999999999,0.0089,0.0,82.0,18.0,1790294400000
2026-09-24T17:06:01.468Z,1790269561468,2026-09-25,META,METAUSDT,8865.160000000003,0.9993,0.0,90.0,10.0,1790294400000
2026-09-24T17:06:01.468Z,1790269561468,2026-09-25,GOOGL,GOOGLUSDT,61266.32999999999,-0.0011,3.29,90.0,35.0,1790294400000
2026-09-24T17:06:01.468Z,1790269561468,2026-09-25,SPY,SPYUSDT,13578.320000000009,-0.0001,0.7,92.0,15.0,1790294400000
2026-09-24T17:06:01.468Z,1790269561468,2026-09-25,QQQ,QQQUSDT,19381.299999999992,-0.0549,0.96,70.0,42.0,1790294400000
2026-09-24T17:06:01.468Z,1790269561468,2026-09-25,SOXL,SOXLUSDT,374053.2099999989,-0.0654,2.41,82.0,28.0,1790294400000
2026-09-24T17:06:01.468Z,1790269561468,2026-09-25,HOOD,HOODUSDT,43211.42000000002,0.0,1.48,93.0,26.0,1790294400000
2026-09-24T17:06:01.468Z,1790269561468,2026-09-25,MRVL,MRVLUSDT,16822.670000000027,-0.0083,0.0,74.0,26.0,1790294400000
2026-09-24T17:08:48.571Z,1790269728571,2026-09-25,TSLA,TSLAUSDT,43899.44000000004,0.2634,0.0,78.0,22.0,1790294400000
2026-09-24T17:08:48.571Z,1790269728571,2026-09-25,NVDA,NVDAUSDT,72534.77999999993,0.098,2.3,89.0,31.0,1790294400000
2026-09-24T17:08:48.571Z,1790269728571,2026-09-25,AAPL,AAPLUSDT,22602.39999999999,0.0522,0.0,82.0,18.0,1790294400000
2026-09-24T17:08:48.571Z,1790269728571,2026-09-25,META,METAUSDT,8862.750000000004,-0.0272,0.0,90.0,10.0,1790294400000
2026-09-24T17:08:48.571Z,1790269728571,2026-09-25,GOOGL,GOOGLUSDT,61260.99999999999,-0.0087,3.26,90.0,35.0,1790294400000
2026-09-24T17:08:48.571Z,1790269728571,2026-09-25,SPY,SPYUSDT,13570.84000000001,-0.0551,0.68,92.0,15.0,1790294400000
2026-09-24T17:08:48.571Z,1790269728571,2026-09-25,QQQ,QQQUSDT,19386.969999999994,0.0293,0.96,70.0,42.0,1790294400000
2026-09-24T17:08:48.571Z,1790269728571,2026-09-25,SOXL,SOXLUSDT,373999.149999999,-0.0145,2.36,82.0,28.0,1790294400000
2026-09-24T17:08:48.571Z,1790269728571,2026-09-25,HOOD,HOODUSDT,43270.26000000002,0.1362,1.49,93.0,26.0,1790294400000
2026-09-24T17:08:48.571Z,1790269728571,2026-09-25,MRVL,MRVLUSDT,16825.510000000024,0.0169,0.0,74.0,26.0,1790294400000
2026-09-24T17:09:29.868Z,1790269769868,2026-09-25,TSLA,TSLAUSDT,43922.20000000004,0.0518,0.0,78.0,22.0,1790294400000
2026-09-24T17:09:29.868Z,1790269769868,2026-09-25,NVDA,NVDAUSDT,72541.02999999993,0.0086,2.3,89.0,31.0,1790294400000
2026-09-24T17:09:29.868Z,1790269769868,2026-09-25,AAPL,AAPLUSDT,22602.39999999999,0.0,0.0,82.0,18.0,1790294400000
2026-09-24T17:09:29.868Z,1790269769868,2026-09-25,META,METAUSDT,8866.420000000004,0.0414,0.0,90.0,10.0,1790294400000
2026-09-24T17:09:29.868Z,1790269769868,2026-09-25,GOOGL,GOOGLUSDT,61255.76999999999,-0.0085,3.25,90.0,35.0,1790294400000
2026-09-24T17:09:29.868Z,1790269769868,2026-09-25,SPY,SPYUSDT,13579.720000000008,0.0654,0.67,92.0,15.0,1790294400000
2026-09-24T17:09:29.868Z,1790269769868,2026-09-25,QQQ,QQQUSDT,19386.249999999993,-0.0037,0.96,70.0,42.0,1790294400000
2026-09-24T17:09:29.868Z,1790269769868,2026-09-25,SOXL,SOXLUSDT,373994.089999999,-0.0014,2.35,82.0,28.0,1790294400000
2026-09-24T17:09:29.868Z,1790269769868,2026-09-25,HOOD,HOODUSDT,43270.26000000002,0.0,1.5,93.0,26.0,1790294400000
2026-09-24T17:09:29.868Z,1790269769868,2026-09-25,MRVL,MRVLUSDT,16826.150000000023,0.0038,0.0,74.0,26.0,1790294400000
2026-09-24T17:09:31.562Z,1790269771562,2026-09-25,TSLA,TSLAUSDT,43922.20000000004,0.0518,0.0,78.0,22.0,1790294400000
2026-09-24T17:09:31.562Z,1790269771562,2026-09-25,NVDA,NVDAUSDT,72496.18999999993,-0.0532,2.31,89.0,31.0,1790294400000
2026-09-24T17:09:31.562Z,1790269771562,2026-09-25,AAPL,AAPLUSDT,22602.39999999999,0.0,0.0,82.0,18.0,1790294400000
2026-09-24T17:09:31.562Z,1790269771562,2026-09-25,META,METAUSDT,8866.420000000004,0.0414,0.0,90.0,10.0,1790294400000
2026-09-24T17:09:31.562Z,1790269771562,2026-09-25,GOOGL,GOOGLUSDT,61255.76999999999,-0.0085,3.25,90.0,35.0,1790294400000
2026-09-24T17:09:31.562Z,1790269771562,2026-09-25,SPY,SPYUSDT,13579.720000000008,0.0654,0.67,92.0,15.0,1790294400000
2026-09-24T17:09:31.562Z,1790269771562,2026-09-25,QQQ,QQQUSDT,19386.249999999993,-0.0037,0.96,70.0,42.0,1790294400000
2026-09-24T17:09:31.562Z,1790269771562,2026-09-25,SOXL,SOXLUSDT,373994.089999999,-0.0014,2.35,82.0,28.0,1790294400000
2026-09-24T17:09:31.562Z,1790269771562,2026-09-25,HOOD,HOODUSDT,43270.26000000002,0.0,1.5,93.0,26.0,1790294400000
2026-09-24T17:09:31.562Z,1790269771562,2026-09-25,MRVL,MRVLUSDT,16826.150000000023,0.0038,0.0,74.0,26.0,1790294400000
2026-09-24T17:10:35.250Z,1790269835250,2026-09-25,TSLA,TSLAUSDT,43882.50000000004,-0.0904,0.0,78.0,22.0,1790294400000
2026-09-24T17:10:35.250Z,1790269835250,2026-09-25,NVDA,NVDAUSDT,72461.69999999992,-0.0476,2.32,89.0,31.0,1790294400000
2026-09-24T17:10:35.250Z,1790269835250,2026-09-25,AAPL,AAPLUSDT,22602.359999999993,-0.0002,0.0,82.0,18.0,1790294400000
2026-09-24T17:10:35.250Z,1790269835250,2026-09-25,META,METAUSDT,8860.320000000003,-0.0688,0.0,90.0,10.0,1790294400000
2026-09-24T17:10:35.250Z,1790269835250,2026-09-25,GOOGL,GOOGLUSDT,61244.58999999999,-0.0183,3.24,90.0,35.0,1790294400000
2026-09-24T17:10:35.250Z,1790269835250,2026-09-25,SPY,SPYUSDT,13580.200000000008,0.0035,0.67,92.0,15.0,1790294400000
2026-09-24T17:10:35.250Z,1790269835250,2026-09-25,QQQ,QQQUSDT,19392.309999999994,0.0313,0.96,70.0,42.0,1790294400000
2026-09-24T17:10:35.250Z,1790269835250,2026-09-25,SOXL,SOXLUSDT,374860.709999999,0.2317,2.34,82.0,28.0,1790294400000
2026-09-24T17:10:35.250Z,1790269835250,2026-09-25,HOOD,HOODUSDT,43365.18000000001,0.2194,1.51,93.0,26.0,1790294400000
2026-09-24T17:10:35.250Z,1790269835250,2026-09-25,MRVL,MRVLUSDT,16858.540000000026,0.1925,0.0,74.0,26.0,1790294400000
2026-09-24T17:11:28.430Z,1790269888430,2026-09-25,TSLA,TSLAUSDT,44015.18000000004,0.3024,0.0,78.0,22.0,1790294400000
2026-09-24T17:11:28.430Z,1790269888430,2026-09-25,NVDA,NVDAUSDT,72527.43999999993,0.0907,2.32,89.0,31.0,1790294400000
2026-09-24T17:11:28.430Z,1790269888430,2026-09-25,AAPL,AAPLUSDT,22604.859999999993,0.0111,0.0,82.0,18.0,1790294400000
2026-09-24T17:11:28.430Z,1790269888430,2026-09-25,META,METAUSDT,8858.540000000005,-0.0201,0.0,90.0,10.0,1790294400000
2026-09-24T17:11:28.430Z,1790269888430,2026-09-25,GOOGL,GOOGLUSDT,61244.15999999999,-0.0007,3.23,90.0,35.0,1790294400000
2026-09-24T17:11:28.430Z,1790269888430,2026-09-25,SPY,SPYUSDT,13580.120000000008,-0.0006,0.66,92.0,15.0,1790294400000
2026-09-24T17:11:28.430Z,1790269888430,2026-09-25,QQQ,QQQUSDT,19386.249999999993,-0.0312,0.96,70.0,42.0,1790294400000
2026-09-24T17:11:28.430Z,1790269888430,2026-09-25,SOXL,SOXLUSDT,374325.959999999,-0.1427,2.32,82.0,28.0,1790294400000
2026-09-24T17:11:28.430Z,1790269888430,2026-09-25,HOOD,HOODUSDT,43365.18000000001,0.0,1.51,93.0,26.0,1790294400000
2026-09-24T17:11:28.430Z,1790269888430,2026-09-25,MRVL,MRVLUSDT,16864.310000000027,0.0342,0.0,74.0,26.0,1790294400000
2026-09-24T17:12:21.374Z,1790269941374,2026-09-25,TSLA,TSLAUSDT,44021.78000000004,0.015,0.0,78.0,22.0,1790294400000
2026-09-24T17:12:21.374Z,1790269941374,2026-09-25,NVDA,NVDAUSDT,72536.44999999994,0.0124,2.32,89.0,31.0,1790294400000
2026-09-24T17:12:21.374Z,1790269941374,2026-09-25,AAPL,AAPLUSDT,22576.859999999993,-0.1239,0.0,82.0,18.0,1790294400000
2026-09-24T17:12:21.374Z,1790269941374,2026-09-25,META,METAUSDT,8856.940000000004,-0.0181,0.0,90.0,10.0,1790294400000
2026-09-24T17:12:21.374Z,1790269941374,2026-09-25,GOOGL,GOOGLUSDT,61245.08999999999,0.0015,3.22,90.0,35.0,1790294400000
2026-09-24T17:12:21.374Z,1790269941374,2026-09-25,SPY,SPYUSDT,13580.120000000008,0.0,0.65,92.0,15.0,1790294400000
2026-09-24T17:12:21.374Z,1790269941374,2026-09-25,QQQ,QQQUSDT,19386.049999999992,-0.001,0.96,70.0,42.0,1790294400000
2026-09-24T17:12:21.374Z,1790269941374,2026-09-25,SOXL,SOXLUSDT,374265.37999999896,-0.0162,2.32,82.0,28.0,1790294400000
2026-09-24T17:12:21.374Z,1790269941374,2026-09-25,HOOD,HOODUSDT,43365.18000000001,0.0,1.52,93.0,26.0,1790294400000
2026-09-24T17:12:21.374Z,1790269941374,2026-09-25,MRVL,MRVLUSDT,16886.770000000026,0.1332,0.0,74.0,26.0,1790294400000
2026-09-24T17:13:00.214Z,1790269980214,2026-09-25,TSLA,TSLAUSDT,44020.620000000046,-0.0026,0.0,78.0,22.0,1790294400000
2026-09-24T17:13:00.214Z,1790269980214,2026-09-25,NVDA,NVDAUSDT,72525.03999999994,-0.0157,2.33,90.0,31.0,1790294400000
2026-09-24T17:13:00.214Z,1790269980214,2026-09-25,AAPL,AAPLUSDT,22576.859999999993,0.0,0.0,82.0,18.0,1790294400000
2026-09-24T17:13:00.214Z,1790269980214,2026-09-25,META,METAUSDT,8854.360000000004,-0.0291,0.0,90.0,10.0,1790294400000
2026-09-24T17:13:00.214Z,1790269980214,2026-09-25,GOOGL,GOOGLUSDT,61245.06999999999,-0.0,3.22,90.0,35.0,1790294400000
2026-09-24T17:13:00.214Z,1790269980214,2026-09-25,SPY,SPYUSDT,13580.120000000008,0.0,0.65,92.0,15.0,1790294400000
2026-09-24T17:13:00.214Z,1790269980214,2026-09-25,QQQ,QQQUSDT,19385.249999999993,-0.0041,0.96,70.0,42.0,1790294400000
2026-09-24T17:13:00.214Z,1790269980214,2026-09-25,SOXL,SOXLUSDT,373928.399999999,-0.09,2.32,82.0,28.0,1790294400000
2026-09-24T17:13:00.214Z,1790269980214,2026-09-25,HOOD,HOODUSDT,43365.18000000001,0.0,1.52,93.0,26.0,1790294400000
2026-09-24T17:13:00.214Z,1790269980214,2026-09-25,MRVL,MRVLUSDT,16885.350000000024,-0.0084,0.0,74.0,26.0,1790294400000
2026-09-24T17:13:02.598Z,1790269982598,2026-09-25,TSLA,TSLAUSDT,44020.620000000046,-0.0026,0.0,78.0,22.0,1790294400000
2026-09-24T17:13:02.598Z,1790269982598,2026-09-25,NVDA,NVDAUSDT,72525.03999999994,-0.0157,2.33,90.0,31.0,1790294400000
2026-09-24T17:13:02.598Z,1790269982598,2026-09-25,AAPL,AAPLUSDT,22576.859999999993,0.0,0.0,82.0,18.0,1790294400000
2026-09-24T17:13:02.598Z,1790269982598,2026-09-25,META,METAUSDT,8854.930000000004,-0.0227,0.0,90.0,10.0,1790294400000
2026-09-24T17:13:02.598Z,1790269982598,2026-09-25,GOOGL,GOOGLUSDT,61245.06999999999,-0.0,3.22,90.0,35.0,1790294400000
2026-09-24T17:13:02.598Z,1790269982598,2026-09-25,SPY,SPYUSDT,13581.460000000008,0.0099,0.65,92.0,15.0,1790294400000
2026-09-24T17:13:02.598Z,1790269982598,2026-09-25,QQQ,QQQUSDT,19385.249999999993,-0.0041,0.96,70.0,42.0,1790294400000
2026-09-24T17:13:02.598Z,1790269982598,2026-09-25,SOXL,SOXLUSDT,373928.399999999,-0.09,2.32,82.0,28.0,1790294400000
2026-09-24T17:13:02.598Z,1790269982598,2026-09-25,HOOD,HOODUSDT,43365.18000000001,0.0,1.52,93.0,26.0,1790294400000
2026-09-24T17:13:02.598Z,1790269982598,2026-09-25,MRVL,MRVLUSDT,16885.350000000024,0.0,0.0,74.0,26.0,1790294400000
2026-09-24T17:15:33.455Z,1790270133455,2026-09-25,TSLA,TSLAUSDT,44036.70000000003,0.0365,0.0,78.0,22.0,1790294400000
2026-09-24T17:15:33.455Z,1790270133455,2026-09-25,NVDA,NVDAUSDT,72519.93999999994,-0.007,2.36,92.0,31.0,1790294400000
2026-09-24T17:15:33.455Z,1790270133455,2026-09-25,AAPL,AAPLUSDT,22541.61999999999,-0.1561,0.0,82.0,18.0,1790294400000
2026-09-24T17:15:33.455Z,1790270133455,2026-09-25,META,METAUSDT,8852.840000000004,-0.0236,0.0,90.0,10.0,1790294400000
2026-09-24T17:15:33.455Z,1790270133455,2026-09-25,GOOGL,GOOGLUSDT,61224.63999999999,-0.0334,3.2,90.0,35.0,1790294400000
2026-09-24T17:15:33.455Z,1790270133455,2026-09-25,SPY,SPYUSDT,13580.490000000009,-0.0071,0.63,92.0,15.0,1790294400000
2026-09-24T17:15:33.455Z,1790270133455,2026-09-25,QQQ,QQQUSDT,19404.669999999995,0.1002,0.98,70.0,42.0,1790294400000
2026-09-24T17:15:33.455Z,1790270133455,2026-09-25,SOXL,SOXLUSDT,373674.19999999896,-0.068,2.3,82.0,28.0,1790294400000
2026-09-24T17:15:33.455Z,1790270133455,2026-09-25,HOOD,HOODUSDT,43364.88000000001,-0.0007,1.55,93.0,26.0,1790294400000
2026-09-24T17:15:33.455Z,1790270133455,2026-09-25,MRVL,MRVLUSDT,16847.510000000024,-0.2241,0.0,74.0,26.0,1790294400000
2026-09-24T17:15:55.401Z,1790270155401,2026-09-25,TSLA,TSLAUSDT,44037.12000000003,0.0375,0.0,78.0,22.0,1790294400000
2026-09-24T17:15:55.401Z,1790270155401,2026-09-25,NVDA,NVDAUSDT,72518.61999999994,-0.0089,2.36,92.0,31.0,1790294400000
2026-09-24T17:15:55.401Z,1790270155401,2026-09-25,AAPL,AAPLUSDT,22539.139999999996,-0.1671,0.0,82.0,18.0,1790294400000
2026-09-24T17:15:55.401Z,1790270155401,2026-09-25,META,METAUSDT,8852.040000000005,-0.0326,0.0,90.0,10.0,1790294400000
2026-09-24T17:15:55.401Z,1790270155401,2026-09-25,GOOGL,GOOGLUSDT,61253.76999999999,0.0476,3.2,90.0,35.0,1790294400000
2026-09-24T17:15:55.401Z,1790270155401,2026-09-25,SPY,SPYUSDT,13580.60000000001,0.0008,0.63,92.0,15.0,1790294400000
2026-09-24T17:15:55.401Z,1790270155401,2026-09-25,QQQ,QQQUSDT,19403.469999999994,-0.0062,0.98,70.0,42.0,1790294400000
2026-09-24T17:15:55.401Z,1790270155401,2026-09-25,SOXL,SOXLUSDT,373163.87999999896,-0.1366,2.3,82.0,28.0,1790294400000
2026-09-24T17:15:55.401Z,1790270155401,2026-09-25,HOOD,HOODUSDT,43364.88000000001,0.0,1.55,93.0,26.0,1790294400000
2026-09-24T17:15:55.401Z,1790270155401,2026-09-25,MRVL,MRVLUSDT,16850.450000000026,0.0175,0.0,74.0,26.0,1790294400000
2026-09-24T17:16:29.350Z,1790270189350,2026-09-25,TSLA,TSLAUSDT,44046.88000000004,0.0222,0.0,78.0,22.0,1790294400000
2026-09-24T17:16:29.350Z,1790270189350,2026-09-25,NVDA,NVDAUSDT,72513.20999999993,-0.0075,2.37,92.0,31.0,1790294400000
2026-09-24T17:16:29.350Z,1790270189350,2026-09-25,AAPL,AAPLUSDT,22539.09999999999,-0.0002,0.0,82.0,18.0,1790294400000
2026-09-24T17:16:29.350Z,1790270189350,2026-09-25,META,METAUSDT,8851.980000000003,-0.0007,0.0,90.0,10.0,1790294400000
2026-09-24T17:16:29.350Z,1790270189350,2026-09-25,GOOGL,GOOGLUSDT,61253.64999999999,-0.0002,3.19,90.0,35.0,1790294400000
2026-09-24T17:16:29.350Z,1790270189350,2026-09-25,SPY,SPYUSDT,13580.710000000008,0.0008,0.62,92.0,15.0,1790294400000
2026-09-24T17:16:29.350Z,1790270189350,2026-09-25,QQQ,QQQUSDT,19396.909999999993,-0.0338,0.98,70.0,42.0,1790294400000
2026-09-24T17:16:29.350Z,1790270189350,2026-09-25,SOXL,SOXLUSDT,372834.57999999897,-0.0882,2.28,82.0,28.0,1790294400000
2026-09-24T17:16:29.350Z,1790270189350,2026-09-25,HOOD,HOODUSDT,43364.88000000001,0.0,1.55,93.0,26.0,1790294400000
2026-09-24T17:16:29.350Z,1790270189350,2026-09-25,MRVL,MRVLUSDT,16847.150000000027,-0.0196,0.0,74.0,26.0,1790294400000
2026-09-24T17:16:36.971Z,1790270196971,2026-09-25,TSLA,TSLAUSDT,44046.88000000004,0.0222,0.0,78.0,22.0,1790294400000
2026-09-24T17:16:36.971Z,1790270196971,2026-09-25,NVDA,NVDAUSDT,72497.57999999993,-0.029,2.37,92.0,31.0,1790294400000
2026-09-24T17:16:36.971Z,1790270196971,2026-09-25,AAPL,AAPLUSDT,22539.09999999999,-0.0002,0.0,82.0,18.0,1790294400000
2026-09-24T17:16:36.971Z,1790270196971,2026-09-25,META,METAUSDT,8851.980000000003,-0.0007,0.0,90.0,10.0,1790294400000
2026-09-24T17:16:36.971Z,1790270196971,2026-09-25,GOOGL,GOOGLUSDT,61253.64999999999,-0.0002,3.19,90.0,35.0,1790294400000
2026-09-24T17:16:36.971Z,1790270196971,2026-09-25,SPY,SPYUSDT,13580.710000000008,0.0008,0.62,92.0,15.0,1790294400000
2026-09-24T17:16:36.971Z,1790270196971,2026-09-25,QQQ,QQQUSDT,19396.389999999992,-0.0365,0.98,70.0,42.0,1790294400000
2026-09-24T17:16:36.971Z,1790270196971,2026-09-25,SOXL,SOXLUSDT,372834.57999999897,-0.0882,2.28,82.0,28.0,1790294400000
2026-09-24T17:16:36.971Z,1790270196971,2026-09-25,HOOD,HOODUSDT,43364.88000000001,0.0,1.55,93.0,26.0,1790294400000
2026-09-24T17:16:36.971Z,1790270196971,2026-09-25,MRVL,MRVLUSDT,16848.610000000026,0.0087,0.0,74.0,26.0,1790294400000
2026-09-24T17:16:59.179Z,1790270219179,2026-09-25,TSLA,TSLAUSDT,44019.70000000004,-0.0396,0.0,78.0,22.0,1790294400000
2026-09-24T17:16:59.179Z,1790270219179,2026-09-25,NVDA,NVDAUSDT,72515.83999999994,0.0036,2.37,92.0,31.0,1790294400000
2026-09-24T17:16:59.179Z,1790270219179,2026-09-25,AAPL,AAPLUSDT,22533.959999999992,-0.0228,0.0,82.0,18.0,1790294400000
2026-09-24T17:16:59.179Z,1790270219179,2026-09-25,META,METAUSDT,8851.980000000003,0.0,0.0,90.0,10.0,1790294400000
2026-09-24T17:16:59.179Z,1790270219179,2026-09-25,GOOGL,GOOGLUSDT,61253.649999999994,0.0,3.19,90.0,35.0,1790294400000
2026-09-24T17:16:59.179Z,1790270219179,2026-09-25,SPY,SPYUSDT,13578.740000000007,-0.0145,0.62,92.0,15.0,1790294400000
2026-09-24T17:16:59.179Z,1790270219179,2026-09-25,QQQ,QQQUSDT,19399.469999999994,0.0159,0.98,70.0,42.0,1790294400000
2026-09-24T17:16:59.179Z,1790270219179,2026-09-25,SOXL,SOXLUSDT,373910.05999999895,0.2885,2.28,82.0,28.0,1790294400000
2026-09-24T17:16:59.179Z,1790270219179,2026-09-25,HOOD,HOODUSDT,43356.77000000001,-0.0187,1.55,93.0,26.0,1790294400000
2026-09-24T17:16:59.179Z,1790270219179,2026-09-25,MRVL,MRVLUSDT,16828.350000000024,-0.1202,0.0,74.0,26.0,1790294400000
2026-09-24T17:19:31.286Z,1790270371286,2026-09-25,TSLA,TSLAUSDT,44005.91000000004,-0.0313,0.0,78.0,22.0,1790294400000
2026-09-24T17:19:31.286Z,1790270371286,2026-09-25,NVDA,NVDAUSDT,72527.61999999992,0.0162,2.39,92.0,31.0,1790294400000
2026-09-24T17:19:31.286Z,1790270371286,2026-09-25,AAPL,AAPLUSDT,22504.61999999999,-0.1302,0.0,82.0,18.0,1790294400000
2026-09-24T17:19:31.286Z,1790270371286,2026-09-25,META,METAUSDT,8851.320000000003,-0.0075,0.0,90.0,10.0,1790294400000
2026-09-24T17:19:31.286Z,1790270371286,2026-09-25,GOOGL,GOOGLUSDT,61245.789999999986,-0.0128,3.16,90.0,35.0,1790294400000
2026-09-24T17:19:31.286Z,1790270371286,2026-09-25,SPY,SPYUSDT,13572.50000000001,-0.046,0.6,92.0,15.0,1790294400000
2026-09-24T17:19:31.286Z,1790270371286,2026-09-25,QQQ,QQQUSDT,19402.209999999992,0.0141,0.98,70.0,42.0,1790294400000
2026-09-24T17:19:31.286Z,1790270371286,2026-09-25,SOXL,SOXLUSDT,372619.419999999,-0.3452,2.28,82.0,28.0,1790294400000
2026-09-24T17:19:31.286Z,1790270371286,2026-09-25,HOOD,HOODUSDT,43270.80000000002,-0.1983,1.58,94.0,26.0,1790294400000
2026-09-24T17:19:31.286Z,1790270371286,2026-09-25,MRVL,MRVLUSDT,16781.070000000025,-0.281,0.0,74.0,26.0,1790294400000
2026-09-24T17:19:57.658Z,1790270397658,2026-09-25,TSLA,TSLAUSDT,44055.64000000004,0.0816,0.0,78.0,22.0,1790294400000
2026-09-24T17:19:57.658Z,1790270397658,2026-09-25,NVDA,NVDAUSDT,72554.95999999993,0.0377,2.39,92.0,31.0,1790294400000
2026-09-24T17:19:57.658Z,1790270397658,2026-09-25,AAPL,AAPLUSDT,22482.619999999995,-0.0978,0.0,82.0,18.0,1790294400000
2026-09-24T17:19:57.658Z,1790270397658,2026-09-25,META,METAUSDT,8851.340000000004,0.0002,0.0,90.0,10.0,1790294400000
2026-09-24T17:19:57.658Z,1790270397658,2026-09-25,GOOGL,GOOGLUSDT,61245.42999999999,-0.0006,3.16,90.0,35.0,1790294400000
2026-09-24T17:19:57.658Z,1790270397658,2026-09-25,SPY,SPYUSDT,13563.260000000007,-0.0681,0.6,92.0,15.0,1790294400000
2026-09-24T17:19:57.658Z,1790270397658,2026-09-25,QQQ,QQQUSDT,19401.48999999999,-0.0037,0.98,70.0,42.0,1790294400000
2026-09-24T17:19:57.658Z,1790270397658,2026-09-25,SOXL,SOXLUSDT,372493.55999999895,-0.0338,2.28,82.0,28.0,1790294400000
2026-09-24T17:19:57.658Z,1790270397658,2026-09-25,HOOD,HOODUSDT,43274.180000000015,0.0078,1.58,94.0,26.0,1790294400000
2026-09-24T17:19:57.658Z,1790270397658,2026-09-25,MRVL,MRVLUSDT,16781.220000000023,0.0009,0.0,74.0,26.0,1790294400000
2026-09-24T17:20:05.900Z,1790270405900,2026-09-25,TSLA,TSLAUSDT,44055.400000000045,0.1125,0.0,78.0,22.0,1790294400000
2026-09-24T17:20:05.900Z,1790270405900,2026-09-25,NVDA,NVDAUSDT,72555.01999999993,0.0378,2.39,92.0,31.0,1790294400000
2026-09-24T17:20:05.900Z,1790270405900,2026-09-25,AAPL,AAPLUSDT,22482.619999999995,-0.0978,0.0,82.0,18.0,1790294400000
2026-09-24T17:20:05.900Z,1790270405900,2026-09-25,META,METAUSDT,8851.340000000004,0.0002,0.0,90.0,10.0,1790294400000
2026-09-24T17:20:05.900Z,1790270405900,2026-09-25,GOOGL,GOOGLUSDT,61245.42999999999,-0.0006,3.16,90.0,35.0,1790294400000
2026-09-24T17:20:05.900Z,1790270405900,2026-09-25,SPY,SPYUSDT,13563.26000000001,-0.0681,0.6,92.0,15.0,1790294400000
2026-09-24T17:20:05.900Z,1790270405900,2026-09-25,QQQ,QQQUSDT,19401.48999999999,-0.0037,0.98,70.0,42.0,1790294400000
2026-09-24T17:20:05.900Z,1790270405900,2026-09-25,SOXL,SOXLUSDT,372268.04999999894,-0.0605,2.28,82.0,28.0,1790294400000
2026-09-24T17:20:05.900Z,1790270405900,2026-09-25,HOOD,HOODUSDT,43274.180000000015,0.0,1.58,94.0,26.0,1790294400000
2026-09-24T17:20:05.900Z,1790270405900,2026-09-25,MRVL,MRVLUSDT,16781.220000000023,0.0,0.0,74.0,26.0,1790294400000
2026-09-24T17:20:29.358Z,1790270429358,2026-09-25,TSLA,TSLAUSDT,44197.320000000036,0.3216,0.0,78.0,22.0,1790294400000
2026-09-24T17:20:29.358Z,1790270429358,2026-09-25,NVDA,NVDAUSDT,72552.83999999994,-0.0029,2.39,92.0,31.0,1790294400000
2026-09-24T17:20:29.358Z,1790270429358,2026-09-25,AAPL,AAPLUSDT,22482.619999999995,0.0,0.0,82.0,18.0,1790294400000
2026-09-24T17:20:29.358Z,1790270429358,2026-09-25,META,METAUSDT,8851.340000000004,0.0,0.0,90.0,10.0,1790294400000
2026-09-24T17:20:29.358Z,1790270429358,2026-09-25,GOOGL,GOOGLUSDT,61248.469999999994,0.005,3.16,90.0,35.0,1790294400000
2026-09-24T17:20:29.358Z,1790270429358,2026-09-25,SPY,SPYUSDT,13563.26000000001,0.0,0.59,92.0,15.0,1790294400000
2026-09-24T17:20:29.358Z,1790270429358,2026-09-25,QQQ,QQQUSDT,19399.699999999993,-0.0092,0.98,70.0,42.0,1790294400000
2026-09-24T17:20:29.358Z,1790270429358,2026-09-25,SOXL,SOXLUSDT,372058.089999999,-0.0564,2.26,82.0,28.0,1790294400000
2026-09-24T17:20:29.358Z,1790270429358,2026-09-25,HOOD,HOODUSDT,43274.180000000015,0.0,1.59,94.0,26.0,1790294400000
2026-09-24T17:20:29.358Z,1790270429358,2026-09-25,MRVL,MRVLUSDT,16794.780000000024,0.0808,0.0,74.0,26.0,1790294400000
2026-09-24T17:22:28.599Z,1790270548599,2026-09-25,TSLA,TSLAUSDT,44164.79000000004,-0.0736,0.0,78.0,22.0,1790294400000
2026-09-24T17:22:28.599Z,1790270548599,2026-09-25,NVDA,NVDAUSDT,72540.65999999993,-0.0168,2.4,92.0,31.0,1790294400000
2026-09-24T17:22:28.599Z,1790270548599,2026-09-25,AAPL,AAPLUSDT,22479.139999999996,-0.0155,0.0,82.0,18.0,1790294400000
2026-09-24T17:22:28.599Z,1790270548599,2026-09-25,META,METAUSDT,8865.660000000003,0.1618,0.0,90.0,10.0,1790294400000
2026-09-24T17:22:28.599Z,1790270548599,2026-09-25,GOOGL,GOOGLUSDT,61243.98999999999,-0.0073,3.14,90.0,35.0,1790294400000
2026-09-24T17:22:28.599Z,1790270548599,2026-09-25,SPY,SPYUSDT,13576.980000000009,0.1012,0.58,92.0,15.0,1790294400000
2026-09-24T17:22:28.599Z,1790270548599,2026-09-25,QQQ,QQQUSDT,19393.819999999992,-0.0303,0.97,70.0,42.0,1790294400000
2026-09-24T17:22:28.599Z,1790270548599,2026-09-25,SOXL,SOXLUSDT,371693.26999999897,-0.0981,2.25,82.0,28.0,1790294400000
2026-09-24T17:22:28.599Z,1790270548599,2026-09-25,HOOD,HOODUSDT,43273.02000000001,-0.0027,1.61,94.0,26.0,1790294400000
2026-09-24T17:22:28.599Z,1790270548599,2026-09-25,MRVL,MRVLUSDT,16763.970000000027,-0.1834,0.0,74.0,26.0,1790294400000
2026-09-24T17:23:06.737Z,1790270586737,2026-09-25,TSLA,TSLAUSDT,44153.32000000004,-0.026,0.0,78.0,22.0,1790294400000
2026-09-24T17:23:06.737Z,1790270586737,2026-09-25,NVDA,NVDAUSDT,72537.07999999993,-0.0049,2.4,92.0,31.0,1790294400000
2026-09-24T17:23:06.737Z,1790270586737,2026-09-25,AAPL,AAPLUSDT,22475.619999999995,-0.0157,0.0,82.0,18.0,1790294400000
2026-09-24T17:23:06.737Z,1790270586737,2026-09-25,META,METAUSDT,8865.520000000004,-0.0016,0.0,90.0,10.0,1790294400000
2026-09-24T17:23:06.737Z,1790270586737,2026-09-25,GOOGL,GOOGLUSDT,61243.98999999999,0.0,3.14,90.0,35.0,1790294400000
2026-09-24T17:23:06.737Z,1790270586737,2026-09-25,SPY,SPYUSDT,13576.980000000009,0.0,0.58,92.0,15.0,1790294400000
2026-09-24T17:23:06.737Z,1790270586737,2026-09-25,QQQ,QQQUSDT,19395.959999999992,0.011,0.97,70.0,42.0,1790294400000
2026-09-24T17:23:06.737Z,1790270586737,2026-09-25,SOXL,SOXLUSDT,371748.98999999894,0.015,2.25,82.0,28.0,1790294400000
2026-09-24T17:23:06.737Z,1790270586737,2026-09-25,HOOD,HOODUSDT,43266.94000000002,-0.0141,1.62,94.0,26.0,1790294400000
2026-09-24T17:23:06.737Z,1790270586737,2026-09-25,MRVL,MRVLUSDT,16764.030000000024,0.0004,0.0,74.0,26.0,1790294400000
2026-09-24T17:23:35.375Z,1790270615375,2026-09-25,TSLA,TSLAUSDT,44164.24000000004,-0.0012,0.0,78.0,22.0,1790294400000
2026-09-24T17:23:35.375Z,1790270615375,2026-09-25,NVDA,NVDAUSDT,72537.21999999993,-0.0047,2.41,92.0,31.0,1790294400000
2026-09-24T17:23:35.375Z,1790270615375,2026-09-25,AAPL,AAPLUSDT,22475.619999999995,-0.0157,0.0,82.0,18.0,1790294400000
2026-09-24T17:23:35.375Z,1790270615375,2026-09-25,META,METAUSDT,8865.520000000004,0.0,0.0,90.0,10.0,1790294400000
2026-09-24T17:23:35.375Z,1790270615375,2026-09-25,GOOGL,GOOGLUSDT,61239.62999999999,-0.0071,3.13,90.0,35.0,1790294400000
2026-09-24T17:23:35.375Z,1790270615375,2026-09-25,SPY,SPYUSDT,13576.980000000009,0.0,0.57,92.0,15.0,1790294400000
2026-09-24T17:23:35.375Z,1790270615375,2026-09-25,QQQ,QQQUSDT,19395.989999999994,0.0002,0.97,70.0,42.0,1790294400000
2026-09-24T17:23:35.375Z,1790270615375,2026-09-25,SOXL,SOXLUSDT,371637.11999999895,-0.0301,2.26,82.0,28.0,1790294400000
2026-09-24T17:23:35.375Z,1790270615375,2026-09-25,HOOD,HOODUSDT,43266.94000000002,0.0,1.62,94.0,26.0,1790294400000
2026-09-24T17:23:35.375Z,1790270615375,2026-09-25,MRVL,MRVLUSDT,16763.970000000027,-0.0004,0.0,74.0,26.0,1790294400000
2026-09-24T17:23:41.070Z,1790270621070,2026-09-25,TSLA,TSLAUSDT,44150.640000000036,-0.0061,0.0,78.0,22.0,1790294400000
2026-09-24T17:23:41.070Z,1790270621070,2026-09-25,NVDA,NVDAUSDT,72537.07999999993,0.0,2.41,92.0,31.0,1790294400000
2026-09-24T17:23:41.070Z,1790270621070,2026-09-25,AAPL,AAPLUSDT,22475.619999999995,0.0,0.0,82.0,18.0,1790294400000
2026-09-24T17:23:41.070Z,1790270621070,2026-09-25,META,METAUSDT,8864.120000000004,-0.0158,0.0,90.0,10.0,1790294400000
2026-09-24T17:23:41.070Z,1790270621070,2026-09-25,GOOGL,GOOGLUSDT,61239.62999999999,-0.0071,3.13,90.0,35.0,1790294400000
2026-09-24T17:23:41.070Z,1790270621070,2026-09-25,SPY,SPYUSDT,13576.980000000009,0.0,0.57,92.0,15.0,1790294400000
2026-09-24T17:23:41.070Z,1790270621070,2026-09-25,QQQ,QQQUSDT,19395.989999999994,0.0002,0.97,70.0,42.0,1790294400000
2026-09-24T17:23:41.070Z,1790270621070,2026-09-25,SOXL,SOXLUSDT,371576.56999999896,-0.0464,2.26,82.0,28.0,1790294400000
2026-09-24T17:23:41.070Z,1790270621070,2026-09-25,HOOD,HOODUSDT,43266.94000000002,0.0,1.62,94.0,26.0,1790294400000
2026-09-24T17:23:41.070Z,1790270621070,2026-09-25,MRVL,MRVLUSDT,16763.970000000027,0.0,0.0,74.0,26.0,1790294400000
2026-09-24T17:25:33.090Z,1790270733090,2026-09-25,TSLA,TSLAUSDT,44113.76000000004,-0.0835,0.0,78.0,22.0,1790294400000
2026-09-24T17:25:33.090Z,1790270733090,2026-09-25,NVDA,NVDAUSDT,72523.11999999992,-0.0192,2.42,92.0,31.0,1790294400000
2026-09-24T17:25:33.090Z,1790270733090,2026-09-25,AAPL,AAPLUSDT,22492.919999999995,0.077,0.0,82.0,18.0,1790294400000
2026-09-24T17:25:33.090Z,1790270733090,2026-09-25,META,METAUSDT,8864.880000000005,0.0086,0.0,90.0,10.0,1790294400000
2026-09-24T17:25:33.090Z,1790270733090,2026-09-25,GOOGL,GOOGLUSDT,61232.74999999999,-0.0112,3.12,90.0,35.0,1790294400000
2026-09-24T17:25:33.090Z,1790270733090,2026-09-25,SPY,SPYUSDT,13572.300000000008,-0.0345,0.56,92.0,15.0,1790294400000
2026-09-24T17:25:33.090Z,1790270733090,2026-09-25,QQQ,QQQUSDT,19396.30999999999,0.0016,0.97,70.0,42.0,1790294400000
2026-09-24T17:25:33.090Z,1790270733090,2026-09-25,SOXL,SOXLUSDT,371598.50999999896,0.0059,2.27,82.0,28.0,1790294400000
2026-09-24T17:25:33.090Z,1790270733090,2026-09-25,HOOD,HOODUSDT,43266.180000000015,-0.0018,1.64,94.0,26.0,1790294400000
2026-09-24T17:25:33.090Z,1790270733090,2026-09-25,MRVL,MRVLUSDT,16760.690000000024,-0.0196,0.0,74.0,26.0,1790294400000
2026-09-24T17:26:43.147Z,1790270803147,2026-09-25,TSLA,TSLAUSDT,44112.620000000046,-0.0026,0.0,78.0,22.0,1790294400000
2026-09-24T17:26:43.147Z,1790270803147,2026-09-25,NVDA,NVDAUSDT,72519.99999999993,-0.0043,2.43,92.0,31.0,1790294400000
2026-09-24T17:26:43.147Z,1790270803147,2026-09-25,AAPL,AAPLUSDT,22461.739999999994,-0.1386,0.0,82.0,18.0,1790294400000
2026-09-24T17:26:43.147Z,1790270803147,2026-09-25,META,METAUSDT,8864.740000000003,-0.0016,0.0,90.0,10.0,1790294400000
2026-09-24T17:26:43.147Z,1790270803147,2026-09-25,GOOGL,GOOGLUSDT,61229.179999999986,-0.0058,3.11,90.0,35.0,1790294400000
2026-09-24T17:26:43.147Z,1790270803147,2026-09-25,SPY,SPYUSDT,13571.48000000001,-0.006,0.56,92.0,15.0,1790294400000
2026-09-24T17:26:43.147Z,1790270803147,2026-09-25,QQQ,QQQUSDT,19394.989999999994,-0.0068,0.98,70.0,42.0,1790294400000
2026-09-24T17:26:43.147Z,1790270803147,2026-09-25,SOXL,SOXLUSDT,370152.73999999894,-0.3891,2.27,82.0,28.0,1790294400000
2026-09-24T17:26:43.147Z,1790270803147,2026-09-25,HOOD,HOODUSDT,43254.49000000002,-0.027,1.66,94.0,26.0,1790294400000
2026-09-24T17:26:43.147Z,1790270803147,2026-09-25,MRVL,MRVLUSDT,16745.730000000025,-0.0893,0.0,74.0,26.0,1790294400000
2026-09-24T17:27:03.142Z,1790270823142,2026-09-25,TSLA,TSLAUSDT,44112.860000000044,-0.002,0.0,78.0,22.0,1790294400000
2026-09-24T17:27:03.142Z,1790270823142,2026-09-25,NVDA,NVDAUSDT,72520.63999999994,-0.0034,2.43,92.0,31.0,1790294400000
2026-09-24T17:27:03.142Z,1790270823142,2026-09-25,AAPL,AAPLUSDT,22462.829999999994,-0.1338,0.0,82.0,18.0,1790294400000
2026-09-24T17:27:03.142Z,1790270823142,2026-09-25,META,METAUSDT,8864.760000000004,0.0002,0.0,90.0,10.0,1790294400000
2026-09-24T17:27:03.142Z,1790270823142,2026-09-25,GOOGL,GOOGLUSDT,61233.76999999999,0.0075,3.11,90.0,35.0,1790294400000
2026-09-24T17:27:03.142Z,1790270823142,2026-09-25,SPY,SPYUSDT,13571.26000000001,-0.0016,0.56,92.0,15.0,1790294400000
2026-09-24T17:27:03.142Z,1790270823142,2026-09-25,QQQ,QQQUSDT,19396.219999999994,0.0063,0.98,70.0,42.0,1790294400000
2026-09-24T17:27:03.142Z,1790270823142,2026-09-25,SOXL,SOXLUSDT,369973.67999999895,-0.0484,2.27,82.0,28.0,1790294400000
2026-09-24T17:27:03.142Z,1790270823142,2026-09-25,HOOD,HOODUSDT,43254.610000000015,0.0003,1.66,94.0,26.0,1790294400000
2026-09-24T17:27:03.142Z,1790270823142,2026-09-25,MRVL,MRVLUSDT,16745.730000000025,0.0,0.0,74.0,26.0,1790294400000
2026-09-24T17:27:09.269Z,1790270829269,2026-09-25,TSLA,TSLAUSDT,44113.48000000004,-0.0006,0.0,78.0,22.0,1790294400000
2026-09-24T17:27:09.269Z,1790270829269,2026-09-25,NVDA,NVDAUSDT,72520.63999999994,0.0009,2.43,92.0,31.0,1790294400000
2026-09-24T17:27:09.269Z,1790270829269,2026-09-25,AAPL,AAPLUSDT,22462.829999999994,0.0049,0.0,82.0,18.0,1790294400000
2026-09-24T17:27:09.269Z,1790270829269,2026-09-25,META,METAUSDT,8864.660000000003,-0.0009,0.0,90.0,10.0,1790294400000
2026-09-24T17:27:09.269Z,1790270829269,2026-09-25,GOOGL,GOOGLUSDT,61233.849999999984,0.0076,3.11,90.0,35.0,1790294400000
2026-09-24T17:27:09.269Z,1790270829269,2026-09-25,SPY,SPYUSDT,13570.660000000009,-0.006,0.56,92.0,15.0,1790294400000
2026-09-24T17:27:09.269Z,1790270829269,2026-09-25,QQQ,QQQUSDT,19396.219999999994,0.0063,0.98,70.0,42.0,1790294400000
2026-09-24T17:27:09.269Z,1790270829269,2026-09-25,SOXL,SOXLUSDT,370192.94999999896,0.0109,2.27,82.0,28.0,1790294400000
2026-09-24T17:27:09.269Z,1790270829269,2026-09-25,HOOD,HOODUSDT,43254.76000000002,0.0003,1.66,94.0,26.0,1790294400000
2026-09-24T17:27:09.269Z,1790270829269,2026-09-25,MRVL,MRVLUSDT,16745.730000000025,0.0,0.0,74.0,26.0,1790294400000
2026-09-24T17:27:58.973Z,1790270878973,2026-09-25,TSLA,TSLAUSDT,44111.69000000003,-0.0041,0.0,78.0,22.0,1790294400000
2026-09-24T17:27:58.973Z,1790270878973,2026-09-25,NVDA,NVDAUSDT,72517.15999999993,-0.0048,2.44,92.0,31.0,1790294400000
2026-09-24T17:27:58.973Z,1790270878973,2026-09-25,AAPL,AAPLUSDT,22466.559999999994,0.0166,0.0,82.0,18.0,1790294400000
2026-09-24T17:27:58.973Z,1790270878973,2026-09-25,META,METAUSDT,8864.860000000004,0.0023,0.0,90.0,10.0,1790294400000
2026-09-24T17:27:58.973Z,1790270878973,2026-09-25,GOOGL,GOOGLUSDT,61258.27999999999,0.0399,3.1,90.0,35.0,1790294400000
2026-09-24T17:27:58.973Z,1790270878973,2026-09-25,SPY,SPYUSDT,13558.240000000009,-0.0915,0.55,92.0,15.0,1790294400000
2026-09-24T17:27:58.973Z,1790270878973,2026-09-25,QQQ,QQQUSDT,19396.82999999999,0.0031,0.98,70.0,42.0,1790294400000
2026-09-24T17:27:58.973Z,1790270878973,2026-09-25,SOXL,SOXLUSDT,370449.459999999,0.0693,2.27,82.0,28.0,1790294400000
2026-09-24T17:27:58.973Z,1790270878973,2026-09-25,HOOD,HOODUSDT,43254.76000000002,0.0,1.66,94.0,26.0,1790294400000
2026-09-24T17:27:58.973Z,1790270878973,2026-09-25,MRVL,MRVLUSDT,16744.030000000024,-0.0102,0.0,74.0,26.0,1790294400000
2026-09-24T17:30:12.559Z,1790271012559,2026-09-25,TSLA,TSLAUSDT,44114.62000000004,0.0066,0.0,78.0,22.0,1790294400000
2026-09-24T17:30:12.559Z,1790271012559,2026-09-25,NVDA,NVDAUSDT,72485.18999999993,-0.0441,2.46,92.0,31.0,1790294400000
2026-09-24T17:30:12.559Z,1790271012559,2026-09-25,AAPL,AAPLUSDT,22474.09999999999,0.0336,0.0,82.0,18.0,1790294400000
2026-09-24T17:30:12.559Z,1790271012559,2026-09-25,META,METAUSDT,8863.520000000004,-0.0151,0.0,90.0,10.0,1790294400000
2026-09-24T17:30:12.559Z,1790271012559,2026-09-25,GOOGL,GOOGLUSDT,61337.58999999999,0.1295,3.09,90.0,35.0,1790294400000
2026-09-24T17:30:12.559Z,1790271012559,2026-09-25,SPY,SPYUSDT,13558.12000000001,-0.0009,0.54,92.0,15.0,1790294400000
2026-09-24T17:30:12.559Z,1790271012559,2026-09-25,QQQ,QQQUSDT,19397.089999999993,0.0013,0.99,70.0,42.0,1790294400000
2026-09-24T17:30:12.559Z,1790271012559,2026-09-25,SOXL,SOXLUSDT,369724.30999999895,-0.1957,2.29,82.0,28.0,1790294400000
2026-09-24T17:30:12.559Z,1790271012559,2026-09-25,HOOD,HOODUSDT,43248.400000000016,-0.0147,1.72,94.0,26.0,1790294400000
2026-09-24T17:30:12.559Z,1790271012559,2026-09-25,MRVL,MRVLUSDT,16745.670000000027,0.0098,0.0,74.0,26.0,1790294400000
2026-09-24T17:30:35.123Z,1790271035123,2026-09-25,TSLA,TSLAUSDT,44114.62000000003,0.0066,0.0,78.0,22.0,1790294400000
2026-09-24T17:30:35.123Z,1790271035123,2026-09-25,NVDA,NVDAUSDT,72484.91999999994,-0.0445,2.47,92.0,31.0,1790294400000
2026-09-24T17:30:35.123Z,1790271035123,2026-09-25,AAPL,AAPLUSDT,22474.05999999999,-0.0002,0.0,82.0,18.0,1790294400000
2026-09-24T17:30:35.123Z,1790271035123,2026-09-25,META,METAUSDT,8863.740000000003,0.0025,0.0,90.0,10.0,1790294400000
2026-09-24T17:30:35.123Z,1790271035123,2026-09-25,GOOGL,GOOGLUSDT,61337.58999999999,0.0,3.09,90.0,35.0,1790294400000
2026-09-24T17:30:35.123Z,1790271035123,2026-09-25,SPY,SPYUSDT,13558.12000000001,0.0,0.54,92.0,15.0,1790294400000
2026-09-24T17:30:35.123Z,1790271035123,2026-09-25,QQQ,QQQUSDT,19397.089999999993,0.0,0.99,70.0,42.0,1790294400000
2026-09-24T17:30:35.123Z,1790271035123,2026-09-25,SOXL,SOXLUSDT,369701.25999999896,-0.0062,2.29,82.0,28.0,1790294400000
2026-09-24T17:30:35.123Z,1790271035123,2026-09-25,HOOD,HOODUSDT,43226.960000000014,-0.0496,1.72,94.0,26.0,1790294400000
2026-09-24T17:30:35.123Z,1790271035123,2026-09-25,MRVL,MRVLUSDT,16726.310000000023,-0.1156,0.0,74.0,26.0,1790294400000
2026-09-24T17:30:38.057Z,1790271038057,2026-09-25,TSLA,TSLAUSDT,44114.62000000003,0.0066,0.0,78.0,22.0,1790294400000
2026-09-24T17:30:38.057Z,1790271038057,2026-09-25,NVDA,NVDAUSDT,72484.91999999994,-0.0004,2.47,92.0,31.0,1790294400000
2026-09-24T17:30:38.057Z,1790271038057,2026-09-25,AAPL,AAPLUSDT,22474.05999999999,-0.0002,0.0,82.0,18.0,1790294400000
2026-09-24T17:30:38.057Z,1790271038057,2026-09-25,META,METAUSDT,8863.740000000003,0.0025,0.0,90.0,10.0,1790294400000
2026-09-24T17:30:38.057Z,1790271038057,2026-09-25,GOOGL,GOOGLUSDT,61337.58999999999,0.0,3.09,90.0,35.0,1790294400000
2026-09-24T17:30:38.057Z,1790271038057,2026-09-25,SPY,SPYUSDT,13558.120000000008,-0.0,0.54,92.0,15.0,1790294400000
2026-09-24T17:30:38.057Z,1790271038057,2026-09-25,QQQ,QQQUSDT,19397.089999999993,0.0,0.99,70.0,42.0,1790294400000
2026-09-24T17:30:38.057Z,1790271038057,2026-09-25,SOXL,SOXLUSDT,369701.25999999896,-0.0062,2.29,82.0,28.0,1790294400000
2026-09-24T17:30:38.057Z,1790271038057,2026-09-25,HOOD,HOODUSDT,43226.960000000014,-0.0496,1.72,94.0,26.0,1790294400000
2026-09-24T17:30:38.057Z,1790271038057,2026-09-25,MRVL,MRVLUSDT,16726.160000000025,-0.0009,0.0,74.0,26.0,1790294400000
2026-09-24T17:30:38.706Z,1790271038706,2026-09-25,TSLA,TSLAUSDT,44114.62000000003,0.0066,0.0,78.0,22.0,1790294400000
2026-09-24T17:30:38.706Z,1790271038706,2026-09-25,NVDA,NVDAUSDT,72484.91999999994,-0.0445,2.47,92.0,31.0,1790294400000
2026-09-24T17:30:38.706Z,1790271038706,2026-09-25,AAPL,AAPLUSDT,22474.05999999999,0.0334,0.0,82.0,18.0,1790294400000
2026-09-24T17:30:38.706Z,1790271038706,2026-09-25,META,METAUSDT,8863.460000000005,-0.0158,0.0,90.0,10.0,1790294400000
2026-09-24T17:30:38.706Z,1790271038706,2026-09-25,GOOGL,GOOGLUSDT,61337.58999999999,0.0,3.09,90.0,35.0,1790294400000
2026-09-24T17:30:38.706Z,1790271038706,2026-09-25,SPY,SPYUSDT,13558.12000000001,0.0,0.54,92.0,15.0,1790294400000
2026-09-24T17:30:38.706Z,1790271038706,2026-09-25,QQQ,QQQUSDT,19397.089999999993,0.0,0.99,70.0,42.0,1790294400000
2026-09-24T17:30:38.706Z,1790271038706,2026-09-25,SOXL,SOXLUSDT,369695.419999999,-0.0078,2.29,82.0,28.0,1790294400000
2026-09-24T17:30:38.706Z,1790271038706,2026-09-25,HOOD,HOODUSDT,43226.960000000014,-0.0496,,,,
2026-09-24T17:30:38.706Z,1790271038706,2026-09-25,MRVL,MRVLUSDT,16726.160000000025,-0.0009,0.0,74.0,26.0,1790294400000
2026-09-24T17:33:29.907Z,1790271209907,2026-09-25,TSLA,TSLAUSDT,44103.64000000004,-0.0249,0.0,78.0,22.0,1790294400000
2026-09-24T17:33:29.907Z,1790271209907,2026-09-25,NVDA,NVDAUSDT,72326.21999999993,-0.2189,2.5,92.0,31.0,1790294400000
2026-09-24T17:33:29.907Z,1790271209907,2026-09-25,AAPL,AAPLUSDT,22464.679999999993,-0.0417,0.0,82.0,18.0,1790294400000
2026-09-24T17:33:29.907Z,1790271209907,2026-09-25,META,METAUSDT,8862.960000000005,-0.0056,0.0,90.0,10.0,1790294400000
2026-09-24T17:33:29.907Z,1790271209907,2026-09-25,GOOGL,GOOGLUSDT,61333.40999999998,-0.0068,3.06,90.0,35.0,1790294400000
2026-09-24T17:33:29.907Z,1790271209907,2026-09-25,SPY,SPYUSDT,13557.78000000001,-0.0025,0.53,92.0,15.0,1790294400000
2026-09-24T17:33:29.907Z,1790271209907,2026-09-25,QQQ,QQQUSDT,19390.36999999999,-0.0346,1.0,72.0,42.0,1790294400000
2026-09-24T17:33:29.907Z,1790271209907,2026-09-25,SOXL,SOXLUSDT,369225.86999999895,-0.127,2.28,82.0,28.0,1790294400000
2026-09-24T17:33:29.907Z,1790271209907,2026-09-25,HOOD,HOODUSDT,43232.20000000002,0.0121,1.77,94.0,26.0,1790294400000
2026-09-24T17:33:29.907Z,1790271209907,2026-09-25,MRVL,MRVLUSDT,16727.610000000026,0.0087,0.0,74.0,26.0,1790294400000
2026-09-24T17:33:40.510Z,1790271220510,2026-09-25,TSLA,TSLAUSDT,44103.62000000004,-0.0249,0.0,78.0,22.0,1790294400000
2026-09-24T17:33:40.510Z,1790271220510,2026-09-25,NVDA,NVDAUSDT,72324.23999999993,-0.2217,2.5,92.0,31.0,1790294400000
2026-09-24T17:33:40.510Z,1790271220510,2026-09-25,AAPL,AAPLUSDT,22464.679999999993,-0.0417,0.0,82.0,18.0,1790294400000
2026-09-24T17:33:40.510Z,1790271220510,2026-09-25,META,METAUSDT,8862.960000000005,-0.0056,0.0,90.0,10.0,1790294400000
2026-09-24T17:33:40.510Z,1790271220510,2026-09-25,GOOGL,GOOGLUSDT,61333.40999999998,-0.0068,3.06,90.0,35.0,1790294400000
2026-09-24T17:33:40.510Z,1790271220510,2026-09-25,SPY,SPYUSDT,13556.18000000001,-0.0143,0.53,92.0,15.0,1790294400000
2026-09-24T17:33:40.510Z,1790271220510,2026-09-25,QQQ,QQQUSDT,19390.36999999999,0.0,1.0,72.0,42.0,1790294400000
2026-09-24T17:33:40.510Z,1790271220510,2026-09-25,SOXL,SOXLUSDT,369223.48999999894,-0.0006,2.28,82.0,28.0,1790294400000
2026-09-24T17:33:40.510Z,1790271220510,2026-09-25,HOOD,HOODUSDT,43232.20000000002,0.0,1.77,94.0,26.0,1790294400000
2026-09-24T17:33:40.510Z,1790271220510,2026-09-25,MRVL,MRVLUSDT,16726.010000000024,-0.0096,0.0,74.0,26.0,1790294400000
2026-09-24T17:34:06.306Z,1790271246306,2026-09-25,TSLA,TSLAUSDT,44101.34000000004,-0.0052,0.0,78.0,22.0,1790294400000
2026-09-24T17:34:06.306Z,1790271246306,2026-09-25,NVDA,NVDAUSDT,72323.19999999994,-0.0014,2.5,92.0,31.0,1790294400000
2026-09-24T17:34:06.306Z,1790271246306,2026-09-25,AAPL,AAPLUSDT,22472.759999999995,0.036,0.0,82.0,18.0,1790294400000
2026-09-24T17:34:06.306Z,1790271246306,2026-09-25,META,METAUSDT,8859.240000000005,-0.042,0.0,90.0,10.0,1790294400000
2026-09-24T17:34:06.306Z,1790271246306,2026-09-25,GOOGL,GOOGLUSDT,61329.05999999999,-0.0071,3.06,90.0,35.0,1790294400000
2026-09-24T17:34:06.306Z,1790271246306,2026-09-25,SPY,SPYUSDT,13556.17000000001,-0.0001,0.53,92.0,15.0,1790294400000
2026-09-24T17:34:06.306Z,1790271246306,2026-09-25,QQQ,QQQUSDT,19390.36999999999,0.0,1.0,72.0,42.0,1790294400000
2026-09-24T17:34:06.306Z,1790271246306,2026-09-25,SOXL,SOXLUSDT,369112.18999999895,-0.0301,2.28,82.0,28.0,1790294400000
2026-09-24T17:34:06.306Z,1790271246306,2026-09-25,HOOD,HOODUSDT,43215.60000000002,-0.0384,1.78,94.0,26.0,1790294400000
2026-09-24T17:34:06.306Z,1790271246306,2026-09-25,MRVL,MRVLUSDT,16723.690000000024,-0.0139,0.0,74.0,26.0,1790294400000
2026-09-24T17:34:06.877Z,1790271246877,2026-09-25,TSLA,TSLAUSDT,44101.34000000004,-0.0052,0.0,78.0,22.0,1790294400000
2026-09-24T17:34:06.877Z,1790271246877,2026-09-25,NVDA,NVDAUSDT,72323.57999999993,-0.0037,2.5,92.0,31.0,1790294400000
2026-09-24T17:34:06.877Z,1790271246877,2026-09-25,AAPL,AAPLUSDT,22472.759999999995,0.036,0.0,82.0,18.0,1790294400000
2026-09-24T17:34:06.877Z,1790271246877,2026-09-25,META,METAUSDT,8859.240000000005,-0.042,0.0,90.0,10.0,1790294400000
2026-09-24T17:34:06.877Z,1790271246877,2026-09-25,GOOGL,GOOGLUSDT,61329.05999999999,-0.0071,3.06,90.0,35.0,1790294400000
2026-09-24T17:34:06.877Z,1790271246877,2026-09-25,SPY,SPYUSDT,13556.17000000001,-0.0001,0.53,92.0,15.0,1790294400000
2026-09-24T17:34:06.877Z,1790271246877,2026-09-25,QQQ,QQQUSDT,19390.36999999999,0.0,1.0,72.0,42.0,1790294400000
2026-09-24T17:34:06.877Z,1790271246877,2026-09-25,SOXL,SOXLUSDT,369112.18999999895,-0.0301,2.28,82.0,28.0,1790294400000
2026-09-24T17:34:06.877Z,1790271246877,2026-09-25,HOOD,HOODUSDT,43215.60000000002,-0.0384,1.78,94.0,26.0,1790294400000
2026-09-24T17:34:06.877Z,1790271246877,2026-09-25,MRVL,MRVLUSDT,16723.690000000024,-0.0139,0.0,74.0,26.0,1790294400000
